0.553327616183703 -0.169623638144543 0.222589495842262 3.13457562438346 0.0511832981524848 -1.5640562912678 0.147064257019862 0.140180120099237 -0.221290380140637
0.553056982148747 -0.169208582353996 0.222919207049605 3.13389231267035 0.0514660096668644 -1.56067425178819 0.14068938703952 0.143329946277141 -0.201940575575097
0.552789438213575 -0.168797884146944 0.223245633063862 3.13321517236889 0.0517435174126369 -1.55732815313059 0.13432482816872 0.146440344644466 -0.182619001244707
0.552526381525056 -0.168393489709974 0.223567420319238 3.13254703103599 0.0520138935971117 -1.55403398776312 0.12797650593918 0.149493337758067 -0.163341394316119
0.552269893598728 -0.167998288936144 0.223882604583556 3.13189211632482 0.0522744360727611 -1.55081547917182 0.121653809932992 0.152462024521258 -0.144132483168684
0.552023091057753 -0.167616594609526 0.224188322117041 3.1312567806901 0.0525213505990486 -1.5477079964722 0.115371669999551 0.155305913412184 -0.125031259006
0.551790653450179 -0.16725486106581 0.224480388050679 3.13065059602925 0.0527493161341212 -1.54476441944593 0.109153876481805 0.157963819619483 -0.10609932538371
0.551579602581481 -0.166922741235529 0.224752695364561 3.13008797678533 0.0529509151708114 -1.54206375535257 0.103038332595753 0.160343222469578 -0.0874339608535721
0.551400411361177 -0.166634583568402 0.224996396650862 3.12959050138641 0.0531159481562637 -1.53972332473827 0.0970851800584919 0.162304813571055 -0.0691880565052281
0.551268471695632 -0.166411400675502 0.225198888217112 3.12919000799521 0.0532307558248986 -1.53791475649201 0.0913888441672523 0.163641396753853 -0.0515991492959166
0.551205759483186 -0.166283075909179 0.225342793253864 3.12893215272304 0.0532779174392793 -1.536881853684 0.086094475345382 0.164052508834262 -0.0350279995025435
0.551242024910081 -0.166289876467435 0.225405562714604 3.12887906889215 0.0532371722646998 -1.53695269152998 0.0814167645758179 0.163122516207784 -0.020000434799447
0.55141378533673 -0.16648091851543 0.225361105347226 3.12910757661884 0.0530891363200555 -1.53852671560835 0.0776524460919881 0.160323886564191 -0.00722923884573744
0.551757891886139 -0.166905220174655 0.225185839423003 3.12969620192906 0.0528238939022811 -1.5420013072223 0.075165195603403 0.155088908301815 0.00243764293596028
0.552295939361934 -0.167590394900897 0.224871441084927 3.13069305267281 0.0524551906995607 -1.5475977552257 0.0743086638815209 0.147004894589195 0.00822431619833514
0.553010251692112 -0.168510235515668 0.224442396502847 3.13206562475983 0.0520351322896137 -1.55509742569361 0.0752657703253763 0.136137065751734 0.0098316999055979
0.553824654173298 -0.169559368779391 0.223966891302205 3.13365955423214 0.0516551331064964 -1.5636369086573 0.0778579869036202 0.123319767020528 0.00788779746887363
0.554613612830095 -0.170566788540273 0.223543890904137 3.135215651388 0.0514190359235665 -1.57182097155619 0.0814857379312688 0.110097629136974 0.00403928696151623
0.555247532767077 -0.171358006959626 0.223264745891433 3.13646286199178 0.0513974269100658 -1.57823075418256 0.0853310614017638 0.0981711213011128 0.000392033105749704
0.555644188520483 -0.171824388419225 0.223175993325925 3.13722594807608 0.0515975942639054 -1.58198783791684 0.0887105935398898 0.0887039204582405 -0.00137512799574449
0.555787347039368 -0.171947212483925 0.223271307369514 3.13746628046817 0.0519710988380914 -1.58294752966119 0.0913036782602004 0.0820230537980203 -0.00053773069797494
0.555709219822175 -0.17177286982529 0.223510181855715 3.13724705659809 0.0524442881285942 -1.58149431709675 0.0931360074942747 0.0778073901691973 0.00276019836970979
0.55546207417138 -0.171374001827992 0.223841606479786 3.13667481459185 0.0529452523613692 -1.5782242802563 0.094426628082536 0.0754557316849922 0.00790425900409127
0.555098831466712 -0.170823272477408 0.224218624416087 3.13585882687763 0.053416431168693 -1.57373150791901 0.0954406159355253 0.0743621325441127 0.0141668964357001
0.554665771656858 -0.170183664270478 0.224603137163613 3.13489545367621 0.0538166328951873 -1.56852946034967 0.0964030480161115 0.0740369466528312 0.0209013337081556
0.554202380534444 -0.169508398680073 0.224965602578877 3.13386744257785 0.0541190642427296 -1.56305067550522 0.097465199699355 0.0741257965419957 0.0276081043662271
0.553743347156915 -0.168843700122204 0.225283450416758 3.13284783906535 0.0543091633274799 -1.55766954951968 0.0986994671801279 0.0743865018181666 0.0339397898765933
0.553319981409605 -0.16823075530543 0.225539954072235 3.13190277795439 0.0543832114770923 -1.55271859553786 0.100107237405608 0.0746583616475949 0.0396862131613012
0.552960173357919 -0.167705732840984 0.225723868662563 3.13109127341587 0.0543472914238328 -1.54848904984463 0.101632927753128 0.0748368993288052 0.0447569129593074
0.552687103130547 -0.167298175185393 0.225829482952005 3.13046241503659 0.0542158429367005 -1.54521840096313 0.103181861095327 0.0748563053917324 0.0491634136085004
0.552517439869977 -0.167028757255197 0.225856573919765 3.1300515082386 0.0540093584083604 -1.54307287461111 0.104640310913655 0.0746778308563074 0.0529990261858311
0.552459870308463 -0.166907514637509 0.225809897939368 3.12987692580284 0.0537512919900913 -1.54213371885692 0.10589517639052 0.0742817672489291 0.0564146068494014
0.552514548478751 -0.166933296201833 0.225698145202435 3.12993891965901 0.0534647202443137 -1.54239328206933 0.106850222722242 0.0736614006810837 0.0595912586161288
0.552673608230034 -0.167094599017154 0.225532568065078 3.13022069555224 0.0531694768666545 -1.54376205145397 0.10743653975862 0.0728184110419438 0.0627127490157601
0.552922452352134 -0.167371391741437 0.225325647156543 3.13069115029961 0.0528803516843783 -1.54608337859844 0.107616600691957 0.0717600816241213 0.0659401743517399
0.553241311196441 -0.167737261613945 0.22509014483476 3.13130820553492 0.0526066312162631 -1.54915043070576 0.107383151431492 0.0704992011749813 0.0693894088034696
0.553606607020632 -0.168161294132771 0.224838761291055 3.13202176565363 0.0523529584509049 -1.5527204692879 0.106755314651367 0.0690576985795734 0.0731094165901449
0.553991908816777 -0.168609426654704 0.224584427846792 3.13277585528554 0.0521213193626619 -1.55652418245232 0.105774451793272 0.0674748720755422 0.0770580974165066
0.554368616436874 -0.1690454704369 0.224341084085543 3.13351023789721 0.0519139003974086 -1.5602714389898 0.104501639347933 0.0658203591284728 0.0810733527036969
0.554706879909067 -0.169432444329959 0.224124580894418 3.13416257826058 0.0517364679097423 -1.56365860639085 0.103017342123156 0.0642102251432945 0.0848417230417019
0.554977519344173 -0.169735149628267 0.223953118826333 3.13467272311987 0.0516016302386602 -1.56638538114507 0.101422184544573 0.0628211978422685 0.0878758122043503
0.555155629589432 -0.169924751617822 0.223846454754496 3.13499044364398 0.0515308112124878 -1.56818867402538 0.0998359322057767 0.0618936109348134 0.0895225075374828
0.55522580792268 -0.169985146965774 0.223823251633939 3.135086355924 0.0515532973659792 -1.5688941286066 0.0983908346195587 0.0617111046563113 0.0890283180861237
0.555187474520277 -0.169919086060034 0.223896730939982 3.1349626603105 0.0517010792800413 -1.56847127202527 0.0972170199712066 0.06255032669776 0.085672309209437
0.555057378619305 -0.169750465734038 0.224070124524998 3.13465760159018 0.0520000635416853 -1.5670636067497 0.0964225990094433 0.0646101791933248 0.0789357161233204
0.554866713630729 -0.169519868362321 0.224334345065724 3.13423850348891 0.0524609269941605 -1.56496634907506 0.0960769975871225 0.0679495238385553 0.0686339183554364
0.554653031461878 -0.169273991128362 0.224669549040985 3.13378419334307 0.0530740579628905 -1.56255069829412 0.0962070014824314 0.0724657007011313 0.0549372670999397
0.554450462035364 -0.169053558537034 0.225049974590934 3.1333644458993 0.0538109002422747 -1.56016726185098 0.0968081588237343 0.0779240748273223 0.0382690247345035
0.554282576298454 -0.168884989482 0.225449521433828 3.13302546811511 0.0546300956359577 -1.55807199197037 0.0978647188278816 0.0840180750732064 0.0191430708921217
0.554160005521524 -0.168778098334247 0.225845621307606 3.13278552962977 0.0554845719805048 -1.55639779599835 0.099367291802902 0.0904266353148272 -0.00197264876865037
0.554082033481164 -0.168728562397738 0.226220539587199 3.1326387970894 0.0563265568565797 -1.55516620326138 0.101320674867111 0.0968475373506879 -0.0247154179408854
0.554040051180591 -0.168722440949583 0.226560747868215 3.13256284382428 0.0571098316444352 -1.55431900931541 0.103740060346522 0.103004934691179 -0.0488073798637399
0.554021128156201 -0.168740649219427 0.226855552100145 3.13252624591951 0.0577903292006237 -1.55375223524518 0.106637760477219 0.108641990972396 -0.073982043283749
0.554010923007615 -0.168762553897617 0.227095955432093 3.13249477752593 0.0583267276103321 -1.55334388918686 0.110004167930084 0.113512193308478 -0.0998909433385179
0.553995876736599 -0.168768733777193 0.227274282429032 3.13243621069762 0.058682321758528 -1.55297434797728 0.113787528534975 0.117379650891394 -0.126021477123699
0.553964883148438 -0.168743204817796 0.227384665618569 3.13232417753003 0.0588286027702378 -1.55254116717643 0.117878212899169 0.120033189485809 -0.151653907920628
0.553910545591858 -0.1686752334983 0.227424143814951 3.13214127379009 0.058749919874926 -1.55196984690805 0.122103876147271 0.121312606625881 -0.175879946369783
0.553829932350868 -0.168560550339658 0.227393856341935 3.13188107395886 0.0584476525542477 -1.55122050167875 0.126240471899975 0.121139011163808 -0.197691059536725
0.553724634291824 -0.168401601860892 0.22729972089672 3.1315484562584 0.0579419650363537 -1.55028925306562 0.130039434130272 0.11953708198634 -0.216120420988224
0.553600020199048 -0.168206611288898 0.227152154195662 3.13115788144431 0.0572698528083178 -1.54920351926094 0.133264742396337 0.116638306827337 -0.230397564850135
0.553463841153511 -0.167987612440493 0.226964806746451 3.1307299460081 0.0564796773072091 -1.54801210209241 0.13572874268677 0.112661449977349 -0.240065278173861
0.553324585553737 -0.167758026747031 0.226752726846299 3.13028720803891 0.0556239124721714 -1.54677287692119 0.137315964978639 0.107876095357246 -0.245023112879209
0.553190059828495 -0.167530501314449 0.22653058783002 3.12985051382253 0.0547524828420447 -1.54554163810007 0.1379897875291 0.102561471830985 -0.245493348799556
0.553066535446327 -0.167315549321853 0.226311509729169 3.12943674007354 0.053908583879172 -1.54436487058386 0.137784063712903 0.0969726937116827 -0.241934344181764
0.552958577294238 -0.167121196071022 0.226106699123659 3.1290583040542 0.0531277440229407 -1.54327767785272 0.13678669002116 0.0913215015949897 -0.234938659884231
0.552869498871637 -0.166953556934473 0.225925811388864 3.12872436757863 0.0524398437480679 -1.54230690430261 0.135123005655348 0.085772602668671 -0.225148730759083
0.552802342684918 -0.166818165915018 0.225777708698021 3.12844355767941 0.0518732069739205 -1.54147923050558 0.132944972269162 0.080452877401986 -0.213210466354789
0.552761321245733 -0.166721885493046 0.225671104534046 3.12822815565159 0.0514595408471415 -1.54083446652376 0.130429070731402 0.075469536784659 -0.19977403634077
0.55275365187901 -0.166675187119736 0.225614336426156 3.12809972943922 0.0512378727346164 -1.54044439095897 0.127782366979313 0.0709331463677833 -0.185543360743526
0.552791470780535 -0.166694230911302 0.225613160664597 3.12809548073432 0.0512541416990724 -1.54043521104483 0.12525097314066 0.0669795493756685 -0.171364506917742
0.552892764422301 -0.166801227765831 0.225665376856414 3.1282722862778 0.0515509459680415 -1.54100393054282 0.123116172892137 0.0637785633846897 -0.158313320078581
0.553079074600519 -0.167020298048263 0.225752443234504 3.12870147439043 0.0521420368123538 -1.54240478543912 0.121653325360983 0.0615085300213764 -0.147684732653862
0.553367515221697 -0.167366423361581 0.225832505712809 3.12944578072795 0.0529755037248657 -1.54487425049729 0.121034582449825 0.0602789258131778 -0.140742951637738
0.55375838478773 -0.167830567656928 0.225844414421835 3.13052036205689 0.0539112412594699 -1.54849598549134 0.12120638595736 0.0600239543425207 -0.138201190588376
0.554227140294659 -0.168372883580021 0.225728874898584 3.13186357119757 0.0547496008540023 -1.55309002479697 0.121846356934824 0.0604558260309329 -0.139733252755662
0.554730653625686 -0.168934728587968 0.225455686741249 3.13335051420391 0.0553110986441538 -1.55824437739943 0.122484564252706 0.0611583180958804 -0.144014120163758
0.555224774365029 -0.169462367777641 0.225034911854054 3.13484507658711 0.0555079686378771 -1.56348578638521 0.122716168949345 0.0617696240721332 -0.14936057013999
0.55567851140317 -0.169922974846333 0.224505416517631 3.1362466138868 0.0553545046994774 -1.56844371912793 0.122337173442316 0.0621126738116843 -0.154436602332051
0.556076112963186 -0.170304309102679 0.223915721743371 3.13750124381523 0.0549285546761756 -1.57289725309158 0.121339172525805 0.0622108846278477 -0.158547659878994
0.556410643779916 -0.170604890841543 0.223312251880217 3.13858564505007 0.054328652999744 -1.57672377121926 0.119830778999565 0.0622422831363065 -0.161545553649858
0.556675954626123 -0.170823747867625 0.222737839968772 3.13948407520489 0.0536512802138048 -1.57981847469795 0.117965421856993 0.0625017534560526 -0.16360180424753
0.556860503419178 -0.170953420874571 0.222236282973939 3.14017012881814 0.0529872998989028 -1.58202647560263 0.115904002776464 0.0633985889497087 -0.165018803219089
0.556943657886687 -0.170976299916002 0.221858285737745 3.14059571693768 0.0524278602269248 -1.58309970721457 0.11380563883689 0.0654799401657778 -0.166110915432759
0.556895052686883 -0.17086437195847 0.221664742300716 3.14068850013817 0.0520703880205152 -1.5826884477637 0.111830420141285 0.0694471100336535 -0.167123043785565
0.556679297034368 -0.170584406872161 0.221722143230749 3.14036303302194 0.0520155397078977 -1.58039467850661 0.11013791184016 0.0761047667850857 -0.168146582902229
0.556269765265932 -0.170112134848689 0.22208340031257 3.1395545582668 0.0523451924631637 -1.57592901002273 0.108865447959728 0.0861590480475035 -0.169018196848443
0.555672257839047 -0.169455969187951 0.22275184304324 3.13827735097782 0.0530774554396328 -1.5693777350916 0.108077212769014 0.0998201835955791 -0.169244982037922
0.554947716918611 -0.168679223774412 0.223644126859626 3.13668106486609 0.0541178083687356 -1.56145430293661 0.107702353385994 0.116358296746061 -0.168066048561368
0.554210275206485 -0.167897231444887 0.224589338821959 3.13504660725155 0.055254516044648 -1.55346649500927 0.107518665291971 0.134020167044972 -0.164728997557753
0.553587556916274 -0.167237012356103 0.225387747702602 3.13368891390205 0.0562312846019053 -1.54685785355314 0.10722868188318 0.150611001856866 -0.15885308564499
0.553168118261111 -0.166785067739438 0.225893723419644 3.13282745876537 0.056854746856025 -1.5426132764511 0.10658797742091 0.164408959205991 -0.15058585280699
0.552977209951999 -0.166564212748901 0.226057968990913 3.13252600381954 0.0570529378516584 -1.54099416256729 0.105486003040578 0.174693759535607 -0.140434335426143
0.552990222214116 -0.166547930157621 0.225910768305698 3.13272514872746 0.0568578432501485 -1.54170038454703 0.103937549973385 0.181625826607391 -0.128957459268576
0.553160630588491 -0.166688623542438 0.225520197901483 3.13331089532376 0.0563535801185191 -1.54419084747549 0.102027028331231 0.185804887715367 -0.116540218423656
0.553440831574657 -0.166938350316888 0.224959555466081 3.13416592871744 0.0556347347305706 -1.54791869179007 0.0998589201556625 0.187883619011182 -0.103297104693234
0.553790479765734 -0.167256995398363 0.224293810691126 3.13519014514941 0.0547887891407853 -1.55242316051211 0.0975343882958034 0.18835568458544 -0.0890374986051505
0.554175780853321 -0.167611562182071 0.223580553609457 3.13629880850495 0.0538976381155636 -1.55731920594922 0.0951503595317802 0.187467999442454 -0.073225938299712
0.554563662073923 -0.167970606661068 0.222879473178232 3.13740799034835 0.0530505612118665 -1.56222989817744 0.0928125176720758 0.185182525032608 -0.0549229593404979
0.554913095995124 -0.168296109089726 0.2222662596357 3.13841307861314 0.0523624004058767 -1.56668765493649 0.0906543747163663 0.181157518562971 -0.0327783372908202
0.555166695176688 -0.168535677278578 0.221844388171482 3.13916856315543 0.051985830367167 -1.57004014993331 0.088848894599354 0.174796135219075 -0.00529345247797857
0.555251635744371 -0.168623268610516 0.221737663414534 3.13949232759131 0.052091294089124 -1.57146425286719 0.0875824989070297 0.165505617104436 0.0282984205154842
0.555105447027136 -0.168502425615778 0.222038036998422 3.13923298903247 0.0527811523675364 -1.57026301720897 0.0869559435388033 0.153283442759211 0.0665126603571772
0.554726245912922 -0.168171564209905 0.222717940866414 3.13839632878425 0.0539652611579008 -1.56643538545393 0.0868482158782688 0.139309467188529 0.104742474401501
0.554198849091485 -0.167707402345442 0.223599711530035 3.13720591966078 0.0553423579603677 -1.56096272841022 0.0869074398870087 0.125696183596049 0.137057558917435
0.553648235133489 -0.16722279707507 0.224455216550353 3.13597974534031 0.0565719436300387 -1.55526925680016 0.0867528712624854 0.114273422996915 0.15977950960624
0.553165382014784 -0.166799777770207 0.225136670886883 3.13494307708947 0.0574623130823125 -1.55038008137938 0.0861816903061247 0.105688843424855 0.172982967170783
0.552781165975056 -0.166466077657713 0.225609187589125 3.1341672037965 0.0579952610493773 -1.54663363313973 0.0851859160028419 0.0995967379480926 0.179000193069823
0.552486694838609 -0.166213579720089 0.22590440726898 3.13362431210487 0.0582421694711899 -1.54391942280204 0.083851638097769 0.0953017584572684 0.18043434818434
0.552259918539076 -0.166022397858087 0.226071001588555 3.13325550336385 0.0582884613481605 -1.54198208124573 0.0822729374658685 0.0921851967873107 0.17923416467142
0.552080444104372 -0.16587433274647 0.226150127727557 3.13300763029482 0.058200401533938 -1.54058901812632 0.0805152589341737 0.0898398877049865 0.176613604679888
0.551934762861594 -0.165757779079155 0.226168660392483 3.13284561821863 0.0580182397492171 -1.53958899053687 0.0786089173793972 0.0880718536141508 0.173253196025401
0.551817806440611 -0.165669543350529 0.226139022310143 3.13275540555169 0.0577577894354248 -1.53892935502179 0.0765546270991607 0.0868849881390115 0.169494913365296
0.551734652958525 -0.165617192460449 0.226059583570789 3.13274681040411 0.0574119600356524 -1.53867488823349 0.0743375575964913 0.0864948906545214 0.165452917417734
0.551703995652269 -0.165623535694363 0.225913968903245 3.13285984218553 0.0569509122332635 -1.53904497213787 0.0719599923093988 0.0873717570074477 0.16103561863676
0.551762234617742 -0.165731920176751 0.225671458457046 3.13317143302094 0.0563258420111501 -1.54045345292403 0.0695122587360143 0.0902539224319275 0.155897082750528
0.551961187474254 -0.166004228406415 0.22529600219624 3.13378699155356 0.0554893709804063 -1.54346924533569 0.0672876799409737 0.0959679691161054 0.149388459030878
0.55234535230143 -0.166494914222967 0.224773889494807 3.13478804451503 0.0544454470937752 -1.54854372061569 0.0658619291426258 0.104840698421131 0.140696967122138
0.552906130635451 -0.167197195499071 0.224151501444029 3.13613605904686 0.0533042770972411 -1.5554986665521 0.0659303714511027 0.115893142063399 0.129355421929067
0.553556587598542 -0.16801179782354 0.22353584114216 3.13762987351868 0.052260417346239 -1.56328683748027 0.0678477352822078 0.126842536766603 0.115801947757903
0.554177251751359 -0.168798927320246 0.223031879759738 3.13901473916157 0.0514733520431828 -1.57055743630987 0.0713347861085821 0.135469188231318 0.101215966808501
0.554688241283698 -0.169463233970051 0.222683600395256 3.14013352994115 0.0509816271325157 -1.57646255285397 0.075744652587814 0.14089750985712 0.0867072845480555
0.555068251653275 -0.169977820867211 0.222478686796328 3.14095604701458 0.0507320648436384 -1.58082668517417 0.08050755833752 0.143501431653274 0.0728114393772783
0.555327035811045 -0.170353065531158 0.222385514353403 3.14151370848405 0.0506495506892879 -1.58380821367277 0.0853038337603911 0.144120772558405 0.0595753118193813
0.555476371191632 -0.170602686283439 0.222378822512057 3.14183752822829 0.0506764018983584 -1.58557024795954 0.0900041812156065 0.143534074705158 0.0468253327127401
0.555515581987473 -0.170726498722943 0.222447857583703 3.14192955158368 0.0507801957245581 -1.58612571834562 0.0945610207321633 0.142319820816209 0.0343447704445828
0.555427237445344 -0.170705054045522 0.222595884490076 3.14175595214306 0.0509493359975871 -1.5852963338204 0.0989255342702286 0.140903727212542 0.0219471691764282
0.555178851751919 -0.170501201556252 0.222836252047255 3.14125243364793 0.0511866219282288 -1.58273499388722 0.102989111515877 0.139647395947749 0.0095066565767233
0.554732760727501 -0.17007088943272 0.223184325970604 3.14034646031802 0.051501938905091 -1.57803446785094 0.106541017464298 0.138915840445279 -0.00300889757921455
0.554070455114603 -0.169390454332047 0.223642104769075 3.13900883860972 0.051901309337713 -1.57099103956712 0.109262996222329 0.139080482192469 -0.015487872658982
0.553230328818238 -0.168499767929203 0.224177405730554 3.13733081634146 0.0523717029942248 -1.56201337965252 0.110815398653612 0.140413817398435 -0.0276435771164418
0.552331324575903 -0.167530617009209 0.224714534528057 3.13556807169799 0.0528708663294827 -1.55238080321047 0.111036021906597 0.14290242719633 -0.0390860800070861
0.551538421838632 -0.16666968464882 0.225159320804621 3.13406276674758 0.0533384132702667 -1.54387421520766 0.110116095606012 0.146159508024817 -0.0495251338407156
0.550978037768167 -0.166063146501499 0.225448123601136 3.13306714414781 0.0537263260174616 -1.53786343634719 0.108536186557408 0.149607943710859 -0.0589475878682202
0.550682941118582 -0.165752380740499 0.225573872982251 3.13263553964246 0.0540201067185167 -1.53470929507892 0.106793120221639 0.15279171397278 -0.0675868875415162
0.550610303357397 -0.165692253023824 0.225569963124133 3.13266861244248 0.0542334125977238 -1.53395493088045 0.105192388976973 0.155523590907668 -0.0757471573972281
0.550691628440826 -0.165806942710224 0.225479972927571 3.13301900996669 0.0543902307410432 -1.53486367144625 0.10383441334411 0.157823855740044 -0.0836682293585572
0.550866896705785 -0.166029015388395 0.225339389869613 3.13356078510914 0.0545121696675008 -1.53678833637724 0.1027008514958 0.159798971929374 -0.0914941598701075
0.551094846697244 -0.166311690134384 0.225171461238597 3.13420872179322 0.0546143406703981 -1.53928325852616 0.101734194131021 0.161561410035717 -0.0992989544260784
0.551350713312983 -0.16662669744195 0.224989607272932 3.13491234808532 0.054705939735176 -1.54208051058312 0.100880074463021 0.163199904332641 -0.107122203811976
0.551620931633698 -0.16695848154028 0.22480095924499 3.13564438354294 0.0547920605247346 -1.5450329604715 0.100103145641731 0.16477792862889 -0.114998514431809
0.551898674792776 -0.167299222901393 0.224609087168949 3.13639133715542 0.0548752515290505 -1.54806604842203 0.0993928244136268 0.166342332670825 -0.122982777703396
0.552180917716388 -0.167645538039223 0.22441573392723 3.13714745035141 0.0549564702021567 -1.55114584517147 0.0987706239134808 0.167932588339194 -0.131178026661451
0.552466590503937 -0.167996388280175 0.224221904177671 3.13791094757462 0.055035453120162 -1.55425872639011 0.0983076894609097 0.169583844126655 -0.139769998378133
0.552755022570182 -0.168351261264508 0.224028755647921 3.13868085428638 0.0551105436081809 -1.55739413229943 0.0981604248596625 0.171312159124733 -0.149061272604771
0.553043558491278 -0.168707240741325 0.223838778171734 3.13945195619722 0.055177977161651 -1.560518689986 0.0986288938488556 0.173056905938269 -0.159467191279593
0.55332285588677 -0.169053042532619 0.223657724054809 3.14020462210772 0.0552307846365731 -1.56352663903607 0.10022268372006 0.174538286656158 -0.171369110609775
0.553569061489304 -0.169358865027114 0.223497167051033 3.14088760254874 0.0552582977663058 -1.5661598622288 0.103653593543815 0.17500459242563 -0.184636274233093
0.553737160712864 -0.169567336656829 0.223375307508825 3.14140294191685 0.0552490064606905 -1.56794522040105 0.109563596301013 0.173004613548034 -0.197728150270879
0.553770514189076 -0.169604838952325 0.223310398747949 3.14162582237805 0.0551996849268144 -1.56830544629759 0.117852431837294 0.166673565232847 -0.207036637859363
0.553638363055813 -0.169429295463634 0.223305506554107 3.14148613528063 0.0551255365358713 -1.56695415087345 0.127106914731862 0.154940677373847 -0.208102192995886
0.553369850223894 -0.169075260797075 0.22334033442455 3.14104435470318 0.0550558164028868 -1.56423237719744 0.135180588899203 0.1386699587176 -0.19873085764439
0.553034874061408 -0.168631347936271 0.223384915134986 3.14045185011014 0.0550146034418567 -1.56088439439665 0.140624243109046 0.1200911998882 -0.180463055412844
0.552694996518606 -0.168177464773305 0.223418853154949 3.1398438467099 0.0550095766209362 -1.55754386365146 0.143275520793509 0.101213337765091 -0.156689432673354
0.552381168786098 -0.167755094066835 0.223436008169764 3.13928947348427 0.0550369719256173 -1.55451672820482 0.143722078640147 0.083071657528693 -0.130315271199946
0.552101362827292 -0.167376231071306 0.223438820290016 3.13880742339445 0.0550904916473653 -1.55187239513732 0.142648287108951 0.0659527306583411 -0.103012990495443
0.551854174690397 -0.167040687537925 0.223432668964183 3.13839536833587 0.0551662710385198 -1.5495887876352 0.140549160290065 0.0498329279271043 -0.0755039172095361
0.551637499137299 -0.166747439094826 0.223423296846474 3.13804891711802 0.0552645315070837 -1.54764209689742 0.137694087518735 0.03467061868712 -0.0479926204715389
0.551452826059193 -0.166500453967732 0.223416254925852 3.13777098788241 0.0553902222143119 -1.54605033735146 0.134163606190848 0.0205683508072521 -0.0204587797676505
0.551307841465189 -0.166312325168854 0.22341705450073 3.13757730266408 0.0555538218305243 -1.54489949497482 0.129882527316126 0.00790029108000017 0.00717391827508691
0.551218886405346 -0.166207537493925 0.223431104246652 3.13750131418894 0.0557722427588781 -1.54436779231863 0.124640234738823 -0.00252815075306474 0.0349044567374249
0.551212926384519 -0.166224478158181 0.223462442177391 3.13759780353915 0.0560682182443384 -1.54474257295586 0.118129227087743 -0.00928460917794863 0.0624707220514211
0.551325355695895 -0.1664105399684 0.22350988323999 3.13793747370006 0.0564638582134936 -1.54638846500665 0.110076549636185 -0.0102256779998369 0.0890626755532119
0.551585333759941 -0.166798744357319 0.223559997674794 3.13857568049085 0.05696198908407 -1.54957896086039 0.100564279060047 -0.0029696470457512 0.113037119562092
0.551983223827839 -0.167360784244546 0.223581626014837 3.13948546985996 0.0575174254519909 -1.55414504753878 0.0904739109115266 0.0135284838622961 0.132105782949126
0.552442651980723 -0.167973188574959 0.223534462407446 3.14050326640561 0.0580288275267205 -1.55920275812644 0.0815324019346518 0.0369558986536583 0.144550159553792
0.552847293553943 -0.168466240741233 0.223394799015516 3.14138893285896 0.0583886287233752 -1.56348832243604 0.0754181866457006 0.0618796153017427 0.150738418667296
0.55311533795121 -0.168733214157862 0.223171972619214 3.14197973413514 0.0585534579958858 -1.56616970619874 0.0726579721089349 0.0831713143268306 0.152986782500365
0.55323676348996 -0.168774745678294 0.222895376033164 3.14226238862146 0.0585530553532814 -1.56720649772473 0.0726079874203664 0.0987889881261465 0.153811064706008
0.553246725956964 -0.168652012134474 0.222592552468276 3.14231425036537 0.0584452072307251 -1.56702482316092 0.0742519633736599 0.109360992967401 0.154706388542057
0.553187213528969 -0.168430236869234 0.222280223754038 3.14222390380238 0.0582788470700691 -1.56609823600382 0.0767831651602213 0.116450766277529 0.156175445462707
0.553089434489231 -0.168155684028614 0.221966214704777 3.14205612716413 0.058084596195786 -1.56476829444542 0.079720854920423 0.121458104691334 0.158215771963756
0.552972342236939 -0.167855774855174 0.221653789408036 3.14184995838511 0.0578791206222719 -1.56323837117378 0.0828176082826188 0.125322415964355 0.160681403152139
0.552846362253788 -0.167545727740373 0.221344826455225 3.14162698167598 0.0576715077063432 -1.56161887645537 0.0859496989565152 0.12858547233594 0.163443426943969
0.552717117279749 -0.167234618841629 0.221041755351938 3.14139933225907 0.0574680406507099 -1.55996934405335 0.0890423772358637 0.131523798459718 0.166436900155459
0.552588004668903 -0.16692968996387 0.220749014324685 3.14117529237092 0.0572754929683927 -1.55832683835345 0.0920240167706191 0.134251935108587 0.169665359432171
0.55246184991492 -0.16663954850863 0.220474686018079 3.14096308278442 0.0571038265268292 -1.55672409812394 0.0947938869920998 0.136782929976404 0.173194543046096
0.552342057888792 -0.16637704927264 0.220232712502204 3.14077377544457 0.0569689634048777 -1.55520234287629 0.0971929699740684 0.13905656095194 0.17714025623131
0.552233534734751 -0.166162236396774 0.220045703721664 3.14062382344488 0.056895731940561 -1.55382165693075 0.0989751510515688 0.140950212408364 0.18163727544034
0.552143366836443 -0.166024827709347 0.219947476142907 3.14053684745203 0.056919970968164 -1.552668347713 0.0997885638631416 0.142290397038029 0.186759916854374
0.552080775261607 -0.16600396869168 0.219982563456252 3.14054283247581 0.0570866638219187 -1.55185300571262 0.0991983302760726 0.142890599126706 0.19235440813802
0.552055242731639 -0.166140454314212 0.220197137011936 3.14067097255974 0.0574382385332341 -1.55148570537001 0.0968081950862836 0.142647890755144 0.197768232800086
0.552071600862027 -0.166456106279376 0.220615293679779 3.14093247316949 0.0579876719898069 -1.55161439386427 0.0925304665133394 0.141709460289563 0.201581700902222
0.552122970002461 -0.166923743291591 0.221204790351313 3.14129732503202 0.0586833512141748 -1.55213964952917 0.0869276287344534 0.140630320762279 0.201660507718582
0.552187168226155 -0.167451206351327 0.221859173701419 3.14168478046144 0.0593965564327961 -1.55277642831566 0.0813150516685145 0.140327883255356 0.195867309784531
0.552233406550829 -0.167908560033248 0.222429379715655 3.14198923429408 0.0599637436395117 -1.55314352899016 0.0773177214355187 0.141719678346173 0.183176105095544
0.552236660906639 -0.16818827880956 0.222792604346782 3.14212958098339 0.0602627459687157 -1.55294187885227 0.0761113853144198 0.145283628528184 0.164222831764644
0.552187486180519 -0.168246930867063 0.222899331490383 3.1420797000844 0.0602570364831414 -1.55206931245487 0.078005458163669 0.150926496080476 0.140767858539283
0.552090952487586 -0.168100741287627 0.222767233016632 3.14186115221619 0.0599808892442482 -1.55059982927859 0.0826156579890411 0.158194612753995 0.114699811980808
0.551960105198722 -0.16779677484565 0.22244700414256 3.14151854006945 0.059498382530711 -1.54869879721134 0.0892824073111799 0.166549565246984 0.0873982812673064
0.551811143880363 -0.167389471565102 0.221993820141368 3.14110155795701 0.0588724895241181 -1.546562289762 0.0973769094568358 0.175510283690158 0.0596110525268189
0.551662851359261 -0.166932586087809 0.221455263226893 3.14066075297867 0.0581532862321106 -1.54440910803003 0.106413326035319 0.184645749897613 0.0315970795597745
0.551539767386933 -0.166483657473357 0.220871867550263 3.14025404061003 0.05737937586856 -1.54251773426017 0.11602905883628 0.193460083090058 0.00333682787863444
0.551477797410563 -0.166116146098874 0.220285155998967 3.13995958918832 0.0565867799660321 -1.54129296299038 0.125886813289901 0.201186073600179 -0.025208860602891
0.551529087069808 -0.165933044275493 0.219750245688178 3.13988817063851 0.055823305832158 -1.54132838745724 0.135508274889454 0.206502107842496 -0.0536745794018149
0.55175665377699 -0.166065596180199 0.219347426961719 3.14017585526939 0.0551652441231563 -1.54336028789778 0.144058650749803 0.207328547316242 -0.0805787072805051
0.552200945201382 -0.166622564021948 0.21917461550895 3.14091971575328 0.0547203366652839 -1.54790777424444 0.150253326662725 0.20122632682922 -0.102601931005343
0.552815995487545 -0.167572951492788 0.219294511498668 3.14204666838573 0.0545847185362612 -1.55454846984692 0.152792673007308 0.187034759388611 -0.115109465383912
0.553440825044048 -0.168665989901569 0.2196588982563 3.14324372261377 0.0547574625795363 -1.5615417030848 0.151396373792805 0.16684992378529 -0.115058400958628
0.55388813202939 -0.169557936874968 0.220113453517674 3.14412588002339 0.0551129719899464 -1.56676469329978 0.147310839808224 0.145423931853432 -0.103856604677841
0.554069799511359 -0.170045442516067 0.220506660664805 3.14449530404835 0.0554917211649902 -1.56914008589698 0.142377109807703 0.126873473266049 -0.0861569616609789
0.554012190100697 -0.17012906842962 0.220769420712438 3.14438696882275 0.0557955974759461 -1.56887663821277 0.137839566055266 0.112699082762867 -0.0662910990173355
0.553789044357447 -0.169912572279424 0.220902245245259 3.14393978070646 0.0559970979579544 -1.56675192701626 0.134094936004699 0.102465440723076 -0.0465398673143736
0.553469519103192 -0.169506958032358 0.220931310939212 3.14328966319494 0.0561033059841286 -1.563523150213 0.131032010866854 0.0951387927522598 -0.0274880774886349
0.553104368850947 -0.168996495256788 0.220880642846388 3.14253797252089 0.0561261032509561 -1.55975519124847 0.128343819167789 0.0898289329461402 -0.00882114041757866
0.552731539199746 -0.16844135505821 0.220762096197135 3.1417605497909 0.0560680919281771 -1.55587089368151 0.125652921003393 0.0860072260659609 0.0101992699879677
0.552386917578987 -0.1678917003948 0.220573367735505 3.14102885957177 0.0559176879681028 -1.55226348361959 0.122514005718142 0.0835296972619295 0.0305635780358214
0.552115193801654 -0.167403659323087 0.220299581149362 3.14043315337074 0.0556502589778531 -1.54941129313285 0.118382780725982 0.0826333595384732 0.0534057824636496
0.551976041723753 -0.167051827494482 0.219921755422746 3.14009894969553 0.0552411224191597 -1.54794130638055 0.112667438155645 0.0838946965063444 0.0796054060561575
0.552031448786311 -0.166922907310001 0.219441676951708 3.14016849460329 0.0547034538252067 -1.54849235679889 0.105054105587604 0.0879530849111759 0.10867463455331
0.552295177322997 -0.167063819968029 0.218922187836701 3.14070255427696 0.0541451466988548 -1.55118402750858 0.0961797451197655 0.0947567811670775 0.137194139149912
0.552672744759993 -0.16740220182227 0.218494608181009 3.14154497272502 0.053768472775712 -1.55500055720528 0.0879646843808391 0.102786740345708 0.159132466008521
0.552995332342224 -0.167757303319689 0.218277229498011 3.14236211335737 0.0537388638534317 -1.55816952688164 0.0825062584077579 0.109657020563372 0.169959269074047
0.55314735950427 -0.167976678284569 0.218285938529571 3.14289505988068 0.0540599506774096 -1.55950158295182 0.0804856389351584 0.113889372949362 0.170112385948761
0.553122490366352 -0.168022419288668 0.218454447544603 3.14309870771684 0.0546195415679341 -1.55895553305157 0.0811683549466306 0.115547133562023 0.163251481054434
0.552973086459931 -0.167933074314638 0.218706106142105 3.1430593528038 0.0553010454924956 -1.55709316126681 0.0834657671797896 0.115436857455496 0.152880364487714
0.55275487486095 -0.167762248581331 0.218987802375487 3.14288337360659 0.0560299341700596 -1.5544992959621 0.0865754469230022 0.11434200077677 0.141090630190616
0.552508514746908 -0.167552131465654 0.219267552114233 3.14265414477313 0.0567667032618351 -1.55159278838995 0.0900440209644139 0.112795528968555 0.12885943075729
0.55226211510405 -0.167331813981387 0.219522691006895 3.14243327073109 0.0574887857435408 -1.54865458852313 0.0936389336471853 0.111129251719358 0.116595810645902
0.552038689138273 -0.167123138351879 0.219729628964449 3.14227452183688 0.0581768867195847 -1.54590444811162 0.0972292728864799 0.109575021805973 0.104503064273348
0.551863234220576 -0.166946990320305 0.219855682868352 3.14223857085644 0.0588056821127957 -1.54357134284536 0.100706866703165 0.108349922598607 0.0927779485204597
0.551768762198691 -0.16682851597819 0.219851644949071 3.14240612528143 0.059336199954293 -1.54195146265642 0.103930661154102 0.10772185657081 0.0817381002898315
0.551800632618929 -0.166800619320229 0.219645733222682 3.1428869814552 0.0597091290386995 -1.5414493567804 0.106678395659467 0.108057212476248 0.0719343627452788
0.552015755477761 -0.166903316083103 0.219144517959351 3.14381593792023 0.0598427239096642 -1.54257288238019 0.108607578499596 0.109829240248025 0.0642461412373896
0.5524687135811 -0.167173415979478 0.218254002476336 3.1453161433867 0.0596460838497326 -1.54581187880563 0.109262031673962 0.113525808290724 0.0598651227706859
0.553176572764037 -0.167619158660933 0.216935500718001 3.14741157174973 0.0590623406952311 -1.55132685759438 0.10819872584161 0.119382219304515 0.0599693740885182
0.554072942007632 -0.168188312473672 0.215282057728793 3.14991848509132 0.0581360517229927 -1.55853952574554 0.105271430012532 0.126999346630947 0.0649833899306632
0.554998866425197 -0.168764145977741 0.213540114431759 3.15243399497526 0.0570463602737258 -1.56604655296379 0.100895415085545 0.135210660716981 0.0738714029445862
0.555771092436234 -0.169216455664961 0.212006208523448 3.15451297312561 0.0560377217644935 -1.57222031664438 0.095949531965517 0.14256118008446 0.0843657859751159
0.556277950277035 -0.169469565308015 0.210871457455843 3.15590036357767 0.0552908614795177 -1.57606082028234 0.0913042219917261 0.148072137700751 0.0941858822465704
0.556510856455925 -0.169522150066639 0.210163311806322 3.15659639287189 0.0548585726460689 -1.5774811998263 0.0874365372930223 0.151555467175575 0.102055516372041
0.556525243603107 -0.169417257316089 0.20980247322823 3.1567518693726 0.0546986143844376 -1.57696565065936 0.0844148705565613 0.153359346575713 0.107763448105103
0.556390464925363 -0.169206159288356 0.209682385089475 3.15654405901567 0.054735746789258 -1.57512571796354 0.082088715114719 0.153984345018085 0.111679037209891
0.556163297992145 -0.168929974511734 0.209713379348334 3.15611430426692 0.0549009539274461 -1.5724639638818 0.0802566359757548 0.153861825695346 0.114314630902424
0.55588234416741 -0.168616271556808 0.209833396430791 3.15555699992869 0.0551439646461974 -1.56932292400229 0.0787463772372582 0.153294953355509 0.116113394866923
0.555571363718822 -0.168281827211043 0.210003693853011 3.15492942582171 0.0554321635423455 -1.56591385899617 0.0774342982021243 0.152475878976486 0.117395679414599
0.555244248069691 -0.167936356909595 0.210201360481963 3.15426474385746 0.0557456381824559 -1.56236046845747 0.0762392521367611 0.151521839898981 0.118373701760183
0.554909196854583 -0.167585581820818 0.210412810719142 3.15358269855602 0.0560723153315729 -1.55873578052951 0.075110023384338 0.150510788395819 0.11918569094397
0.554572100183154 -0.167233746531481 0.210628469886029 3.15289856429235 0.0564038223066012 -1.55509210902562 0.0740129284589716 0.149519529538434 0.119935374491943
0.554240269223268 -0.16688659376817 0.210836960491645 3.15223389075778 0.0567311304433982 -1.55149436296627 0.0729198125373791 0.14868179204959 0.120744999945387
0.553928596553814 -0.166556711402427 0.211015521619208 3.15163536672106 0.0570380311044131 -1.5480759900031 0.0717938723670707 0.148296314835956 0.121848662553007
0.553670849086741 -0.166274042008087 0.211112172444595 3.15120983575052 0.0572901726721285 -1.54514390124408 0.0705712832072045 0.149011554462003 0.12376443967673
0.553535442733493 -0.166101964413714 0.211019804387065 3.15117232244901 0.0574214250789751 -1.54333092317904 0.0691467721361804 0.15201731673193 0.127532991785397
0.553626299568792 -0.166142538439518 0.210571256418759 3.15184439723532 0.0573380609366764 -1.54362356248312 0.067404032337424 0.158814779126441 0.134723639650089
0.554015303088338 -0.166479291668147 0.209640561378919 3.15343622209279 0.0569900548494691 -1.54676201032632 0.0653582613063438 0.169731972788738 0.146392868977933
0.554607037279837 -0.167045734988014 0.208359091320524 3.1556259495181 0.0564947868388669 -1.55196388330915 0.0633205915722061 0.181865738870649 0.161021166724249
0.555147204672062 -0.167611547761478 0.2071193272617 3.15760609314069 0.0561046473694199 -1.55690710561949 0.0617319653021023 0.190384343449198 0.174661785535112
0.555449924750149 -0.167987165651523 0.206224181239177 3.15880484783666 0.0559810828579588 -1.55980372577987 0.0607745377123756 0.192838360665157 0.184406273367681
0.555505876903053 -0.168142236033362 0.205703159518528 3.15920908305638 0.0561113808366027 -1.56048086042671 0.0603435693363973 0.190047803576178 0.189983093474977
0.555393880321401 -0.168135118586402 0.205440654480759 3.15907367541209 0.0564080835414509 -1.55961711403047 0.0602787347438925 0.18386199314039 0.192334078299389
0.555197420789101 -0.168032778924887 0.205306875615076 3.15865826679826 0.0567887092821032 -1.5579641888768 0.0604984398511038 0.175712137987971 0.192233114661913
0.554985799539743 -0.167886404885158 0.205189560733233 3.15816909056233 0.0571904518191828 -1.55615022756186 0.0610270154922243 0.1664241073988 0.18980656788812
0.554825447914418 -0.167734596522712 0.204976586678756 3.15779282872812 0.0575584734344375 -1.55476286213701 0.0620033260343345 0.156447082812786 0.184390539876246
0.55479518580837 -0.167610435969381 0.204531120937554 3.15774181928691 0.0578324677077591 -1.55446356854628 0.063691492428688 0.146135581836913 0.174429779084666
0.55498393960124 -0.167540463382862 0.203696625889028 3.15825280337112 0.0579480709438182 -1.55593560291237 0.0664235897502476 0.136068919136798 0.157759970824441
0.555434064375341 -0.16752539158154 0.202397359864602 3.15944372704536 0.0578791763004899 -1.55937236567668 0.0703099123193954 0.127310222958149 0.133317478082734
0.556034636458044 -0.167513328150637 0.200827842475877 3.16103702127048 0.0577142639705739 -1.56363889366371 0.0747622430229541 0.121067404609477 0.104240013260468
0.556535634260363 -0.167423215481025 0.199429735570372 3.16238961112398 0.0576390778592633 -1.56658762952096 0.0786184369734642 0.117564861560659 0.0776072078214987
0.556767317478808 -0.167219643612093 0.198504717653918 3.16305743168072 0.0577726409264435 -1.56696853046886 0.0811601993771233 0.115735465392581 0.0583339304954763
0.556748396925209 -0.166928642822211 0.19802151545302 3.16308203488231 0.0580941069759449 -1.56514625745778 0.0825403156990592 0.114386429750182 0.0460503247935629
0.556578026329205 -0.166591623018955 0.197805561656809 3.1627167569942 0.0585269370573008 -1.56205834600104 0.0832463129870215 0.11295545201681 0.0380822679910378
0.556337671510839 -0.166237371687654 0.197712608990445 3.16217270825553 0.0590103554352521 -1.55841526041005 0.0836626934725283 0.111339444875392 0.0322368420840993
0.556073867793901 -0.165882055142224 0.197659561114916 3.1615728209948 0.0595102045056403 -1.55460937940949 0.0840116656632864 0.109581087934506 0.0273371379727116
0.555811852975017 -0.165536495878915 0.197600377905321 3.1609869561161 0.0600079519720977 -1.55085689284409 0.0844262881244278 0.107726072186926 0.0228886881071729
0.55556958541612 -0.165212187427326 0.197500986552127 3.16046918229503 0.0604899856932147 -1.5473254099906 0.0850202387180468 0.105791713265664 0.0187445948436248
0.555367178249326 -0.164925853007889 0.197322057953036 3.16008411722976 0.060940355505644 -1.54421886124433 0.0859355027147924 0.103771617749498 0.0149199767314027
0.555233564457571 -0.164703641143965 0.1970065031872 3.15992685960176 0.0613353532267646 -1.54184052106154 0.087376260503239 0.101647725558436 0.0115020408340294
0.555211475869877 -0.164584905067532 0.196469996964039 3.16013866804511 0.0616390274819101 -1.54064293058033 0.0896292457038817 0.0994069155890734 0.00858871030605198
0.555358686014973 -0.16462301315397 0.195598842296183 3.16091083583908 0.0618012820324635 -1.54124087043868 0.093050343931249 0.0970684828858768 0.00620303377606377
0.555738915634148 -0.164876771449799 0.194268310714115 3.16245455715365 0.0617641396965501 -1.5443160690651 0.0979714959255115 0.0947267783346527 0.00415015117661019
0.556393401636123 -0.165384031747722 0.192399090494595 3.16490679330908 0.0614844179344752 -1.55031666738073 0.104482047938767 0.0925946908792395 0.00184278140851992
0.5572952309521 -0.166119462757723 0.190047241062608 3.16817891439502 0.0609728472709968 -1.55897119882295 0.112139448906733 0.0909978225244462 -0.00175275686948098
0.558319928158048 -0.166967534418671 0.187461114250966 3.17185889496896 0.0603231268610931 -1.56897047145508 0.119871907228125 0.0902621588424144 -0.00782856122522287
0.559280312823972 -0.167755058010987 0.185010972900602 3.17532624352378 0.0596885327287974 -1.57832982088834 0.126349589107138 0.0905347995441254 -0.017150329639171
0.560015631643624 -0.168333781957431 0.183012509309411 3.17804697133117 0.059208817242697 -1.5853329420934 0.130628083190364 0.0916983092510355 -0.029670486326101
0.56045561372336 -0.168639521016413 0.181601451839282 3.17978590103825 0.0589520486085164 -1.5892173132743 0.132484458926186 0.093462391220507 -0.0447105581331472
0.560614095780585 -0.168686055052303 0.18074761099373 3.18058571997875 0.0589140539826551 -1.59011365761588 0.132245553221595 0.0955211478186843 -0.0614490629869851
0.560544949498957 -0.168524289223455 0.180342608610962 3.18062082541877 0.0590522970861122 -1.58858132803526 0.130428526036338 0.097642490609049 -0.079267094627576
0.560305106598296 -0.168208137183627 0.180272852416114 3.18007428522297 0.0593165417631147 -1.58521528746199 0.127495617157667 0.0996727828207367 -0.097832218327161
0.559938071063011 -0.167779434997144 0.180451816529495 3.17908236433454 0.0596632172717744 -1.58046937139705 0.123771426261936 0.101502464327824 -0.117033721666094
0.559471729681024 -0.167266082581802 0.180824191247528 3.17772624325002 0.0600576075044986 -1.57463195771014 0.119454238439144 0.103027615677927 -0.136874016311557
0.558922916265364 -0.16668634144325 0.181356938288363 3.17604622567669 0.0604702881098122 -1.56787494329185 0.114664038032036 0.104119800377662 -0.157343450181862
0.558305480291159 -0.166056101995144 0.182023732367777 3.17406847675301 0.0608715827228439 -1.5603425110333 0.109507043235153 0.104608806556588 -0.178256205981393
0.557641672387234 -0.165398613796453 0.182783175719734 3.17184543891905 0.0612261729225982 -1.55227885043919 0.104157368341234 0.104288903756259 -0.199019320374488
0.556976221044478 -0.164755714109674 0.18355182214096 3.16951048891838 0.0614907408494913 -1.54418812832887 0.0989504120588132 0.102970558672483 -0.21836658495712
0.556386904972754 -0.164194955549278 0.18418351770953 3.16732739095643 0.0616196098250429 -1.53695599376575 0.0944422852118153 0.100596067260747 -0.234246313230978
0.555977057366284 -0.163800840040362 0.184482606355915 3.16567989053891 0.0615820958528967 -1.53176542946125 0.0913365200174182 0.0973838806194939 -0.244214596482954
0.555838936999607 -0.163642969032013 0.184272513364126 3.16494846354632 0.0613842797722167 -1.52967838323859 0.090216731999178 0.0938712007308267 -0.246478088067616
0.556006236901543 -0.163738748813283 0.183486018938651 3.16532451927836 0.061074396338649 -1.53109011669735 0.0912319456458418 0.0907329694343119 -0.240954378076345
0.556438625742559 -0.164045498266771 0.18219599744183 3.16672260302552 0.0607204452036079 -1.53554802085181 0.0940274862649602 0.088476108408005 -0.229320831097402
0.557052340381065 -0.16448945150311 0.180558776508035 3.1688683623769 0.0603785706700573 -1.54209905300971 0.0979866707402237 0.0872710238450127 -0.213988160658639
0.557763304080236 -0.165001509038943 0.178732591800834 3.17145578568667 0.0600777921081253 -1.54978402821537 0.102531793409214 0.0870159902088542 -0.197006884004478
0.558509860508493 -0.165534004795862 0.176833725581301 3.17424414739286 0.0598241352451663 -1.55790057775878 0.10726805417505 0.0875014398316327 -0.17962405577865
0.559252758327114 -0.16605882883737 0.174935497383603 3.17707114568235 0.0596118313098354 -1.56600552838764 0.111972792520886 0.0885364876952954 -0.162383599260027
0.559964834015536 -0.166558020718123 0.17308682528145 3.17982210450636 0.0594323520462372 -1.57379808743117 0.116523873675453 0.0900058635184742 -0.145394620650165
0.560619673419554 -0.167014202057859 0.171332750023669 3.18239045484425 0.0592793199867213 -1.58098939730655 0.120830014587624 0.0918821289881471 -0.128552983789252
0.561182853538978 -0.167403233030448 0.169730139139199 3.18464515585814 0.0591505534173305 -1.58719848165906 0.124782560645131 0.0942170360395263 -0.111676867406604
0.561607690486847 -0.167690134334362 0.168355373325581 3.18641352341108 0.0590485162158997 -1.59189489550892 0.128232489033217 0.0971172357319883 -0.0945892920190156
0.561838854082956 -0.167830672721583 0.167298699436238 3.18749218778611 0.0589794526770138 -1.59442599327905 0.130999874861569 0.100695357919517 -0.0771873784876994
0.561828033866061 -0.167782222213478 0.166638589916184 3.18770172920761 0.0589507216786474 -1.59418118074945 0.132926887223066 0.104989438802869 -0.0595139655780801
0.561560518884393 -0.167524191953397 0.166398150251467 3.18698175826655 0.0589662206257005 -1.59089266133466 0.133968240113833 0.109872387350856 -0.0418047600433366
0.561078356085291 -0.167078219419762 0.166507210679516 3.18547573220502 0.0590217447009783 -1.58492268257912 0.134268870367548 0.115015704176188 -0.0244528672166848
0.560477855355985 -0.166510536692572 0.166806563091618 3.18352512091496 0.0591038510628792 -1.57727948174209 0.134152854986524 0.119967266767309 -0.00786871790290289
0.559875718079266 -0.165909336313473 0.167103580545807 3.1815502423122 0.0591939084692608 -1.56926768050884 0.134004880692595 0.124312277668012 0.00768753736289085
0.559367227344737 -0.165352772463603 0.167240631952273 3.17990029724048 0.0592743543129153 -1.56201405753676 0.134124569294921 0.127801542968305 0.0221840911116685
0.559004531398787 -0.164889802445968 0.1671303287879 3.17877396797109 0.0593325473267651 -1.55619361972316 0.134647893218247 0.130368687276092 0.0357747933789569
0.558800111108792 -0.164540279294776 0.166749377589373 3.17823085344889 0.0593606144732183 -1.55203966067912 0.135550355845193 0.132060912580587 0.0487020762786167
0.558742222087831 -0.164305795870856 0.166112824719612 3.17824758301731 0.0593527915476009 -1.5495047818921 0.13668386380688 0.132949926659769 0.061216807641007
0.558809419500173 -0.164181510917718 0.165250006251324 3.17877236874811 0.0593021996890186 -1.54842765453635 0.1378005323613 0.133062194386737 0.0735363589715258
0.558979081143614 -0.164164459745631 0.164191006918128 3.17975884888343 0.0591981764053977 -1.5486421144427 0.138545640727756 0.132333773022126 0.0858243034651347
0.559229838947267 -0.16425731429485 0.162964943343832 3.1811764031775 0.0590251514329851 -1.55002090140945 0.138430005375689 0.130588538137818 0.0981621980413184
0.559538929168138 -0.164466264663357 0.161610563425467 3.18299423086677 0.0587654403723117 -1.5524543072959 0.136828782534762 0.127561513463488 0.110484088155736
0.559875822093244 -0.164789621122004 0.160198707638464 3.18513252089665 0.0584104524613578 -1.55575414920847 0.133115431883037 0.123029761660126 0.122467150765322
0.560196970992145 -0.165196181459075 0.158853876636336 3.18739186133988 0.057982349400727 -1.5595040593448 0.127062529842973 0.117107632001437 0.133459663001084
0.560452772331668 -0.165609077790992 0.157737291662035 3.18943445094909 0.0575513116032427 -1.5630024483301 0.119387133040524 0.110559729511506 0.142656638590498
0.560612000872835 -0.165928105213051 0.156965409656221 3.19091713281716 0.0572147750766138 -1.56551231635791 0.111775562299524 0.104667742222145 0.149606375461655
0.560681585227534 -0.166088385683214 0.156531098154572 3.19170245741322 0.0570383879481072 -1.56669343322885 0.105938153628138 0.100495132115191 0.154590851116886
0.560695493341486 -0.166092133270061 0.156326308424392 3.19190584059103 0.0570214951795314 -1.5667253311481 0.102604374987219 0.0983021742260781 0.158381859400361
0.560687729971403 -0.165983916663231 0.156230550029606 3.1917497075948 0.0571196437900127 -1.5660295708815 0.101502199125654 0.0976976398208416 0.161705323413842
0.560678348771765 -0.165812273374544 0.15616469117546 3.19142294436492 0.0572827912332309 -1.56498092844727 0.101957198272182 0.0981129984209784 0.164983074922569
0.560674910115331 -0.165612071560226 0.156091789950123 3.1910408129516 0.0574736958471767 -1.56381471331536 0.103348866847558 0.0990886529148227 0.168378834513273
0.56067836931242 -0.165404427985631 0.155998987285191 3.19066328701773 0.057668554197561 -1.56265612680269 0.105251230359744 0.10032711318818 0.171922804035724
0.560687311569778 -0.165202023336215 0.155882529079965 3.19032212878198 0.0578518516308581 -1.56157181286808 0.107409716150329 0.101648767740105 0.175597494995832
0.560699887719445 -0.165013873616547 0.155739671655558 3.19003963276894 0.0580115598559642 -1.56060659170425 0.109681400544064 0.102936297408823 0.179375434500666
0.560714350384125 -0.164848435476228 0.155565049362121 3.18983899520173 0.0581360073195369 -1.55980347509327 0.111985648818218 0.10409220231251 0.183227758439447
0.560728936461669 -0.164715401580108 0.155349107694039 3.18974951993118 0.058212239573576 -1.55921256868787 0.114272132492563 0.105009067380988 0.187118184755606
0.560741473306405 -0.164626526332122 0.155077446165439 3.18980857595399 0.0582257233037287 -1.55889238702059 0.116502088372299 0.105548175563136 0.190988975179258
0.560748879073392 -0.164595396056072 0.154731000856228 3.19006022575025 0.0581617156956626 -1.55890355793141 0.118638316145285 0.105525553802014 0.194741571131544
0.56074670126194 -0.164635599563934 0.154287847806477 3.19054872009287 0.0580090349455052 -1.55929230374023 0.120641681317689 0.104710872430286 0.198215490053035
0.560728954944399 -0.164756574368187 0.15372791926294 3.19130442578885 0.057766813791768 -1.56006138803464 0.122474106696946 0.102851467932105 0.201174941772339
0.56068868598633 -0.164957100314057 0.153041419662412 3.19232210754802 0.0574532840670982 -1.56113262662049 0.124108702154529 0.0997349924391455 0.203321315523278
0.560619630732711 -0.165218585353329 0.15223917077345 3.19353874402751 0.0571123533744988 -1.56231901915007 0.12554505813041 0.0952879703199268 0.204351518566524
0.560518719262591 -0.165503073329576 0.151358933375213 3.19482726983784 0.056810853510626 -1.56333679927512 0.126821721542929 0.0896687978979719 0.204060625163438
0.560388118900162 -0.165760693829178 0.150460260784453 3.1960217845179 0.0566221603354848 -1.56387568527106 0.128014051270338 0.0832816393321975 0.202441862450719
0.560235194136421 -0.165945097568444 0.149606871333324 3.19696912281623 0.0566023312899505 -1.56370123014109 0.129212743067493 0.0766692261702014 0.199711378800252
0.560070145710794 -0.166027919170707 0.148846226984883 3.19757688113255 0.0567734112132541 -1.56272720172456 0.130494002507556 0.0703373999217999 0.196229955300736
0.559902997415863 -0.16600372065552 0.148198608679098 3.1978296823779 0.0571234619164992 -1.56101789071104 0.131899367060306 0.0646219224840695 0.192375480912255
0.55974187566047 -0.1658851472694 0.147659044523205 3.19777314482037 0.0576193151474895 -1.5587381365985 0.133432955099872 0.0596605973732043 0.188446793440077
0.559593201320797 -0.165694398900604 0.147206059680042 3.19748608981634 0.0582212595420162 -1.55609786451491 0.135069783587773 0.0554483333924686 0.184634267294572
0.559463236346829 -0.16545662553917 0.146809841530726 3.19705969298719 0.0588924582998982 -1.55332268957268 0.136764537496276 0.0519190099984927 0.181041082869016
0.559360221407472 -0.165197184736158 0.146436270475187 3.19658996860574 0.0596020644758326 -1.55065556996831 0.138454251501786 0.049017505149158 0.177724450755411
0.559296607018527 -0.164942104656509 0.146046856033973 3.19618122667618 0.060324107144063 -1.54837990983479 0.140053389568105 0.0467541924222645 0.174736935589323
0.559290951942124 -0.164720260734289 0.145596293630832 3.19595502227375 0.061034450971865 -1.54684987209013 0.141442962694602 0.0452479639085909 0.172160926798498
0.559368633749124 -0.164565556868998 0.145030195880265 3.19605763961601 0.0617075448783506 -1.54650854997589 0.142458240799185 0.044761137358057 0.170133873541032
0.559559610771198 -0.164516864386687 0.144286717521912 3.1966561962389 0.0623145489166211 -1.54786338688759 0.142884783008279 0.0457146091094996 0.168857734317663
0.559890681289139 -0.164612663925847 0.143307064130785 3.19790993778242 0.0628249166119956 -1.55137701603954 0.142479882269549 0.0486490548280265 0.168576892147677
0.560370783848518 -0.164877855891114 0.142058545317535 3.19990686215844 0.0632135987709719 -1.55724726464281 0.141038583606331 0.0540847755346496 0.169504836845437
0.560973346462434 -0.165304975461455 0.140565308086328 3.20257917114249 0.0634735450423065 -1.56513228469505 0.138502823835822 0.0622695997835867 0.171701317069429
0.5616281660399 -0.165841157743143 0.138926954410312 3.20565203548534 0.063627097082027 -1.57400971245363 0.135060759902314 0.0729197074743379 0.174958336092421
0.562236188367801 -0.166396142502214 0.137300592079094 3.20869290420277 0.063725432429072 -1.58238270265893 0.131145234675125 0.0851652458867184 0.178796901910823
0.56270404120839 -0.166873076375769 0.135846558530114 3.21126068102596 0.0638317588543317 -1.58880081023261 0.127294784989565 0.097819748273688 0.182617695286819
0.562975358207681 -0.167202318982027 0.134673157430646 3.21305761407512 0.0639985877044853 -1.59235215117777 0.123964286568539 0.109811869688889 0.185910722398777
0.56303916609667 -0.16735630583912 0.133815851433115 3.21398650742836 0.0642542732902254 -1.59281516122881 0.121414612613979 0.120483313293841 0.188378386809626
0.56291747684211 -0.167342934144852 0.133252101091855 3.21411006365013 0.0646034525100345 -1.59048747406892 0.119722741078212 0.129626784363887 0.189920394658603
0.562647144197948 -0.167190157948329 0.132928922148282 3.21357548861026 0.0650349890116914 -1.58591639543907 0.118860980311254 0.137356166872337 0.190528835958771
0.562267202350314 -0.166933566572811 0.132783620886469 3.21255821473625 0.065529674199112 -1.57970571681174 0.118782268498729 0.143946975764593 0.190148669132415
0.561814654022165 -0.166611268869252 0.132751119826941 3.21124302463383 0.0660640296764346 -1.57244819626916 0.119480708823657 0.149711032544066 0.188511051898059
0.561327615395023 -0.166265508173665 0.13275887615886 3.20983984031833 0.0666100425439568 -1.56476562923559 0.121015645625511 0.154892307166715 0.184914455717925
0.560853784254636 -0.165948113437735 0.132713558421852 3.20862188792936 0.0671328076053286 -1.55741585151567 0.123475309620358 0.159532509684831 0.177970778508887
0.560458987621124 -0.165722722784654 0.132491248923431 3.20795069271034 0.067591247697568 -1.55137194923028 0.126829247094661 0.163275257765392 0.165541152398156
0.560220969609972 -0.165649361251625 0.131959755056692 3.20820357911295 0.0679513200089196 -1.54765434942047 0.130659200092028 0.165227164150159 0.14544665191868
0.560190370238623 -0.165742681941197 0.131058715206883 3.20953350292568 0.0682145807609451 -1.54672291363963 0.133998409961126 0.164240869520489 0.117327455912711
0.560340213351463 -0.165938934612759 0.129881075961364 3.21163779887989 0.0684346841102626 -1.54786427354304 0.135712815420619 0.159763517985234 0.0841411726306631
0.560573847122283 -0.166130639224477 0.128629640299056 3.21390423145881 0.0686862194631103 -1.54953438660269 0.135265429116813 0.15240930329045 0.0507238449034099
0.560795800916744 -0.166240818573742 0.127474130778145 3.21583781957048 0.0690146067122992 -1.55045188380847 0.132958932489792 0.143454590713856 0.0205964173178784
0.560960187638692 -0.166251615178135 0.126476851919326 3.21726897818397 0.0694233272309711 -1.55016109385854 0.129481884983277 0.133975074223993 -0.00527639957051845
0.561064631587492 -0.16618237003171 0.125621725109493 3.2182570397777 0.0698933596823288 -1.54880956007558 0.12545112045551 0.124529489622805 -0.0275172775701824
0.561126420942968 -0.166062921042408 0.124865030055921 3.21893782229617 0.0704017462633577 -1.54676738126511 0.121281577027778 0.115296216130321 -0.0471231073985423
0.561167388396032 -0.165921775977776 0.124163055031181 3.21944428184679 0.0709283837379635 -1.54443016997754 0.117246189418463 0.106280705117803 -0.064854500797533
0.561209209714482 -0.165785309497326 0.123479495885137 3.21988881123887 0.0714552336214672 -1.54218571330147 0.113570933563604 0.0974492844738453 -0.0810452264068073
0.56127388526422 -0.165681512901802 0.122784578571134 3.22037176232555 0.0719624699121089 -1.54045630502943 0.110512481420354 0.0888024908438864 -0.0955311706511783
0.561385251404456 -0.165644533645969 0.12205348500718 3.22099513470376 0.0724236802010683 -1.53975744764734 0.108408063691113 0.0804275397524872 -0.107554826666486
0.561568100000457 -0.165716543660931 0.121268503524391 3.22186836017925 0.0728021533842179 -1.54071638910746 0.107673887743791 0.0725496208692608 -0.115662817177262
0.561840853098006 -0.165940844125963 0.120427890405776 3.22309074382484 0.0730531548601773 -1.54395697011332 0.108691527131063 0.0655606345862089 -0.117812887555423
0.562199724988799 -0.166339493942323 0.119559545752258 3.22469729838683 0.0731399344750785 -1.54975561015336 0.111529123594693 0.0599466398805884 -0.112090106868564
0.562603645235802 -0.166882361123446 0.118725372289686 3.22659086143549 0.0730631422985691 -1.55758768537845 0.115623480011853 0.0560400638368731 -0.0981260862822483
0.562982592440724 -0.16748106679992 0.117997361946395 3.22854299283688 0.072878440765086 -1.5660741786742 0.119821841129046 0.0537246425944055 -0.0781372946467958
0.563274889181307 -0.168032550197862 0.11741589337938 3.23031092617931 0.0726718960764599 -1.57367016953777 0.122973221243579 0.0524316054428252 -0.0560333275652604
0.563458486855359 -0.168474641433205 0.116972229236572 3.23176660810087 0.0725114480752647 -1.57949194394367 0.12453177827805 0.0514908221192767 -0.0351867890566143
0.563547684136505 -0.168799753983474 0.116628255555897 3.23291510368483 0.0724233878751382 -1.58348636454273 0.124603884805878 0.0504583180715811 -0.0171499128825806
0.563570776475687 -0.169031504603239 0.116343963352403 3.23382916085158 0.0724031313677632 -1.58605434365613 0.123610749304654 0.0491718386327998 -0.00197918760440344
0.563553362460099 -0.169199116200885 0.116090545484176 3.23458698893285 0.0724352467645607 -1.58766327378421 0.121992767859311 0.0476436431917701 0.0108925124585062
0.56351292545476 -0.169324926526599 0.115850876523962 3.23524509327753 0.0725062109208619 -1.58866709540336 0.120093881786146 0.0459538030455757 0.0220548209659316
0.563459552076005 -0.169421764682079 0.115615659017139 3.23583457903305 0.0726092644973432 -1.58927553659127 0.118159646908588 0.0441973850182644 0.0318845629972861
0.563398147748436 -0.169494049358533 0.11537976328673 3.23636518929795 0.0727455425697633 -1.58957754536393 0.116370510907847 0.0424744713302225 0.0405135555829026
0.563330248681038 -0.169539234336616 0.115139833021017 3.23682920644419 0.072924493325229 -1.58956889010003 0.11487152289071 0.0409039506559981 0.0478720388565193
0.563255071376935 -0.169548538210427 0.114892955522388 3.23720303011721 0.0731648254050178 -1.58916890556533 0.113784344478624 0.0396503976085368 0.0537589532961875
0.563169964279688 -0.169507045774403 0.114636050568214 3.23744687702621 0.0734960149392279 -1.5882275669297 0.113194234928872 0.0389592486022206 0.0579424234021055
0.563070565485188 -0.169393933860617 0.114365821253906 3.23750458649119 0.0739593453359017 -1.58653197797793 0.113103874584648 0.0391941873029842 0.0603211867671506
0.562951064860874 -0.169184239434712 0.114079326736646 3.2373072385416 0.0746060820617617 -1.58382809690371 0.113347636840796 0.0408603565345606 0.061181357799772
0.562805092497651 -0.168854159551928 0.113775323489651 3.23678599448676 0.0754889441453998 -1.57987878735639 0.113476682501988 0.0445785025879723 0.0615416455337065
0.562627724788929 -0.168391321872345 0.113456262129782 3.23589857741497 0.0766434355401718 -1.57457243976213 0.112668560531212 0.0509618202918507 0.0634616394340704
0.562418490231116 -0.167808040145618 0.113130047921503 3.23466524992901 0.0780614649819939 -1.5680596516366 0.109770170587645 0.0603759919776775 0.070019988172575
0.562183910286063 -0.167149521737907 0.112809823807997 3.23319384228692 0.0796715688714842 -1.56083287624508 0.103573717787951 0.0726672857188612 0.0846522293907385
0.561937178305067 -0.166486740174353 0.112510545002435 3.23166557193866 0.0813466448127984 -1.55364373198972 0.0932645645514113 0.0870600495241365 0.10994006935165
0.561694067524345 -0.165893270064136 0.11224369706033 3.23027669283518 0.0829444029266127 -1.54725625441973 0.078763088974176 0.102372761731399 0.146569718038463
0.561467486340057 -0.165420455984093 0.112013676868595 3.22917162623674 0.0843560929447384 -1.54219017494157 0.0607020357786525 0.117441986685842 0.19322504726607
0.561264305461693 -0.165086982218506 0.111818004902508 3.22841113106041 0.0855315488277391 -1.53861982318034 0.0400867829019031 0.131464442601135 0.24739668886555
0.561085677678288 -0.164884943756719 0.111650235415298 3.22798413232316 0.0864726736523353 -1.53644505883969 0.0179144610348414 0.144086553121472 0.306401428724689
0.560929389329281 -0.164793045380057 0.111503086147486 3.22784023232974 0.0872108644858031 -1.53543330895302 -0.00504482196923379 0.155297449680746 0.368018071714613
0.560792405723863 -0.164788131541149 0.111370386474776 3.22791934265615 0.0877853719176505 -1.53534167531443 -0.0282900700283363 0.165265205765501 0.430637822404678
0.560672825100283 -0.164852194724222 0.111247831809772 3.22816973080591 0.0882293167203452 -1.53599179537322 -0.0515342479723894 0.174203661900417 0.49310845489642
0.560571350500267 -0.16497594040726 0.111133077748966 3.22855643444494 0.0885623050221852 -1.53731096440192 -0.0746222536051825 0.182286120209305 0.554453854665116
0.560492641669169 -0.165160709343698 0.111025616397691 3.22906461000061 0.0887865791134335 -1.53935977862087 -0.0974534043488433 0.189586714470753 0.61356281126824
0.560446634649372 -0.165419464808824 0.110926581838044 3.22970057269041 0.0888851599806397 -1.54235363670996 -0.119912986768547 0.196025115111607 0.668896696108046
0.560449106475313 -0.165775436919301 0.110838294652643 3.23048965806612 0.0888238303672216 -1.54665917712504 -0.141810920721359 0.201303842163258 0.718317718359485
0.560519275447894 -0.166254114421485 0.11076300655865 3.23146533483026 0.0885634903040578 -1.55270669545092 -0.162840694784038 0.204864451989375 0.759305178601821
0.560670853286607 -0.166862800874834 0.110700232395408 3.23264102669417 0.0880919267925364 -1.56073099724962 -0.182608563050683 0.205956736828147 0.790002017308725
0.560895547834051 -0.167559549995046 0.110643161021686 3.23396534531943 0.0874724705457632 -1.57033910754329 -0.200807768753797 0.203957952495243 0.811237770587624
0.561149346899082 -0.168235896857872 0.110577353423786 3.2352927195589 0.0868718201446675 -1.58020839061925 -0.217520249922662 0.198911357911353 0.828286208521049
0.561362000641167 -0.168749516398989 0.110485711137145 3.23642156461394 0.0865103221415164 -1.58843386778303 -0.23339471548631 0.191834266324648 0.849814291630828
0.561471816112198 -0.168996818263643 0.110357445346462 3.23719268342403 0.0865489944397199 -1.59348627020272 -0.249429320772418 0.18431068007845 0.883651092625032
0.561454246639708 -0.168957446014681 0.110192503738125 3.23755588116137 0.0870187929304908 -1.59489754642034 -0.266528598314125 0.177674301087013 0.933205991920626
0.561320416244754 -0.168676170008686 0.109998314573783 3.23755068567531 0.0878469990412815 -1.5931190507075 -0.285269618039989 0.172558798472939 0.997574242999269
0.56109807054452 -0.168218880536427 0.109784156539071 3.23724640403256 0.0889245375467089 -1.58896757085057 -0.305988463192402 0.169010736919953 1.07390285111258
0.560816044568106 -0.16764336809341 0.109557953599223 3.23669852594091 0.0901507106865161 -1.58321734578445 -0.328987924727649 0.166812183431766 1.15943609793733
0.560498677817669 -0.166991808659253 0.109325906285301 3.23593417684289 0.0914442198696444 -1.57647091402509 -0.354698361835803 0.165733916063113 1.25242456515483
0.560167019287019 -0.166295784951071 0.109093648004458 3.2349566984033 0.0927351705918365 -1.56920370266379 -0.383733113057913 0.165675270555994 1.35226267585935
0.559842953455532 -0.165586415123191 0.108867956558797 3.23376276070225 0.093951385022479 -1.56187984716568 -0.416790354765763 0.166736313409638 1.45924962563862
0.559553496157136 -0.164905904227873 0.10865833955484 3.23237327151904 0.0950081109204679 -1.55507985979842 -0.454300250306029 0.16924254180942 1.57403483247739
0.559331720138424 -0.164315384623552 0.10847724943341 3.23087684621738 0.095812170179797 -1.54956727564295 -0.495743482233131 0.173675214229082 1.69661511032947
0.559209280202168 -0.163888222086331 0.108336930471608 3.22946127524321 0.0962926211522501 -1.54616942020776 -0.53890834811825 0.18042439557588 1.82504428629271
0.559199884360575 -0.163680303095094 0.108242600463476 3.22837946280345 0.0964502758598726 -1.54540859061684 -0.579962982103548 0.189409468580205 1.95489587822062
0.559286598956384 -0.163694052042059 0.108187165382541 3.22783101606701 0.0963791875859306 -1.54712945711743 -0.615044526019121 0.199894737965046 2.08075690165377
0.55942982628404 -0.163874827403344 0.108154344118747 3.22785295781696 0.0962201757427045 -1.55055700633309 -0.642314765742552 0.210796007494892 2.1990055725536
0.559590302319355 -0.16414689863758 0.10812798313727 3.22832973821382 0.0960852111021708 -1.55477593236518 -0.662479567287703 0.22121703389175 2.30920528317109
0.559744636175434 -0.164450700609042 0.10809842530559 3.22909087883457 0.0960226496615931 -1.5591420316925 -0.677626467964882 0.230711783613687 2.41318077704662
0.559885244682418 -0.1647541242535 0.108062551315126 3.22999099818865 0.0960318291036086 -1.56335791065414 -0.689888747930219 0.239194697991544 2.513363195423
0.560013148570967 -0.165045058010768 0.108020890589997 3.23093353184222 0.0960915760742852 -1.56734867404627 -0.700833670411998 0.246744336515635 2.6117922805212
0.560131800222267 -0.165320741900268 0.107975124243249 3.2318611878077 0.0961792654216518 -1.57112664970433 -0.711436077340812 0.25346947221996 2.70987586906625
0.560244008352197 -0.165580821999554 0.107926834056237 3.23273970246615 0.0962782560169826 -1.5747129240291 -0.722257004065611 0.259456890024426 2.80850567062382
0.560351025077427 -0.165824255874257 0.107877126181565 3.23354582049522 0.0963788140333299 -1.57810713128388 -0.733617548769371 0.264766196667089 2.90823897266346
0.560452608290456 -0.166048452270466 0.107826649032883 3.23426068065426 0.0964767337577709 -1.58128240059884 -0.745712917603532 0.269441984717397 3.00943839840541
0.560547368918574 -0.166249370630264 0.107775723051154 3.23486695387876 0.0965716862835903 -1.58418977744387 -0.758673722472682 0.273528657143906 3.1123550755486
0.560633123687251 -0.166421927418444 0.107724465355747 3.23534810814248 0.0966659500097811 -1.58676485679321 -0.772593464580021 0.27708272676425 3.21716894463764
0.560707186414094 -0.166560461663899 0.107672878101717 3.23568877917874 0.0967635715229469 -1.58893428069967 -0.787537321570239 0.280181453292995 3.32400248547289
0.560766611814447 -0.166659201095666 0.107620903022955 3.23587569340475 0.0968698153565054 -1.59062184744741 -0.803541749898018 0.282927827836464 3.43292026326795
0.560808421367589 -0.166712729414415 0.107568453121726 3.23589883013771 0.0969907474985663 -1.5917545169301 -0.820610506253678 0.285451966174521 3.54392287318375
0.560829829605765 -0.166716452642062 0.107515431301053 3.23575259633023 0.0971328438238461 -1.59226843784773 -0.838710519536965 0.287908855244673 3.65694135262611
0.560828470546464 -0.166667038659497 0.107461742121882 3.23543680296539 0.097302572770593 -1.59211474581376 -0.857769908954613 0.290472503195363 3.77183664395604
0.560802607269021 -0.166562781320752 0.107407299401832 3.23495724078245 0.0975059543546339 -1.59126454376506 -0.877679749464674 0.293326969650374 3.88840790238744
0.560751297807902 -0.16640383068168 0.107352029275759 3.23432569004726 0.0977481398305604 -1.58971231552406 -0.89830069257083 0.296655450023116 4.00641395420407
0.560674490657564 -0.166192238739664 0.10729586423458 3.23355927382177 0.0980330890538556 -1.5874771073797 -0.919475488612945 0.300629505844099 4.1256167091126
0.560573037263024 -0.165931799091081 0.10723871561062 3.23267917520011 0.0983634537844811 -1.58460120512089 -0.941049484426987 0.305401807160183 4.24586968746871
0.560448651538242 -0.16562773237341 0.107180396816879 3.23170894257897 0.0987408116948885 -1.58114705370975 -0.962903598899257 0.311107720465405 4.36730586192169
0.560303965693045 -0.165286482807407 0.107120451947348 3.23067317489335 0.0991663941319583 -1.57719601068305 -0.985005217917263 0.317883304010585 4.49071894033157
0.560143125110513 -0.164916464029732 0.107057860965016 3.2295989418267 0.0996421807409295 -1.57285980666984 -1.00746928929991 0.325904859752524 4.61820939082836
0.559973852962355 -0.164531660057944 0.106990760553545 3.22852524900699 0.100171100840812 -1.56832843581887 -1.03056482385905 0.335430963073316 4.75384382793095
0.559811836360578 -0.16416025472901 0.106916835554186 3.22752666269474 0.100752540901115 -1.56397895735554 -1.05447592891264 0.346751245473538 4.90302383280135
0.559684705049523 -0.163854152401997 0.106835665061728 3.22674005398897 0.101368368770322 -1.56048526155556 -1.07858020568138 0.359849138837291 5.06783933591656
0.559624269571646 -0.163677666858722 0.106752801875997 3.22633529471468 0.101967534893535 -1.55865049033084 -1.10064777422848 0.373803369962113 5.23841053541281
0.559640463616734 -0.16365824891392 0.106679823233404 3.22638244410721 0.102482294085718 -1.55877191869812 -1.11760468402499 0.386781925862602 5.39171089159295
0.559706720650382 -0.163752124362851 0.106625938673158 3.22675828461708 0.102879907116313 -1.56024201917822 -1.12806451620936 0.397301431940055 5.50807289358843
0.559783608293259 -0.163883912799069 0.106591301302206 3.22725366354433 0.103182002482745 -1.56209313501734 -1.13328059620584 0.405248461598326 5.58577819658656
0.5598463650932 -0.164001501342054 0.106570149352074 3.22772302906047 0.103431784662795 -1.56368746992285 -1.13553171343388 0.411429211510274 5.63578654642875
0.559887727787048 -0.164085900862232 0.106556377100621 3.22811170143332 0.103664177173728 -1.56481519382587 -1.13665858747506 0.41674045677718 5.67054153706375
0.559909202953947 -0.164136352544188 0.106545639656224 3.22841534029895 0.103900600978637 -1.56549229836197 -1.13782635391188 0.421853166377482 5.69941044605318
0.559914691259629 -0.16415795980746 0.106535050524112 3.22864573452323 0.104154433582029 -1.56580384135367 -1.13983242599173 0.42725916072272 5.72918164704225
0.559908347176543 -0.16415690584348 0.10652234136724 3.22881652244055 0.104436335440794 -1.56584816241628 -1.14344561807798 0.433398434520666 5.765912582243
0.559895124586948 -0.164140798640487 0.106505176083354 3.22894147748251 0.104756211304408 -1.56574692108484 -1.14965457881875 0.440744559001393 5.81663964788966
0.559883135686914 -0.164122556825195 0.106480913933595 3.22904010592928 0.105119190602956 -1.56569800852621 -1.15972835280368 0.449750388778137 5.89006103018911
0.559886670586688 -0.164126032171334 0.106447526131607 3.22914704398918 0.10551070553659 -1.56603964955982 -1.17471553724044 0.460455396792249 5.9937766864276
0.559924560308803 -0.164184487698211 0.106406561844223 3.2293121311135 0.105873532036233 -1.56719722367814 -1.19387162549588 0.471660201449229 6.12459259504745
0.56000552950418 -0.164316409222709 0.106365892006617 3.22956638359642 0.106114713790782 -1.56933028341283 -1.21312701804033 0.480628579886344 6.25814893625225
0.560112103835398 -0.164495663442233 0.106335311711846 3.22987510839193 0.106179655896087 -1.57198218942867 -1.22725211206358 0.484968195459883 6.3611215451668
0.560213469606667 -0.16466997939348 0.106317735861035 3.23016092125476 0.106104437317918 -1.57442282542681 -1.23450401952011 0.484820365752387 6.42065826200199
0.560291236866852 -0.164805675173551 0.106309104519111 3.23037150923756 0.105962936408427 -1.57624664061776 -1.23685140812775 0.482015169157849 6.44757329942731
0.56034304467474 -0.164896601671655 0.10630443027954 3.23049702289807 0.105805625208747 -1.57742613931864 -1.23686894880873 0.478160671299398 6.45755010957618
0.560373152616828 -0.164949081397068 0.106300740572657 3.23054889043179 0.105652997712647 -1.57807877780968 -1.23614932273278 0.47408809929934 6.46073284868481
0.560386307796995 -0.16497109335208 0.106296815152754 3.23054265960181 0.105510139554191 -1.57832537498162 -1.23539353508191 0.470121622488689 6.46183393154376
0.560386115018481 -0.164969012308893 0.106292323096595 3.23049183826452 0.105376992810097 -1.57825584213036 -1.23484089885947 0.466367863731403 6.46264083771513
0.560375096062425 -0.164947440320897 0.106287277733989 3.23040685622976 0.105252440486024 -1.5779327309886 -1.2345464128086 0.462859095086135 6.46371278272708
0.560355019989535 -0.164909664017134 0.106281794412846 3.23029546463143 0.105135465208417 -1.57739988174588 -1.23450498102141 0.459606290259726 6.46516533739884
0.560327159627502 -0.164858065864561 0.106276002470373 3.23016336300081 0.105025356195743 -1.57668882450616 -1.23469705548533 0.456615722926743 6.46697295898754
0.560292458537598 -0.164794412910115 0.106270019259063 3.23001475909844 0.104921683556152 -1.57582290096486 -1.23510268688981 0.453893452869933 6.46907295319971
0.560251641062503 -0.164720056322945 0.10626394552129 3.22985281000377 0.10482423497334 -1.57481997820206 -1.2357046665042 0.451446144145678 6.47139799925283
0.56020528849647 -0.164636073015708 0.106257867011481 3.22967995249393 0.104732954306636 -1.57369432635814 -1.23648832928837 0.449280738035618 6.47388472338192
0.560153894037016 -0.16454336896468 0.106251857486023 3.22949814591222 0.104647886762112 -1.57245797037162 -1.23744040303584 0.447403671656119 6.4764740486874
0.5600979042552 -0.164442757605223 0.106245981758788 3.22930905352319 0.104569129185673 -1.5711217067584 -1.23854749121954 0.445819787663124 6.47910795550787
0.560037753117182 -0.164335024418259 0.106240298686486 3.22911418777961 0.104496782404042 -1.56969593488774 -1.23979418077325 0.444530863325167 6.48172355786255
0.55997389452409 -0.164220988907342 0.106234864340034 3.22891504503319 0.104430900921029 -1.56819144935582 -1.24116054158633 0.44353352564233 6.48424398575229
0.55990684049239 -0.164101577262546 0.106229735769531 3.22871325817343 0.104371433164956 -1.56662036587815 -1.24261867934054 0.442816136306674 6.48656487656108
0.559837214601031 -0.163977923420651 0.106224975804078 3.22851080263799 0.104318142829177 -1.56499741015321 -1.24412798841945 0.442353998759427 6.48853502031816
0.559765834449158 -0.163851523343316 0.106220659192714 3.22831030254013 0.104270498788136 -1.56334189244265 -1.24562891401325 0.442101956886281 6.48993014703335
0.559693842634153 -0.163724476981486 0.106216879907277 3.22811549803726 0.104227518368679 -1.56168081891751 -1.2470355766648 0.441983164096887 6.49042076312606
0.55962291225902 -0.163599862534245 0.106213758243253 3.22793194717871 0.10418754867118 -1.56005372931814 -1.24822890874485 0.441872652499701 6.48953979439976
0.559555556666302 -0.163482291281061 0.106211443901998 3.22776803028771 0.104147978598876 -1.55851991132261 -1.24905459063898 0.441574710634287 6.48666595871069
0.559495564249093 -0.163378670311439 0.106210106761311 3.22763626679884 0.104104901731637 -1.55716839239732 -1.24933481542322 0.440794842899275 6.48105748080403
0.559448535769929 -0.163299115147219 0.106209900032029 3.22755477074866 0.104052817985797 -1.55613003418837 -1.2489101991712 0.439111876886542 6.47200026737847
0.559422383300052 -0.163257734477767 0.106210872313939 3.22754824425674 0.103984598291433 -1.55558823194831 -1.24773636755026 0.43596603177364 6.45916969399767
0.559427408829514 -0.163272578459202 0.106212802987458 3.22764713683992 0.103892149880575 -1.55577911583955 -1.24606091644624 0.43069589161707 6.44331590191637
0.559475236578472 -0.163363457814504 0.106214958664439 3.22788267334857 0.103768408884437 -1.55696441144005 -1.24468010634859 0.422674948734596 6.42728880925123
0.559575710973495 -0.163546143110706 0.106215845892703 3.22827546264493 0.103611083355088 -1.55935712972996 -1.24519125506422 0.411589677574829 6.4170985814359
0.55973162015252 -0.163822933013884 0.106213164592117 3.22881861414959 0.103427365787075 -1.56299886518255 -1.25002192385274 0.397816386729016 6.42216319880576
0.559933362153779 -0.164173659972798 0.106204225443475 3.2294637748095 0.103236658102736 -1.56764035963289 -1.26196371094474 0.382683372825894 6.45362964601004
0.560158003206914 -0.16455506823623 0.106186855224011 3.2301242272546 0.103067421454928 -1.57272865417171 -1.28320345938952 0.368305300902434 6.52062714519398
0.560375678133451 -0.164913245583104 0.106160307350455 3.23070109176175 0.102947763138976 -1.5775643952907 -1.31437912552102 0.356909852191141 6.62642962966204
0.560560155417528 -0.165202678991953 0.10612550335571 3.2311181465108 0.102895420827198 -1.58154900778647 -1.35436632874734 0.350048267529693 6.76735746832364
0.560696397746096 -0.165399030704975 0.106084463748484 3.23134180866657 0.102913857882961 -1.58435424866311 -1.40091642321305 0.348220357733471 6.93507321546204
0.560781338653194 -0.165499519068901 0.10603944332866 3.23137786958071 0.102995423088866 -1.58593170376752 -1.45158022643806 0.351042778136761 7.12016750074532
0.560819957127102 -0.165515248543826 0.105992323172888 3.23125525511709 0.103127390636412 -1.58641596229403 -1.50433592960676 0.357675741662122 7.31472241590157
0.560820580395948 -0.165462654369179 0.105944410981341 3.23101023566266 0.10329689332668 -1.58601408285344 -1.55777399549276 0.367198467481301 7.51318611229015
0.560791605128054 -0.165357800393261 0.105896510306946 3.23067713692037 0.103493533335628 -1.58493080744394 -1.61099391859654 0.378818247335049 7.71211772107333
0.560739856905463 -0.165213730630427 0.10584908316261 3.23028522988621 0.103710311705611 -1.58333303077867 -1.6633957967887 0.391943203999433 7.90952908908946
0.560670000029848 -0.165039733306597 0.105802404841738 3.22985951028601 0.103943917084372 -1.58133912898893 -1.71446389020843 0.406185627525381 8.10424707035483
0.560584416566391 -0.164841470236115 0.105756673857267 3.2294235853618 0.104195183133963 -1.57901961606617 -1.76356738631177 0.42134605024025 8.29545068063686
0.560483241846481 -0.164621429084502 0.105712063577867 3.22900383109125 0.104470249923684 -1.57640203016309 -1.80977759574427 0.437403687470279 8.48243035259155
0.5603645463226 -0.164379656213777 0.105668693911836 3.22863444174162 0.10478273391486 -1.57347953659231 -1.85171839051612 0.454519606527968 8.66463768256937
0.560224994089833 -0.164115194495447 0.10562647503717 3.22836248292265 0.105156752026549 -1.5702291307292 -1.88753260972763 0.473040235207198 8.84218873917941
0.560061710390563 -0.163829069325555 0.105584755359402 3.22824994848906 0.1056293746189 -1.56665143834904 -1.91517098351159 0.49346088445098 9.01706539423954
0.559876286389253 -0.163529613953574 0.105541761905872 3.22836584054886 0.106248404821027 -1.56284427510873 -1.93333987275817 0.516271714639218 9.19508757902898
0.559680830868389 -0.163239165635475 0.105494082019234 3.22875863017076 0.107058478765592 -1.55909896136344 -1.94330696813215 0.541605972503462 9.38784395907227
0.559502440514994 -0.162996704154317 0.105436898711081 3.22940925636539 0.108071924688202 -1.55594609521223 -1.95084964448116 0.568758672937744 9.61212039493463
0.559378605696318 -0.162847926809965 0.105365717169642 3.23019607873738 0.10923917918732 -1.55402923685094 -1.96616520595649 0.595975951143584 9.88412566790398
0.559340761829949 -0.162823046517598 0.105278925562518 3.23092343512899 0.110452629208035 -1.55379928719531 -2.00002276507858 0.620994639853266 10.2105339099766
0.559397853531193 -0.162920072431905 0.105178873696079 3.23141327650442 0.111595372679795 -1.55526941536753 -2.05850017932923 0.642103032595054 10.5843622418151
0.55953511552105 -0.163109542255383 0.105070328615466 3.23158081166306 0.112594022473345 -1.55806315743541 -2.14109805413241 0.658781058834439 10.9900441330394
0.559726046344055 -0.163352702402163 0.104958039335305 3.23143667192689 0.113432868546537 -1.56166015518807 -2.24316265332896 0.671484617142846 11.4120496946438
0.559944022199567 -0.163615126393457 0.104845438233956 3.23104222261105 0.114135015548348 -1.56559090834446 -2.35937987434727 0.68105966691414 11.8400061555709
0.560166403001184 -0.163869380452302 0.104734708988148 3.23046769666035 0.114739011772234 -1.5694837758302 -2.48582970874818 0.688356234038882 12.2694304417482
0.560372565371376 -0.164090558072306 0.1046274931156 3.22977180062447 0.115286153952017 -1.57301179980948 -2.62044529160137 0.694223582626559 12.7007223199067
0.560539281492066 -0.164249434465828 0.104525700500012 3.22899756622749 0.115818465774141 -1.57580383343995 -2.76252480646203 0.699885246763038 13.1385091558816
0.560636151177518 -0.164306558565561 0.104432210248613 3.22817548568481 0.116382428116702 -1.57736368057214 -2.91153960254596 0.707731565624103 13.5919171345819
0.560624932481134 -0.164212345638959 0.104351171149166 3.22732859598084 0.117032305667753 -1.57705919067218 -3.06495232584251 0.722504812189377 14.0749493988079
0.56047036309498 -0.163923330219385 0.10428711353081 3.22647683341903 0.117823519171759 -1.57430770154521 -3.21499774564718 0.752227855660643 14.6043385793856
0.560169325405159 -0.163442844932085 0.104241889187765 3.22563812991456 0.118785211193369 -1.56907168596342 -3.34652319249653 0.806884296899152 15.1911146229086
0.559783220747058 -0.162863207826344 0.104210561053765 3.22482418936786 0.119880931710968 -1.5624053468114 -3.44098943257759 0.89290285385339 15.8274721255574
0.559426792453935 -0.162345349664486 0.10418133442805 3.2240345249293 0.121005458403737 -1.55625996715013 -3.48789630139123 1.00680361991393 16.4832499912361
0.559200675476082 -0.162023698125943 0.104142205105223 3.22325774026349 0.122046340797863 -1.55233861390718 -3.49257718186017 1.13622951209525 17.1229927085704
0.559138302371561 -0.161936687756285 0.104087515605672 3.22248047767924 0.122948201668257 -1.55120085291934 -3.47063311806369 1.26827382048382 17.7266831181515
0.559216057271671 -0.162045542871141 0.104018022007198 3.22169402086698 0.123716693299194 -1.55244067220914 -3.43711891811445 1.39551474469334 18.2931975973371
0.559390898972938 -0.162287715541904 0.1039372319213 3.22089421016159 0.124385253369083 -1.55532622590809 -3.40144269640934 1.51592406955104 18.8312616242575
0.559624421383237 -0.162609241937709 0.103848599757514 3.22007829661271 0.12498816142704 -1.55920692855599 -3.36803135449958 1.63028648031897 19.351165547517
0.559888740381944 -0.162971675236042 0.103754572920512 3.2192419287072 0.125550279499605 -1.5636121141497 -3.33855398526059 1.74023191115096 19.8612836032167
0.560163649006988 -0.163347376393361 0.103656687500499 3.21837672177484 0.126085929164453 -1.56820218938636 -3.31352686831369 1.84740757920693 20.3675345049059
0.560431398950353 -0.163711867569354 0.103556070240394 3.21746790256827 0.12659987150324 -1.57267991800921 -3.29298288401656 1.9533751480334 20.873646522205
0.560671211350125 -0.164035925439441 0.103454179684996 3.21649205238925 0.127087272656466 -1.57669700016915 -3.27635297146084 2.05986867197732 21.3810705008042
0.560854461748807 -0.164278589848122 0.103353842421894 3.2154166951723 0.127532192321919 -1.57977125764236 -3.26162171073438 2.16920539772157 21.8879906725593
0.560943375257784 -0.164385103974916 0.103260451705991 3.21420651055904 0.127906702714077 -1.581261700894 -3.24389501980961 2.28458692074374 22.3874598049048
0.56089961032245 -0.164299077700184 0.103182383509009 3.2128426038095 0.128176317310269 -1.58050979235226 -3.21431581432693 2.4097372834015 22.8661235698502
0.560707190370245 -0.163995679152035 0.10312874907971 3.21135186342453 0.128317722259762 -1.57722598037097 -3.16160619606114 2.54727703558474 23.3070577928481
0.560396243613332 -0.163516714476969 0.103104075800919 3.20981887038839 0.128341730363613 -1.57189803705635 -3.07767961429637 2.69647911943653 23.6987164450359
0.560036665409018 -0.162962606138574 0.10310437114984 3.20835025832122 0.128296186139684 -1.56569676271208 -2.96333948581682 2.85288746451586 24.0435123630404
0.559698558278081 -0.16243556507141 0.103119628743678 3.20701671279978 0.128238794381459 -1.55981309570785 -2.82746453593445 3.01090662386097 24.3560110968134
0.559420004269499 -0.161992278552006 0.103140050222511 3.20583144870196 0.128208164350491 -1.55490673885322 -2.68071751171581 3.16668521225257 24.6529273247951
0.559206886124284 -0.161642804623906 0.103159649469177 3.2047724575988 0.128217944973917 -1.55109355724632 -2.53069154858335 3.31879383228532 24.9457556525026
0.559049431948146 -0.161374193623666 0.103176008068687 3.20381255407931 0.128267106893371 -1.54822091897045 -2.38113961357964 3.46728885486196 25.2397929511138
0.558936114183817 -0.161170709525288 0.10318862001489 3.20293619137801 0.128351076534441 -1.5461030431523 -2.23325715081188 3.61265010948568 25.5361658729924
0.558860165290467 -0.161023493824183 0.103197556208036 3.2021448889626 0.128468180150558 -1.54463299443542 -2.08698899946928 3.75516451720571 25.833689551996
0.558821435467289 -0.160933460815736 0.103202770666834 3.20145827096558 0.128622539293542 -1.54381550270383 -1.94174220723561 3.89466562794896 26.1296214596818
0.558826389265385 -0.160911424089789 0.103203849206723 3.20091435702469 0.128825421469773 -1.54376723790251 -1.79658842197135 4.03043901560191 26.4194446290086
0.558887299446854 -0.160976942919597 0.103200016636524 3.20056895395467 0.12909587594466 -1.54470206675605 -1.65015252732656 4.16120457688601 26.6960159922983
0.559020262191853 -0.16115525161934 0.103190350104189 3.20049103489442 0.129460103035028 -1.54689448652863 -1.50034981243473 4.28520317906824 26.9485070929126
0.559240806974948 -0.161470361041671 0.103174234638556 3.20074881291965 0.129947788001355 -1.55060032148962 -1.34415320553343 4.40050683200063 27.1619020273324
0.559556073990814 -0.1619327810568 0.103152064883581 3.20138194269088 0.130583257697905 -1.55591855392451 -1.17767157990267 4.50568915328494 27.3183355054531
0.559954848211244 -0.162523987024928 0.103125976006482 3.20236357408696 0.131371536970404 -1.56262007563381 -0.996870625908321 4.60081828241141 27.4015483300798
0.560401105001881 -0.163186583346835 0.103100060509214 3.20357267996112 0.132285292943055 -1.57004485148886 -0.798988091764697 4.68831286558615 27.403990743427
0.560838815849092 -0.163832259002207 0.103079526459308 3.20480692170753 0.133263932033914 -1.57720061128357 -0.583987682278833 4.77287229279378 27.332726229271
0.561209325676492 -0.164369350285745 0.103068983310778 3.20584455111468 0.134231135485601 -1.58307735964157 -0.354912388691227 4.86012034869649 27.2089381190347
0.561470984595163 -0.164733610560241 0.103070945074416 3.20651959211293 0.135121614811726 -1.58698982551759 -0.116657260333869 4.9547136388856 27.0601822114728
0.561608072664254 -0.164901916677166 0.103085526230259 3.20676065287869 0.135899319061639 -1.58872365836201 0.125987538351702 5.05918067630412 26.9107433625223
0.561626317135999 -0.164884942016964 0.103111239405769 3.20657952983579 0.136558767135028 -1.58844770266987 0.369758976838424 5.17399605823914 26.7760271939394
0.561542171216387 -0.164710228374177 0.103146099179412 3.20603404908088 0.137115280146141 -1.58652429531675 0.613329538677744 5.2983978860076 26.6622224740273
0.561373440737951 -0.164407547418496 0.103188418527848 3.20519372668175 0.137593739970508 -1.58334984380798 0.85703098679192 5.43123700312143 26.5688057279441
0.561134242457978 -0.164001104184545 0.103237156204653 3.20412062393255 0.138020991846809 -1.57927317104288 1.10236814096735 5.57148449980067 26.4913013546826
0.560834047174223 -0.163508017650805 0.103291909815538 3.20286514473122 0.138422145292931 -1.57458036164014 1.35153164496686 5.7183273969668 26.4231234331854
0.560480084951406 -0.162941690015538 0.103352622993198 3.20147357902713 0.138818843173542 -1.56952247104762 1.6068119714566 5.87085081214484 26.3564641012407
0.560083271400102 -0.162319921341933 0.103418943157013 3.20000610860426 0.139227113530427 -1.5643703793559 1.86958838790865 6.02723999360093 26.2827502843468
0.559668287866482 -0.161678317091932 0.103489086472924 3.19856450589787 0.139652608639235 -1.55948413562238 2.13848382188857 6.18343970277863 26.193505108362
0.559286244722601 -0.161086627644812 0.103558275689511 3.19732134416483 0.14008241366186 -1.55536562420494 2.40666347105776 6.33158618355603 26.0826264439203
0.559021217222478 -0.160656377766204 0.103617624393993 3.19652338831493 0.1404771935981 -1.55262315620442 2.65968284716653 6.45953374263456 25.9504795123034
0.5589742315395 -0.160518608418814 0.103655404871007 3.1964283494898 0.140774606855743 -1.55177144818497 2.87729739465116 6.55367575973868 25.8077298895844
0.559218630994143 -0.160765086302371 0.103661853072022 3.19717638941869 0.14091355749097 -1.55292837513687 3.04160788804191 6.60541825836422 25.6739893230513
0.559756790727279 -0.161393370196003 0.103634608262791 3.19869486381817 0.14086737711729 -1.55567969427091 3.14692005081905 6.61663346574475 25.5690818834418
0.560521694022546 -0.162311640373561 0.103579555469243 3.20074102770818 0.140655843249841 -1.55929743260611 3.20202219110289 6.5983680418718 25.5034223606586
0.561420090328365 -0.163396607264549 0.103506539887412 3.20304008316087 0.14032672317398 -1.56310954361732 3.22322800879947 6.56419773087767 25.4758116157789
0.562373368364207 -0.164546459388839 0.103424591721494 3.20538922378399 0.139929254904165 -1.56670482563173 3.22592850744154 6.52465210978399 25.4781382221101
0.563331154024867 -0.165697429497404 0.103339911496718 3.20767693358046 0.139499950459952 -1.56991763032121 3.22059029756218 6.48572334724189 25.5009033396763
0.564264846524218 -0.166814541206988 0.103256219545279 3.20985283639735 0.139061629481028 -1.57272050201614 3.21281759978434 6.44999144126712 25.5361364418925
0.565155256560918 -0.167875290217701 0.103175959239254 3.21188971840837 0.138628279331775 -1.57512610378548 3.20489064770834 6.41826474774438 25.5779475649691
0.565981266070404 -0.168855119253795 0.10310149499631 3.21375364490691 0.13821060382257 -1.57712419176632 3.19718404761811 6.39081673584291 25.6219727302837
0.566710651601948 -0.16971596870031 0.10303609905123 3.21538226672635 0.137820632433219 -1.57864471098961 3.18905071723185 6.36814226296631 25.6645487617209
0.56729321436861 -0.170397875546943 0.102984689955188 3.21666962332136 0.137475161384709 -1.57953781671371 3.17928557372286 6.3513764370915 25.701988898612
0.567658843990537 -0.170816656287317 0.102954075500393 3.2174622929488 0.13719737976193 -1.57957597327764 3.16641784028288 6.3424227976478 25.7301907249858
0.56772733706172 -0.170875842307596 0.102952052231757 3.21758185091357 0.137014662690104 -1.57850081638428 3.14908668999489 6.34364702324075 25.7449014294856
0.567437875588146 -0.170502375341341 0.102984598750098 3.21689149028352 0.13694985929622 -1.57613962409892 3.12666014748516 6.35691194986027 25.7429854394191
0.566794220387308 -0.169701253610994 0.10305152553467 3.2153983074339 0.137006773912947 -1.57256920585569 3.0999450509527 6.38208420591023 25.724474156942
0.565895514799163 -0.1685927216374 0.103143464222542 3.21332381049404 0.137158975431674 -1.56821151709008 3.07139925854048 6.41598416486697 25.6939484635537
0.56491388783324 -0.167385134882157 0.1032439548543 3.21105493166285 0.137354958637578 -1.56372759420927 3.0443272477426 6.4530546766725 25.6594129243797
0.564023555754822 -0.166289262897065 0.103336236542201 3.20898516614347 0.137539833975631 -1.55974753833841 3.02147489188253 6.48763383517124 25.6288939052123
0.563337431395616 -0.165441759896959 0.103409378498407 3.20737149448033 0.137676506837762 -1.55665050252278 3.00412931700294 6.51603237164444 25.6074097505203
0.56289271157238 -0.164887874064838 0.103459725822408 3.20630107017248 0.137752160402492 -1.55453369616872 2.99222887965777 6.53704862859698 25.5962503710895
0.562674573373715 -0.164610198243699 0.103488659455037 3.20574400270152 0.137772197980104 -1.55331470508096 2.98504471196828 6.55124659512559 25.5940219453436
0.562646979170495 -0.164565978858655 0.103499637620556 3.20562266425899 0.13775113037919 -1.55284972663911 2.98185328079507 6.55999898099865 25.5979678666155
0.562773441388608 -0.164712259965188 0.10349617288414 3.20585868992989 0.137706091589787 -1.55300920510078 2.98240316170655 6.56486507341805 25.6047368872163
0.563026287241208 -0.165017070558472 0.10348088395425 3.20639405941617 0.137653529400696 -1.55370982628652 2.98726791705265 6.56736427002999 25.6105188112125
0.563388265664064 -0.165461195397761 0.103455235314958 3.20719453166532 0.137607356971085 -1.5549181151603 2.99823408485827 6.56901982889801 25.6107614115704
0.563849233258687 -0.166033614823392 0.103419674122027 3.20824101016684 0.137576432534303 -1.55663352153394 3.01877833228854 6.57154493842984 25.599770557932
0.564398189883926 -0.1667206154882 0.103374134945362 3.20950861198961 0.137559461360631 -1.55884674577532 3.05442988250192 6.57703916427475 25.5706949442232
0.565010285830251 -0.167487984126089 0.103319060029791 3.21093216392286 0.137536932043863 -1.56146583814207 3.11232281011692 6.58796711547881 25.5167762937391
0.565632992259647 -0.168262281731511 0.103256873466591 3.21236970074862 0.137464625668036 -1.56422858877113 3.19882123395641 6.60657329687167 25.4347331776938
0.566185711612535 -0.168931200445626 0.103192962773514 3.21360290736979 0.137280287485575 -1.56668269136191 3.31505690530032 6.63363113601705 25.3293166146552
0.566587726305215 -0.169383350493155 0.103134494451369 3.21441438193903 0.136931200357499 -1.56833323543723 3.45349905940305 6.66736742362519 25.2145963246938
0.566800783493657 -0.16956753821071 0.103087015349116 3.21470328117028 0.136405401556264 -1.56889916856083 3.60028196576746 6.7039768949785 25.1081221095503
0.56684544837139 -0.169514502168743 0.103051826870726 3.21452823961149 0.135735170589777 -1.56843935482264 3.74241164007692 6.73963582672434 25.0220951634471
0.566778098123472 -0.169303874846727 0.103026465823914 3.21404347929367 0.13497163817254 -1.56724291173219 3.87300595445233 6.77209875231391 24.9597138300836
0.566658441657255 -0.169018764873389 0.103006959152091 3.21341039766456 0.134159072836208 -1.56564147117784 3.99114948863218 6.80077941764219 24.9178867742329
0.566533089323743 -0.168723254727006 0.102989550879759 3.21275357539938 0.133325724650997 -1.56390219341391 4.09900192712772 6.82597572365314 24.8915354484907
0.566434828833582 -0.168461827591077 0.102971267340178 3.21215954387176 0.132486781739319 -1.56221341302696 4.19930532210518 6.848145276821 24.8762211690295
0.566387803515703 -0.168266877772981 0.102949812619651 3.21169143564083 0.131650556543596 -1.56071040067955 4.29415816566068 6.86752106146951 24.8689492464309
0.566412328261443 -0.16816562514395 0.102923309612977 3.21140259933984 0.130823597292781 -1.559503690598 4.38465820777041 6.88398048086406 24.8680376689038
0.566527402336358 -0.168183823474755 0.102890128161705 3.211344062494 0.130014030101967 -1.55869692370372 4.47091619694916 6.89703791147229 24.8726980107948
0.566750801931558 -0.168346159430764 0.102848869562954 3.21156560485869 0.129233537904136 -1.55839252813793 4.55217642637671 6.90589395526076 24.8825959456986
0.567097027432293 -0.168673731549159 0.102798510880492 3.21211114044796 0.128498268953934 -1.55868619254804 4.62696968455523 6.90952959314519 24.8974568551604
0.56757352261677 -0.169179130468701 0.102738680028701 3.21300931765098 0.127828585683459 -1.5596515011082 4.69332111608642 6.9068587671473 24.9167243282685
0.568176011779766 -0.169860165147802 0.102669989548702 3.21426122287044 0.127247338561754 -1.56131763904364 4.74906244814338 6.89694910261061 24.9392936737854
0.568884523687768 -0.170694238141244 0.102594299978935 3.21582894801011 0.126776509576187 -1.56364645367378 4.7922676119928 6.87928958656967 24.9633778993252
0.569662210640492 -0.17163616166112 0.102514748936142 3.21763043185537 0.1264326991982 -1.56651865769134 4.82175352527619 6.8540374493658 24.9865772876092
0.570458658670703 -0.172621797293334 0.102435426241703 3.21954540558309 0.126222782971455 -1.56973894152508 4.83750162681511 6.82214499784588 25.0061816900623
0.571217634417961 -0.173577704061196 0.102360720867373 3.22143319729888 0.126141504901154 -1.57306334327753 4.84082984284702 6.78528923186197 25.0196389831407
0.571886878356777 -0.174433877573153 0.102294544529366 3.22315712772144 0.126172207823961 -1.57624132333578 4.83422910545959 6.74561115443717 25.0250317741829
0.572426282464802 -0.175134806640197 0.102239720100087 3.22460637170549 0.126290453799506 -1.57905669561982 4.82093822771108 6.70537030929553 25.0213949504714
0.572811642301447 -0.175644967473191 0.1021977390756 3.22570753787336 0.126468896794034 -1.58135213314083 4.8044551600051 6.66666270849918 25.0087995145945
0.573033500887505 -0.175947812696173 0.102168905364271 3.22642368768704 0.126681327984358 -1.58303045681993 4.78818436840314 6.63130997438672 24.9882600131022
0.573092775513767 -0.176040194109858 0.102152724287863 3.22674408709534 0.12690434209532 -1.58403558380377 4.77530951058152 6.6009401543192 24.9616088715949
0.572995894440481 -0.175925624839537 0.102148337233851 3.22667091684793 0.127115901896969 -1.58432152220627 4.76882754712168 6.57719533091192 24.931485225213
0.572752316309764 -0.175610110291135 0.102154815872659 3.22620986871206 0.127290711629735 -1.58381973719342 4.77153024150613 6.56192645756763 24.9015163052484
0.572377194730682 -0.175104370797512 0.102171152940446 3.22537187862022 0.127393084835067 -1.58241852064119 4.78557763981688 6.55714224656802 24.8766168810943
0.571901170779724 -0.174435821779859 0.102195817054415 3.22419301768459 0.127370136588106 -1.57997648554538 4.8112477485937 6.56437266694119 24.8630445224606
0.571385296201469 -0.173669399541148 0.102225907189036 3.22277305027335 0.127152574003941 -1.57639855972496 4.84479031187285 6.58318012426077 24.8674683962583
0.570929368956574 -0.172923846288559 0.102256438074612 3.2213112356638 0.126673580624861 -1.57177634689989 4.87653807497153 6.6092426198937 24.8943559344413
0.570653864590253 -0.172356555961844 0.102280851141517 3.22009017584345 0.125906660943561 -1.56650750541864 4.89196170588097 6.63375428618602 24.942440547545
0.570651370438417 -0.172104918357501 0.102293299399447 3.21937765354453 0.124896765941245 -1.56124032413664 4.87725604776253 6.64604010021358 25.0033606688329
0.570942392000332 -0.172223020074486 0.102291213266483 3.2193070473765 0.1237493780378 -1.55661575708425 4.82602262598229 6.6382910429456 25.0649173990069
0.571476358161317 -0.172670764916182 0.102275830067749 3.21984258919183 0.122582093405589 -1.55301637409184 4.74117817124982 6.60840112167266 25.1165893639544
0.572170396225189 -0.173356309476917 0.102250555812421 3.2208445524963 0.121482603635194 -1.55052002838934 4.63135094407184 6.5589634012824 25.152624613146
0.572946656007898 -0.174184735896484 0.102219006556902 3.22215588266944 0.120499430699772 -1.54901898836266 4.50616926283538 6.49445102994348 25.171461867667
0.573747526496655 -0.175082102373172 0.102184000680355 3.22365036776879 0.119655307535657 -1.54835716256025 4.37374043885441 6.41909113966269 25.1735598394898
0.574533787331972 -0.175996972662318 0.102147461312263 3.22524024967877 0.118964265657076 -1.54840810870156 4.24039341621455 6.3361140117548 25.1595645194238
0.575276799256336 -0.176892233380776 0.102110737584525 3.22686367447415 0.118443001478058 -1.54909437629807 4.1115093564582 6.24793340741223 25.1293810677565
0.575951439020646 -0.177735916527911 0.102075006120256 3.22846709322605 0.118114558811436 -1.5503689783573 3.9925207637824 6.15675294167958 25.0820515362452
0.576532656889274 -0.178494986154686 0.102041602941545 3.22998958757282 0.118003732731835 -1.55217176918006 3.88953256725168 6.06530968356402 25.0163426342149
0.576997341884352 -0.179134544558614 0.102012182213289 3.23135401224851 0.118123153506281 -1.55436920539975 3.80908016526999 5.97750504471944 24.9320560860964
0.577332269760952 -0.179624596684278 0.101988563273091 3.23247179960831 0.118451991738661 -1.55669944495365 3.75658473496692 5.89849795667251 24.8318337833235
0.577545300668669 -0.179953485384013 0.101972181805749 3.23326669773265 0.118918365847367 -1.55876936639701 3.73371025245327 5.83375339881604 24.7224809145477
0.577671232060789 -0.180139942149905 0.10196335888433 3.23370959728274 0.119404594723973 -1.56014638986559 3.73621626794456 5.78709243186237 24.6142598929087
0.577763553024729 -0.180231649554014 0.101960947809982 3.23383910157447 0.119783739064872 -1.56051653894728 3.75455312614926 5.75892412041499 24.5176565781186
0.577874794132179 -0.180287590758826 0.101962751167144 3.23374697421648 0.11996623345818 -1.55979759828632 3.77749816645287 5.74616090102355 24.4395886519704
0.578039773346265 -0.180357017312858 0.101966399316663 3.23353904935103 0.119922663509789 -1.5581247403098 3.79621624417315 5.74389434714896 24.3818468068636
0.578272110195253 -0.180469511430152 0.101970011368885 3.23330227548852 0.119672926758314 -1.55574475382196 3.80605678046994 5.74739693929421 24.342356413287
0.578571583169065 -0.180638238944293 0.10197231301191 3.23309508993367 0.119259850497092 -1.55291233959256 3.80589594513497 5.75321633377896 24.3176156911002
0.578934361879248 -0.180869536835112 0.101972354307495 3.2329565029349 0.118727109691272 -1.54984015379247 3.79647547836719 5.75925960215176 24.3047080538997
0.579361198124962 -0.1811726864313 0.101969085551758 3.23292248566064 0.118108171745911 -1.54669892354536 3.77894450796662 5.76437384309075 24.3024587015463
0.57986267779011 -0.181567590886752 0.101960947013962 3.23304243890558 0.117423981786896 -1.54364540322461 3.75399500742872 5.76786281351129 24.3120174538384
0.580461678481902 -0.182089636668346 0.101945568887834 3.23339223333905 0.116685777494206 -1.54086070486355 3.72155214280369 5.76913906090217 24.3371382246315
0.581191485039032 -0.182789269315769 0.10191976865311 3.23407842509156 0.115901454040372 -1.5385850074971 3.68097874966376 5.76758277589556 24.3839948306868
0.58208513427994 -0.183719983293317 0.101880242682005 3.23522121072603 0.115085466031639 -1.53712484455032 3.63190374579594 5.76266902665056 24.4597646647443
0.583151341669338 -0.184907287421762 0.101825404594557 3.23689958079959 0.11427062397978 -1.53679153339419 3.57572726150291 5.75441045916804 24.5689296121368
0.584342654721976 -0.186303809605003 0.10175806170636 3.23906275705701 0.113513911718302 -1.5377424271682 3.51716995656136 5.74395409054137 24.7076084308686
0.585543122527952 -0.187765793004507 0.101686815050472 3.24147036761087 0.112883828329969 -1.53979622794964 3.46417046849638 5.73375911208704 24.8599493174055
0.586605628165018 -0.189095500101844 0.101623512185955 3.24375356221323 0.112429150811209 -1.54241338830859 3.42492341878449 5.72678340475911 25.0023258148771
0.587421330325842 -0.190133730399387 0.101577697461233 3.24558557247713 0.11215408845999 -1.54493431310749 3.40394504741791 5.72509625282848 25.1142973575004
0.587960277640359 -0.19082187217146 0.101552889234742 3.24681451944817 0.11202320488485 -1.54687854138065 3.40069900077109 5.72914125686592 25.1868443867707
0.588257068973543 -0.191190942702911 0.101547234414386 3.247462021954 0.111986484095786 -1.54805941756167 3.41135702853813 5.73809994871368 25.2219718372995
0.588372464257313 -0.191313321047656 0.10155639912041 3.24764071140475 0.111999985698018 -1.54851002127316 3.43129357901645 5.75068495351544 25.2273028472044
0.588365025484362 -0.191263662201329 0.101575905963883 3.24747885523243 0.112032452053032 -1.54835902590469 3.45649957238282 5.76568661741455 25.2112900935667
0.588280631571119 -0.191102477943494 0.10160210429735 3.24708393849168 0.112062384062586 -1.54774444652492 3.48381702126783 5.78213614565693 25.1809733342952
0.588153423481231 -0.190875359318732 0.101632184631488 3.24653578904573 0.112071545535448 -1.54677457948178 3.51053439051447 5.79921245369958 25.1416101391206
0.588011788500989 -0.190619455790995 0.101663721966185 3.2458940491826 0.1120373136046 -1.54551712264862 3.5337247588454 5.81599214395622 25.097176982274
0.587886704583495 -0.190373272804551 0.101693958118485 3.24521211280925 0.111924007641545 -1.54400110075113 3.54949463740322 5.83105014676452 25.0512029161637
0.587821472757294 -0.190188300211482 0.101718898581905 3.2445554525402 0.111674345622345 -1.54222781575174 3.55238953430682 5.84190889317454 25.0077359984164
0.587878981139652 -0.190138038650403 0.101732572159508 3.24402071322901 0.111208474980663 -1.54019815863142 3.53574862450921 5.84456497883463 24.9721408684984
0.588133798944406 -0.190309925464714 0.101727661287607 3.2437384348693 0.110448915520031 -1.53796521165416 3.49455379337751 5.83394540962762 24.950765832548
0.588632521888188 -0.19076071081203 0.101699188114518 3.24382689671326 0.109384808114597 -1.53568918142308 3.43121749691523 5.80650819501365 24.9480927433686
0.589339373834469 -0.191453546384935 0.101649870566033 3.24430021527854 0.108130759608348 -1.53361378675035 3.35924006437018 5.76406752925962 24.9623950707727
0.590137226927145 -0.19225696818819 0.101590466925477 3.245030048397 0.106884538791927 -1.53192880285376 3.29700470750135 5.71414301921132 24.9852929795609
0.590904654797861 -0.193031799309338 0.101532667436913 3.24583381417395 0.105800391714616 -1.53065928786675 3.25608409913032 5.6650112618255 25.0073927271564
0.591580240033991 -0.193705813426196 0.101482743562484 3.24658637648283 0.10492239212092 -1.5297043975436 3.23726929006954 5.621187860123 25.0235156630824
0.592160049690257 -0.194272518633795 0.10144146735176 3.24724587463962 0.104217992421016 -1.52894000966551 3.23528546765806 5.58330059294936 25.0329207916616
0.592665647577389 -0.194755280175195 0.101407030078903 3.2478202819303 0.103633718392457 -1.52827543266822 3.24406709149669 5.55011405160865 25.0370279724979
0.593121196030233 -0.195181073601632 0.101377241818946 3.24833350061023 0.103124709491371 -1.52765927477028 3.25897774627423 5.52007694545997 25.0376600805644
0.593544991094997 -0.195570564285745 0.101350390379255 3.24880895910168 0.102661473286536 -1.52706757000645 3.27694787888853 5.49192824021936 25.0363610040825
0.593948539226873 -0.195936898159189 0.101325370611192 3.24926539364753 0.102227813157607 -1.52649284220209 3.29593269349023 5.46477994331654 25.0343268249007
0.594337905817461 -0.196287233994798 0.101301586862487 3.2497178588477 0.10181768644635 -1.52593846168011 3.31430254728422 5.43802753937999 25.0325574815252
0.594715191249689 -0.196624589243156 0.101278850463473 3.25018040632063 0.101433585417773 -1.52541785465594 3.33027562271219 5.41124585912825 25.0320557778316
0.595079697363285 -0.196949563610462 0.101257341371296 3.25066909819587 0.101086902903917 -1.52495764112304 3.34133971795957 5.38412955366611 25.0340059363958
0.595429160175662 -0.197262462621803 0.101237636169925 3.25120450172573 0.100799749580269 -1.52460356150382 3.34365003567261 5.35651612743069 25.0398530186369
0.595761997885879 -0.19756686942006 0.101220741631946 3.25181163623964 0.100605945333771 -1.52442537590373 3.3316639505423 5.3285411710209 25.0510892191973
0.596081761774504 -0.197875379010626 0.101207950888753 3.25251276595254 0.100545102598164 -1.52450936778838 3.29890162477345 5.30095211571161 25.0683960603513
0.596403297508027 -0.198215054571355 0.101200214199046 3.2533081024089 0.100640595653199 -1.5249189649183 3.24127753124065 5.27541311453286 25.0899765863105
0.596754631395877 -0.198623770309482 0.101197000517978 3.25415193207922 0.100863542407221 -1.52562206993457 3.16277617224186 5.25424630710978 25.1101826726355
0.597165559220061 -0.199130115152994 0.101195676853285 3.25495570940277 0.101118946219093 -1.52645121205702 3.07789922232733 5.23916958743741 25.1210708344835
0.597648142330272 -0.199731900564473 0.101192726786561 3.25563684384633 0.10129269303158 -1.52718186262253 3.00460014340305 5.22998378191244 25.1171511610937
0.5981908902328 -0.200399653904323 0.101185865375707 3.25616694012669 0.101320070955185 -1.52766877540043 2.95349631625778 5.2248257404422 25.0984233680171
0.598771564807571 -0.20109935054081 0.101174760195075 3.25656914086025 0.101202391027074 -1.52789300814502 2.9249489893876 5.2215905066135 25.068665767819
0.599370876527956 -0.201807875541658 0.101160233599895 3.25688511711795 0.100976044661732 -1.5279112019946 2.91370733279336 5.21887839913512 25.0321454911641
0.599976839231397 -0.202514080288314 0.101143319821808 3.25715131508739 0.100681429557351 -1.5277953739968 2.91378385794441 5.21605027569144 24.9919138536642
0.600583086574938 -0.203213886168721 0.101124821417251 3.25739251909679 0.100350260910074 -1.52760481053986 2.92054146314498 5.21292798226748 24.9496636686361
0.601185996345303 -0.203905762038666 0.101105235646295 3.25762387757066 0.100005010643265 -1.5273817778422 2.93088680730374 5.20953317180449 24.9061172513158
0.601782390408591 -0.20458782277975 0.101084816158662 3.25785440754963 0.0996623326953616 -1.52715578127871 2.94283193486198 5.20594342420183 24.8613784251507
0.602367760421393 -0.205255813536601 0.101063655137299 3.25808948633098 0.0993367950080919 -1.52694848442708 2.95501158876423 5.2022268790303 24.8151183026829
0.602934526493514 -0.205901070627174 0.101041760383643 3.25833188730129 0.0990439959928122 -1.52677656723398 2.96630327128902 5.19840997048288 24.7666197843301
0.603469926443935 -0.206507834996189 0.101019141675385 3.25858130433479 0.0988028985321313 -1.52665138781857 2.97554674858332 5.194448680921 24.7147353062308
0.603953524784781 -0.207049828317646 0.100995937050474 3.25883216352782 0.0986368356906571 -1.52657413038722 2.98135173262186 5.19018658990981 24.657831978589
0.604355300776718 -0.207487257472366 0.100972608686771 3.25906958635444 0.0985715299773721 -1.52652488556865 2.98204308925206 5.18529627371572 24.5938596582874
0.604637189437118 -0.207768002169286 0.100950194156022 3.25926451150391 0.0986271946918277 -1.52644626075328 2.97589087453241 5.17922771175728 24.520779419912
0.604762949643997 -0.20783973410849 0.100930467132594 3.25937206263319 0.0988026519450416 -1.52623014853063 2.96181270641667 5.17123620175658 24.4376007467837
0.604718886864135 -0.20767731332081 0.100915681642077 3.25934063940495 0.0990568044455821 -1.52572889690213 2.94046837384007 5.16059234771183 24.3458588016683
0.604535654222315 -0.207313781157556 0.100907656285122 3.25913526599924 0.0993056097279497 -1.52481018580405 2.91496069521935 5.14696818869726 24.2504035618098
0.604288216188975 -0.206844178582211 0.100906629079253 3.25876198748135 0.0994514149048681 -1.52343364501819 2.89001413016175 5.13072569622399 24.1580439206959
0.604064488418467 -0.206386554314976 0.100910919793098 3.25826947280698 0.0994296881861723 -1.52168267430696 2.86976826947737 5.11277157351272 24.0744622254901
0.60392799940944 -0.20603139298942 0.100917756070186 3.25772464961602 0.0992332631644364 -1.51972015064861 2.85601698524703 5.09406515459658 24.0019982542936
0.603904747812592 -0.205821006375653 0.100924394382782 3.2571862840766 0.09889967316239 -1.51771730018334 2.84816322997428 5.07521860678611 23.9398620207682
0.603994104166923 -0.205761633045655 0.100928665683884 3.25669516852757 0.0984840323027713 -1.51581411685635 2.84426931092781 5.05641587617589 23.8857280667879
0.604185623149044 -0.205845141429616 0.100928917864546 3.25627844930604 0.0980402463055445 -1.51411871991784 2.84205693472874 5.03753372545553 23.837116823692
0.604470171259618 -0.206064195406096 0.100923743550292 3.25595791500056 0.0976147573046521 -1.51272328744107 2.83941628129325 5.01829038239684 23.7920210085615
0.60484401751086 -0.206418191208696 0.100911780964373 3.25575607140201 0.0972471623934892 -1.51171794341461 2.83455606170362 4.99835126131044 23.7489908879975
0.605308231089644 -0.206912605982292 0.100891698017975 3.25569828430787 0.0969720678474942 -1.5111946986789 2.82603613005945 4.97739874912549 23.7069954834725
0.605865364211936 -0.207554214436296 0.100862384912382 3.25581088587335 0.0968190705399602 -1.51123905297049 2.81283995140164 4.9551930701649 23.6652459163212
0.606514509034134 -0.208343609594241 0.100823341654097 3.25611540500096 0.0968096662464388 -1.51190911417186 2.79454504681803 4.93164188773297 23.6230578069418
0.607245748353852 -0.209266558364127 0.100775183570228 3.25661969567755 0.0969513691326897 -1.51320545429096 2.77156151238958 4.90687552808568 23.5797805470546
0.608035750439841 -0.21028697889287 0.100720080554308 3.25730839847311 0.0972310641361171 -1.51504123437067 2.74532313896449 4.88130020337147 23.5348021879632
0.608846959453519 -0.211345506900762 0.100661855526619 3.25813719899261 0.097611305585176 -1.51722855948437 2.71826174825423 4.85558591189789 23.4876199322364
0.609632215505511 -0.212366689410155 0.100605520998962 3.25903562872781 0.0980333812610086 -1.51949618525989 2.69344114605104 4.83055843016468 23.4379382801675
0.610344103715221 -0.213273815378788 0.100556298518651 3.25991977531057 0.0984280895334096 -1.52154007733259 2.67390037923471 4.80701253420396 23.3857358277131
0.610945313180822 -0.2140055110229 0.100518499905129 3.26071048582805 0.0987304952980731 -1.52308819914671 2.66195415031435 4.78551663174295 23.3312535441434
0.611415475964724 -0.214526816591216 0.100494760074482 3.2613491025164 0.0988922298606843 -1.52395104324071 2.65874340157945 4.76628860377989 23.2749033190255
0.611752297869083 -0.214831120174904 0.100485879431484 3.26180475795422 0.0988867115946903 -1.52403942203861 2.66416659747416 4.74917588449996 23.2171407972873
0.611968197486973 -0.214934777145262 0.100491168482193 3.26207274992675 0.0987071992360102 -1.52335143851053 2.6770971357338 4.73371135887256 23.1583566548038
0.612085485536427 -0.214869232153487 0.10050897545341 3.26216778810286 0.0983610339342181 -1.52194460067687 2.69567920430959 4.71918854908951 23.0988180548512
0.61213275676227 -0.214674996775582 0.100537093236581 3.26211667266505 0.097864073317919 -1.51991038788558 2.71752754019754 4.7047135011123 23.0386652038513
0.612143753946542 -0.214399706652615 0.100572868733923 3.26195334896007 0.0972381913083463 -1.51736257437071 2.73976114211891 4.68922644769575 22.9779570070265
0.612158505827353 -0.21410033471991 0.100612964399494 3.26171720756742 0.0965133222059534 -1.51444400607463 2.75891544013952 4.67152720180199 22.9167643498572
0.612225083778082 -0.213847529840937 0.100652851166262 3.26145373266994 0.0957341166930388 -1.5113503829263 2.77090273096483 4.65038029960739 22.8553144551995
0.612398495315831 -0.213727131958628 0.100686334534888 3.26121483877806 0.0949686798606842 -1.50835947835199 2.77133620924907 4.62480355242579 22.7941710486107
0.612731815856377 -0.213830760181274 0.100705757133408 3.26105454106485 0.0943119732885756 -1.50583672254907 2.75658492459656 4.59459104698842 22.7343696475245
0.613257241303418 -0.214229167278542 0.100703642525488 3.26101630765435 0.0938722709613592 -1.50417582416872 2.72555717794947 4.56089178752148 22.6773409261286
0.61396495135809 -0.214936239194954 0.100675697128777 3.26111528844462 0.0937357094348709 -1.50366321292476 2.68124315904693 4.52633962119871 22.624489109077
0.614798208060639 -0.215890980477214 0.10062331208289 3.26132856421698 0.0939265760919018 -1.50433964758463 2.63039167977169 4.49429064121168 22.5765831803243
0.615675111341827 -0.216979957953668 0.100553207917717 3.26160508005522 0.0943961630006321 -1.50597819833713 2.58089962943769 4.46749300099907 22.5334217670264
0.616522212257726 -0.218085887460776 0.100474288852577 3.26188922018159 0.0950509088271484 -1.50820435915638 2.53876224848772 4.44717450805165 22.4940529636022
0.617295288981597 -0.219125133386768 0.100394305936262 3.26213992802462 0.0957942193192413 -1.51065330659695 2.50672034919855 4.43309523323612 22.4573101651165
0.617979514920823 -0.22005589969526 0.100318360424433 3.26233576354818 0.0965526794788802 -1.51305908448352 2.4848145064002 4.42420220851299 22.4222439298007
0.618578546388896 -0.220866592550262 0.100249156156533 3.26246994610872 0.0972805836174213 -1.51526199317162 2.47167492168041 4.4192727886054 22.3882832538255
0.619103367191265 -0.221560266508105 0.100187941360105 3.26254307889258 0.0979525818012021 -1.51717541863696 2.46557825701296 4.41726962466857 22.3552077743558
0.619565274308772 -0.222143403513278 0.1001353749462 3.26255776955109 0.0985542542248999 -1.5187487448538 2.46500663705034 4.41744144016627 22.3230577328805
0.6199727831111 -0.222620153866485 0.100092070918587 3.26251588143597 0.0990750212562649 -1.51994133942992 2.46882842722786 4.4192889319083 22.2920516429374
0.620330982095389 -0.222990580721442 0.100058838379764 3.26241780688257 0.0995041332366265 -1.52070932070223 2.47627651867451 4.42248164231885 22.2625276215053
0.620642194867473 -0.223251494708988 0.100036683976783 3.26226311105543 0.0998293006031703 -1.52100310386032 2.48683821867549 4.42676461703153 22.2348979390907
0.620907380532126 -0.223399154389229 0.100026613608626 3.26205217950459 0.100037566332793 -1.52077427349756 2.50010956692185 4.43186689327769 22.2095978369594
0.621128049515043 -0.223433529806687 0.1000292449841 3.26178864263333 0.100118281246582 -1.51999121776745 2.51563619349159 4.43741726162723 22.187010162168
0.621308493011715 -0.223363643154443 0.100044266122351 3.26148216890775 0.10006794693217 -1.51866198249105 2.53276132263105 4.44287976767776 22.1673564399404
0.621457843119033 -0.223212647498901 0.100069866430535 3.26115071870457 0.099895939353039 -1.51685892978967 2.55051971040284 4.4475341109643 22.1505666303114
0.621591074884828 -0.223020182559087 0.100102397110952 3.26082082914465 0.0996288560335038 -1.51473414141204 2.56763509733317 4.45053126718897 22.1361723906188
0.6217279640387 -0.222839290106264 0.10013657303487 3.2605246268019 0.099310394735822 -1.51251189944984 2.58266704957072 4.45103532583424 22.1232929420115
0.621889708761466 -0.22272707263505 0.100166359915419 3.26029363278279 0.098994770766809 -1.51045152401061 2.59428864140071 4.44841477023338 22.110764726602
0.622094300499195 -0.222732025208824 0.100186299776792 3.26015156010994 0.0987351081721489 -1.50879059701563 2.60158677215104 4.44239988384644 22.0973929059982
0.622352740746062 -0.222883713374828 0.100192695485051 3.26010943962169 0.0985717384876724 -1.50769326777937 2.60424061191604 4.43312618750981 22.0822205760136
0.622667786889907 -0.223189332580477 0.100184132663401 3.26016520552052 0.0985256153194474 -1.50722645273546 2.60250003100047 4.42104756046014 22.0646960011683
0.623035351038371 -0.223637433916856 0.100161237395777 3.26030725743243 0.0985986787662779 -1.50736899081963 2.59700274472525 4.40677485711725 22.0446865054201
0.62344735125572 -0.224205479846175 0.100125975071501 3.26051975845786 0.0987790933732794 -1.50804114947693 2.5885367477758 4.3909181082078 22.0223750986314
0.623894609203449 -0.224867288833727 0.100080906922383 3.26078756461681 0.0990477443431295 -1.50913669701404 2.57783689518525 4.37398041822833 21.9981143515697
0.624368995109711 -0.225598002342042 0.100028686468938 3.26109986104886 0.0993832292118955 -1.51054521307331 2.56544390596522 4.35630953300542 21.9722948700974
0.62486467427243 -0.226375919534233 0.0999719005880136 3.26145247632503 0.0997641403117775 -1.51215972783265 2.55160539470646 4.33809117221955 21.9452481108106
0.625378564279968 -0.227181319671398 0.0999132557603297 3.2618487635923 0.100168496688808 -1.51386895997585 2.5361857658474 4.31937230764523 21.9171754827485
0.625909942611279 -0.227992459002 0.0998560539111061 3.26229784721858 0.10057075377807 -1.51553531526008 2.51857876027586 4.30012317984095 21.8880885198394
0.626458770451446 -0.228779331384696 0.0998047789131794 3.26280753536199 0.100937713303379 -1.51696467649765 2.49768697719222 4.28036784421444 21.8577610995231
0.627022234823145 -0.229497903663984 0.0997653111419125 3.26336931251751 0.101226758986785 -1.51788804359511 2.47213382358076 4.26040288442404 21.8257353637162
0.627590181715839 -0.230091552598089 0.0997439368437029 3.26393858343436 0.101392344189423 -1.51799467222279 2.44089750774346 4.2410337397952 21.7914656833281
0.628142833481776 -0.230507456542931 0.0997446610403874 3.26442589856786 0.101404454234008 -1.51704874500498 2.40426724994396 4.22359932944757 21.7546447689169
0.62865539794283 -0.230724488830332 0.0997661235609029 3.26471993662987 0.101270372649998 -1.51504366978005 2.36441806504281 4.20955004674781 21.7155556673308
0.629108868027042 -0.230770631531081 0.0998010803598327 3.26473805625224 0.101039104795308 -1.5122573203882 2.32479663240601 4.19974157609922 21.6751214966324
0.629498438848553 -0.230711009438872 0.0998395868040896 3.26446471429175 0.100779944557857 -1.50913219133667 2.28859880743871 4.19402412917232 21.6345481546022
0.629832782415202 -0.230617524025791 0.0998731471431151 3.26394789392911 0.100553801283499 -1.50608601507054 2.25761106457692 4.19143530128216 21.594884357369
0.630127114191572 -0.230546075091229 0.0998967055971148 3.26326866835226 0.100399410409483 -1.50340408118756 2.23211065088818 4.1906793555408 21.5568433492772
0.630396746714913 -0.230531551311608 0.0999082410548301 3.26251568380789 0.100336874643109 -1.50124435192196 2.21141673169181 4.19045042929129 21.5208935702914
0.630654045401777 -0.230593602987815 0.0999074680015819 3.26177881172884 0.10037879617347 -1.49969706050131 2.19445665164428 4.18945451322429 21.4874196727252
0.630908009118055 -0.230743742323366 0.0998948295779981 3.26115935762952 0.100541353389538 -1.49884436458867 2.18009143030235 4.18619944865967 21.456741039482
0.631164944344375 -0.230988022968406 0.0998712727463849 3.2607879501833 0.100851827924382 -1.49879125887626 2.16726980185695 4.1786826795806 21.4287192175248
0.631429352788221 -0.23132121747467 0.0998390554770065 3.26083069767397 0.101346844853437 -1.49963434690437 2.15523139586803 4.16426505881444 21.4015230889122
0.631704801620562 -0.231710203922737 0.0998035234935033 3.26143535003998 0.102046708894299 -1.50131034911952 2.14402186455081 4.14049432273664 21.3693922056472
0.63199465397109 -0.232079482054317 0.0997739636859366 3.26256402907235 0.102896461113055 -1.50334176292323 2.13521360810104 4.10777852813167 21.3214873651135
0.632302011077205 -0.232339680342121 0.0997592541830477 3.2638324323309 0.103730582638725 -1.50482755342855 2.13160824620002 4.07208677654646 21.2470391034195
0.632628463068261 -0.232463024342865 0.0997597777576292 3.26469702980146 0.104367183622322 -1.50504997652171 2.13496867058984 4.04214200944167 21.1453412689115
0.632973328750038 -0.232505933055937 0.0997671508049406 3.26488839873388 0.104750813222083 -1.50404172684022 2.14436389619762 4.02244090903582 21.0264815655877
0.633334715213918 -0.232546349599234 0.099772359080865 3.26450226041964 0.104948591920074 -1.50233126409027 2.15738663274181 4.01154499015481 20.9014009546127
0.633710919631347 -0.232635152834682 0.0997703319908081 3.26376610851145 0.105054621090693 -1.50043268121962 2.17188198230341 4.00565620697488 20.7757186137751
0.63410099202939 -0.232798421411019 0.0997586905075735 3.26287055980508 0.105139494531175 -1.49868231919386 2.18631279042943 4.00126540688878 20.6504669154784
0.634504592520467 -0.233056480519927 0.0997352331212337 3.26194314414497 0.105251773110587 -1.49731534395654 2.19931957711916 3.99550097321729 20.5243418860186
0.634921078575933 -0.233437491705212 0.09969635344711 3.26107672348695 0.105434013314069 -1.49657301409112 2.20917873926259 3.98556829692898 20.3949888305197
0.635347106385735 -0.233979641900103 0.0996368315552468 3.26035733252873 0.105734240854324 -1.49675782660034 2.21342869032078 3.96831591397166 20.259686284002
0.635772125508563 -0.234714492137681 0.0995519338113062 3.25986956393149 0.106202929191449 -1.49818048608948 2.20902659657062 3.94065891345133 20.1164683045603
0.636173785016428 -0.235623199655299 0.0994430546569331 3.25966288386226 0.106864445851031 -1.50092743659645 2.19373769221429 3.90158721350545 19.966422189881
0.636521035580176 -0.236587021711863 0.099324454784326 3.25968493777737 0.10766892088868 -1.50451885923143 2.16882956442703 3.85517518243174 19.8160278919631
0.636791469285993 -0.237406746888382 0.0992215073443479 3.25975735445644 0.108479666091616 -1.50787961049809 2.14049790997487 3.81084856994162 19.6756711946731
0.63698908989153 -0.237921254283681 0.0991557975438531 3.25967292969007 0.10914730364659 -1.50994232050739 2.11676111179563 3.77803544381085 19.5531956734392
0.637139724019752 -0.238102303330041 0.0991323271466889 3.25932838433472 0.109601813890494 -1.51029877413269 2.10244056176523 3.76034149935356 19.4492492062107
0.637271471016398 -0.238026489113254 0.0991423364707425 3.25874839386273 0.109861951948652 -1.50919719558703 2.09780831171001 3.75550640973467 19.3591732248118
0.637403361480584 -0.237796614800289 0.099173250793072 3.25802376837904 0.109985511024916 -1.50714172378367 2.10066907766243 3.75890045564183 19.2771791972878
0.637546337208497 -0.237498616729061 0.0992145175570961 3.25725950615162 0.110029501311523 -1.50461096309079 2.10842099161553 3.76595842160058 19.1983603844365
0.637708665797565 -0.237198753295533 0.0992583489988205 3.2565617118787 0.11003821081705 -1.501997098292 2.11877956913129 3.77261564016272 19.1184668563921
0.637900821447598 -0.236956692600823 0.0992983666718517 3.25604576871351 0.110046267637157 -1.49965252672396 2.12958224965716 3.7747401773422 19.0327476336697
0.638138319622355 -0.236837891722999 0.0993282030512196 3.25584230894576 0.110084636414095 -1.49794502375198 2.1382428249298 3.76750708132199 18.9347716606749
0.638440529681082 -0.236913540722376 0.0993412760353541 3.25607592264518 0.11018259742405 -1.49724939439533 2.14134092520657 3.74559131822884 18.8162327252952
0.638822079728041 -0.237235845138359 0.0993328219631633 3.25679565349985 0.110360785324531 -1.49781125568399 2.13505187714199 3.70514409737044 18.6693358997807
0.63927813016736 -0.237792669960331 0.0993038081434033 3.25788591949549 0.11061667305396 -1.49951631842896 2.116967831988 3.64724501121043 18.4921745089198
0.639777800821313 -0.238487407576629 0.0992626701761153 3.25906876717674 0.110918280281464 -1.50181489411556 2.08816678404397 3.57934641203917 18.2926551150271
0.640279594288463 -0.239188649627161 0.0992209326628586 3.26005575729805 0.111221409282967 -1.50401318920628 2.05289333081388 3.51141448988043 18.0848039016929
0.640755067320911 -0.239806129536756 0.099186521030193 3.26070415583665 0.111495668956462 -1.50566966736901 2.01576479056089 3.45018067889011 17.8802945778947
0.641196625135367 -0.240315989581157 0.0991615248677703 3.26102749749316 0.11173316395981 -1.50670107451725 1.97958839656222 3.3973122234936 17.6841150826105
0.641609632190032 -0.240735905031628 0.0991443712288039 3.26111109823325 0.111940084641021 -1.50723229768162 1.94527551841767 3.35136099598795 17.4961351860175
0.64200271436196 -0.241094375663251 0.0991325128013771 3.26104080769514 0.112126305455478 -1.50743187570253 1.91274815969016 3.31010152182772 17.3142549077277
0.642382721173188 -0.241414942706326 0.0991238009258435 3.26087544225802 0.112300066346612 -1.50743372447888 1.88170752538533 3.27171147358155 17.1363656127449
0.642753389191208 -0.241712382352607 0.099116796652505 3.26064496853693 0.112466741092026 -1.50732241486668 1.85202013956894 3.23504102151006 16.9610183427496
0.64311544888554 -0.241993771108845 0.0991106383406534 3.26035586351497 0.112629284332794 -1.50714273108375 1.82387170723495 3.19951526647307 16.7874456405239
0.643466875098396 -0.24226037371598 0.0991048150791382 3.25999534597633 0.112788988516193 -1.50691269645444 1.79784689887995 3.16497393958503 16.6153814744516
0.643802830359686 -0.242508977112598 0.0990989610096331 3.25953259299908 0.112946084390947 -1.50663365728111 1.7750142070694 3.13154803718435 16.4448460728378
0.64411531099969 -0.242732594036757 0.0990926786366116 3.25891793044671 0.113100137886406 -1.50629744024899 1.75702432186907 3.09957540844597 16.2759014284933
0.644392850404195 -0.242921075650082 0.0990853692339129 3.25808295962866 0.113250349188146 -1.5058929256988 1.74615858054584 3.06951478198092 16.1083069520871
0.644621106428117 -0.243062652190752 0.0990760626838784 3.25694726571821 0.113395914877724 -1.50541515238555 1.74516401278013 3.04179285591278 15.9409880987571
0.644785759326726 -0.243147822916081 0.0990632960366088 3.25544033313855 0.113536614404563 -1.50487946567334 1.75659709890278 3.01651219757849 15.771315391737
0.644879197751179 -0.243176605915819 0.0990451874435584 3.25354578857787 0.113673650831068 -1.50433924930598 1.78141762525382 2.99300748042842 15.594473369947
0.644910291700251 -0.243167408232953 0.099019909474032 3.25135906863623 0.11381038560379 -1.50389654721869 1.81705981195418 2.96943536654184 15.4036527044234
0.644911271169317 -0.243160682634309 0.0989865728980881 3.24911719360968 0.113952111750097 -1.50368644809878 1.85627131778652 2.94284564763202 15.1918862344151
0.644932356405704 -0.24320913918561 0.0989460124821443 3.24714640252204 0.114104213776676 -1.50382729269068 1.88854736871722 2.91008921222366 14.9551781444276
0.64502266957528 -0.243356490099241 0.0989006959364198 3.24573284542982 0.11426952390273 -1.50436467948099 1.90419490833918 2.86916046238659 14.6947045161039
0.645210755233169 -0.243620285555715 0.0988536631584096 3.2450096478473 0.114446861210601 -1.50525475508245 1.89812813000673 2.81993085319757 14.4160511546474
0.645499128207676 -0.243991163113198 0.0988073587205835 3.24494240914435 0.114631632171578 -1.5063957274908 1.87060571400085 2.76377503819285 14.1262700657208
0.64587233852574 -0.244444249742269 0.0987631451316918 3.24539424132439 0.114817362237298 -1.50767312294629 1.82529998090042 2.70263998872751 13.8312510206711
0.646308207444612 -0.244951025806587 0.0987214889800584 3.24619962408608 0.114996683275859 -1.50898693265439 1.76691369744074 2.63830924912279 13.5347215954159
0.646785049556131 -0.245485480922498 0.0986824018724798 3.24720621123225 0.115161285347792 -1.51025594621963 1.69973133421569 2.57211095209846 13.2384982291347
0.647283999915863 -0.246024984722365 0.0986458429215651 3.24828471137643 0.115301082805319 -1.51140926058295 1.62718046486546 2.50493363689156 12.9431672328264
0.647788280485509 -0.246548358358154 0.0986120153027435 3.24932138519033 0.115402995910691 -1.51237435950527 1.55197861439779 2.43736188924726 12.648721666601
0.648281153767915 -0.24703309434128 0.098581593734164 3.25020520658512 0.115449766270492 -1.5130669911893 1.47650834270958 2.36982644317322 12.3550454052083
0.648743688568935 -0.247453017171751 0.098555913816294 3.25081729033527 0.115419478996962 -1.51338661285004 1.40322776786616 2.3027326630118 12.0622962662868
0.649153345503163 -0.247777773037078 0.0985370836165242 3.25102925367884 0.115287039202936 -1.51322280093082 1.33499085252605 2.2365556935199 11.7712483450306
0.649484830217023 -0.247976131858759 0.0985278694481272 3.25071858397995 0.115029384893832 -1.51248000641095 1.27510954068117 2.17188170294879 11.4835671721153
0.649714930625162 -0.248024919472339 0.0985311306979504 3.24980703737911 0.114635512630701 -1.51112413884578 1.22692649812891 2.10935505368345 11.2018439724106
0.649831555898328 -0.24792233286349 0.098548712934956 3.24831396904633 0.114118740118315 -1.50923705446535 1.19278678927598 2.04950112712158 10.9291192673485
0.649842933710753 -0.247698122002792 0.0985802069468269 3.24639102082289 0.113522868709286 -1.50703934314357 1.17278580192508 1.99247748643883 10.6678237425194
0.649779221447187 -0.247409921731511 0.0986225035321544 3.24429574905739 0.112913097802292 -1.50484131730321 1.1642288903665 1.93792275085039 10.4186291720822
0.64968247284551 -0.247123581581527 0.0986707650604138 3.24230240632247 0.112353358891988 -1.50293483615028 1.162498663556 1.88505986682846 10.180066571589
0.649591057511001 -0.246890088518843 0.0987202371765118 3.24060770465261 0.111885046729317 -1.50149790310262 1.16284289730662 1.83300337279537 9.94924204250883
0.649529151063647 -0.246734177186008 0.0987676330932824 3.23929192327498 0.111520469116678 -1.50057089225084 1.16182833119792 1.78104827044379 9.72304226164929
0.649505596541659 -0.246657409274923 0.0988114467120037 3.23834012231917 0.11125020035773 -1.50009587392551 1.15775455056922 1.72878490479199 9.49900493138268
0.649518674110796 -0.246648035703079 0.0988514984983866 3.23768743247439 0.111054852526743 -1.49997300101987 1.15027363340125 1.67605791101662 9.27557113130548
0.649561725067209 -0.246689988169304 0.098888296688718 3.23725689571218 0.110914071794245 -1.5001013878796 1.13978536208708 1.62286545586423 9.05192398926168
0.649627050677935 -0.246768153489935 0.0989225508118127 3.23698001520984 0.110811087313404 -1.50039814329148 1.12696140512382 1.56926818835286 8.82769796337849
0.649707825946159 -0.246870418392654 0.0989548981627635 3.23680356920412 0.11073413508886 -1.50080241038966 1.11247900833218 1.51532912174807 8.60271301528222
0.649798651642223 -0.246987845915893 0.098985781922769 3.23668898057791 0.110676493270514 -1.50127239366416 1.09691572801155 1.46107940337133 8.37676477140136
0.649895356990303 -0.24711404032734 0.0990154077582949 3.23660871116127 0.110636323695028 -1.5017803712649 1.08073693342956 1.40649961443302 8.14944257336632
0.649994392166474 -0.24724426582492 0.0990437335131805 3.23654189297546 0.110616953613166 -1.50230795608063 1.06432659520615 1.35151119536747 7.91993273419285
0.650091893125916 -0.24737454397963 0.0990704821572865 3.23646996443124 0.110627830825614 -1.50284233586054 1.04803176486468 1.29598236992187 7.68677441115669
0.650182337250302 -0.247500797380516 0.0990952078355608 3.23637248403883 0.11068597430776 -1.50337362495076 1.03220044479447 1.23976710080702 7.4475729752771
0.650256701861436 -0.247618109709683 0.099117492219419 3.23622345708118 0.1108170046169 -1.50389341905383 1.01718938978619 1.18281361607665 7.1987684493686
0.650300372329888 -0.24772034384828 0.0991373892451584 3.23598954022031 0.111053460097775 -1.50439489102243 1.00330557051317 1.1253902851255 6.93574449849108
0.650292021438497 -0.24780068581351 0.0991561969156427 3.23563335700778 0.111426373273719 -1.50487495224841 0.990638147057463 1.06844272202682 6.65382108251606
0.650206203003569 -0.247853880986601 0.099177354369468 3.23512631159901 0.11194644487552 -1.50533836403495 0.978781720569145 1.01394723982843 6.35069384998863
0.650022597729513 -0.247880156662544 0.0992066734377468 3.23447099343287 0.112578939831229 -1.50580129462853 0.966600666112274 0.964863417432151 6.02992916680651
0.649739959109348 -0.247888455418994 0.0992508113237904 3.2337199467264 0.113232142082699 -1.50628894485129 0.952356897211905 0.924236937946466 5.70297886873333
0.649384056987426 -0.247894896197965 0.0993141003662601 3.23296786064268 0.113782843210709 -1.50682407072109 0.934378066155887 0.89368194840273 5.38636912041286
0.648999405366423 -0.247915751756553 0.0993960484094717 3.2323130668716 0.114130499308477 -1.50741260199706 0.911863809572153 0.872430835881653 5.09467781986985
0.648630460980655 -0.247960319874627 0.0994916972478815 3.23181859474721 0.114236194409712 -1.50803714978686 0.885155237902652 0.857816933484342 4.83495870290221
0.648308461533863 -0.248028906053371 0.0995940730688255 3.23150242863919 0.114119325422534 -1.50866004825489 0.855360052003775 0.846576130321585 4.60661744717727
0.648050919988769 -0.248115218742184 0.0996963977275858 3.23135337598565 0.113828440430477 -1.5092278143825 0.823813177849996 0.835807267772528 4.40496783984088
0.647868575531719 -0.248209493881377 0.0997930204360541 3.23135180445199 0.113413589232149 -1.50967029216815 0.791761912618548 0.82318494216452 4.22481310855143
0.647772827390091 -0.248300262990982 0.0998795982253579 3.23148268829516 0.112910262947392 -1.50989424843234 0.760304321118146 0.80670911995254 4.06241684916807
0.647780139802837 -0.248374907083006 0.0999535036462188 3.23173926501244 0.112331083287868 -1.50977619613487 0.730436472189465 0.784382410696943 3.91603806863757
0.647911650812276 -0.248420233218431 0.10001526830273 3.23211869122449 0.111659390922361 -1.50916426289398 0.703056616724413 0.754106491570103 3.78553050545253
0.648185578063236 -0.248424723567611 0.100071402637707 3.23261005591288 0.11084369180528 -1.5079059901634 0.678799461615486 0.714061097317222 3.67114564682762
0.648600417844938 -0.248383810304717 0.100137646634136 3.23317632612561 0.10979999282472 -1.50592026963335 0.657634003312657 0.663766160582899 3.57149919679965
0.649113865989556 -0.248307105636909 0.100239294532599 3.23373983216028 0.108435351236699 -1.50330385687617 0.638372410318943 0.605554443709649 3.48128583416737
0.649635981847735 -0.248221629904843 0.100404216536988 3.23419074728445 0.106696193837537 -1.50039528546319 0.618589425701792 0.545210253750235 3.39065107249226
0.650056294196558 -0.248163807005933 0.100649696546524 3.2344281142498 0.104612246508287 -1.49768874409514 0.595429312122012 0.490306700983217 3.28810034745078
0.650293190849016 -0.24816293396645 0.100973379454166 3.23440654923861 0.102290910003414 -1.49561440997579 0.566916098613592 0.446828180767984 3.16551801614236
0.650323894672292 -0.248229889593244 0.101356858359579 3.23414714923441 0.0998618000489164 -1.49436595244419 0.532659249192083 0.416896289012118 3.0209702465057
0.650174883665543 -0.248359027336468 0.101777111610687 3.233709687175 0.0974221495244478 -1.49390078754536 0.493505786895474 0.399183558989669 2.85742480354863
0.649893264632277 -0.248537392935191 0.102215467540119 3.23315824097199 0.0950181707844681 -1.49405046778246 0.450744679721778 0.390781843141008 2.67965435480164
0.649524664572864 -0.248752649735344 0.102660395552727 3.23254277680072 0.0926539127928439 -1.49462385269476 0.405531417364586 0.388761571313083 2.49191987925787
0.649104686702383 -0.248996854832963 0.103106617723791 3.23189629846131 0.0903055898630159 -1.49545584234275 0.358689560599893 0.390853931714094 2.29706383765809
0.648659363439105 -0.249267223376101 0.103553762725238 3.23123899211787 0.0879295368221407 -1.49641231150059 0.310764734377304 0.395518422067765 2.0965126153967
0.648209330769829 -0.249565181539834 0.104006397300273 3.23058330602732 0.0854626714672776 -1.49737229770096 0.262227670589614 0.401743763790085 1.89073219305393
0.647774968323323 -0.24989343736491 0.104476291255585 3.2299374475219 0.0828207579840948 -1.49820059195023 0.213836143875063 0.408749897177493 1.68013196978893
0.647380847628704 -0.250248903020979 0.1049868567422 3.22930622577372 0.0799075502386425 -1.49872190167904 0.167226158944987 0.415616553274753 1.46682373097522
0.647056012821929 -0.250609012649891 0.105576639723277 3.22868831762997 0.076659461541581 -1.49872345000156 0.125628479044672 0.420874704399118 1.25753940346768
0.646823264441756 -0.250916294426008 0.106291912914747 3.22807064488239 0.0731442071739374 -1.49803799944858 0.0939216885403281 0.422366319045701 1.06618334579133
0.646675920242994 -0.251084493017992 0.10715740741759 3.22742670985311 0.0696515972986508 -1.49671877031056 0.0765508615593343 0.418009647329873 0.910874951757933
0.646565020715908 -0.251047862992354 0.108142632997726 3.22672912295325 0.0666056893717163 -1.49513422716724 0.0737238158885841 0.407405484350302 0.802396776057908
0.646426165255346 -0.250812995655871 0.109172166236122 3.22596923396326 0.064285143566602 -1.49376595784995 0.0803548050715834 0.392446100669609 0.734847516363259
0.646221411042269 -0.250445704358788 0.110177891280407 3.22516012908189 0.0626683225565562 -1.49289578388121 0.0898676187000326 0.37584397553989 0.691375122803268
0.645948796588949 -0.250016592642574 0.111130523212963 3.22432224512926 0.0615524351821704 -1.49253638985916 0.0980362492147127 0.359466295485265 0.656598563907737
0.645624569592011 -0.249570336285611 0.112031242234262 3.22347153258973 0.0607281588026429 -1.49256548392806 0.103470030308057 0.34401644113385 0.62202015554624
0.645266707857711 -0.249126987145263 0.112892532000776 3.2226172896403 0.0600522316665177 -1.49284942531011 0.106344630376564 0.329505777695647 0.584617050794586
0.644888594338139 -0.248693045693358 0.113726724547789 3.22176464219637 0.0594436652093392 -1.49329086996145 0.107313961488726 0.315700708053814 0.544039628836964
0.644498601160591 -0.248269979524306 0.114542145745502 3.2209174736518 0.0588601964748834 -1.49383278542406 0.107011643303688 0.302338819592018 0.500794388670652
0.644101280109763 -0.247858805476306 0.115342498913346 3.22008087763153 0.0582789403153791 -1.4944512943208 0.10591615338964 0.289192285112969 0.455424231504645
0.643698322871285 -0.24746230756757 0.116126786636705 3.2192635461651 0.0576846120148943 -1.49515109743301 0.104363659775115 0.276070138303006 0.408228379475666
0.643288733783548 -0.247085930196238 0.116888785728651 3.21848050542522 0.057063692730842 -1.49596682632459 0.102608883373116 0.262816696546674 0.359239274311933
0.642868030225529 -0.246736899578377 0.117616325974141 3.21775560005892 0.0564044153705952 -1.49696820607465 0.100907139680523 0.249354910720148 0.308414164251064
0.642426624438675 -0.246418915643006 0.118292505486903 3.21712010057526 0.0557063821396604 -1.49825794835122 0.0996165151945134 0.235842688514111 0.256219051962496
0.641948995477886 -0.246117826530654 0.118904374541374 3.21659780560068 0.0550063015590529 -1.49993226917335 0.0992895487977715 0.223002360314439 0.204867795471076
0.641418575635643 -0.245779538393987 0.119465330768897 3.21616567283264 0.054413552982287 -1.50196350192992 0.10060834214852 0.212460313463574 0.159806932493923
0.64083301717877 -0.245307132590554 0.120039152141983 3.21571133155413 0.0541035183657088 -1.5040523758977 0.103946785823304 0.206381080743945 0.128993524943969
0.640217686403741 -0.244616984211514 0.120720300501322 3.21506781155763 0.054206597104956 -1.50569295098394 0.108805352642904 0.205870451343325 0.117553907575192
0.639612030072786 -0.243711414758342 0.121563386391406 3.21413836779592 0.0546884141062944 -1.50653900411266 0.114002639965854 0.209776859092334 0.12283911461565
0.639040686480956 -0.242666420672956 0.122549714199841 3.2129559589765 0.05539396335793 -1.50662620991415 0.118574239792077 0.215763008791424 0.137253108882912
0.638505919410225 -0.241561967974635 0.123624634155632 3.2116173883557 0.0561783939569662 -1.50620984505722 0.122206947210761 0.222030126758877 0.154330435561874
0.63799918980956 -0.240446216417477 0.124738723663169 3.21021046828312 0.0569623792050945 -1.50554255574061 0.125000238605142 0.227771305415188 0.170886516140729
0.637511436298658 -0.239340356983966 0.125858411979517 3.20879520101586 0.0577157898659789 -1.50480040119297 0.127143909564497 0.232778128715727 0.186008170982353
0.637036712355518 -0.238252868839731 0.12695981970736 3.20741471542191 0.0584297761368896 -1.5041025481901 0.128764732886056 0.237026346308013 0.199730985778669
0.636572461501674 -0.237189486625928 0.128019788674525 3.20611123051353 0.0590994812836918 -1.50355001625565 0.12988563508118 0.240444923540638 0.212303313494404
0.636119118905593 -0.236158783468254 0.129007726527908 3.20494057900408 0.0597157540730643 -1.50325917101366 0.130418815717589 0.242792190327394 0.223881591910145
0.635679940393812 -0.235175638085715 0.129878168876759 3.20398532959497 0.0602613821879244 -1.50338716609273 0.130163094579346 0.24355976161693 0.23440489337015
0.635260929168001 -0.234263213369818 0.130565723179334 3.20336324645419 0.0607106893272921 -1.50414209122154 0.128816921685804 0.241890718512355 0.243518056268676
0.634869882566445 -0.23345096834148 0.130990412760449 3.2032163235657 0.0610358157733648 -1.50574972868544 0.126059740144056 0.236604312346492 0.250536137123939
0.634512708244057 -0.232762617223615 0.131089995596698 3.20365064815502 0.0612262809003229 -1.50832721731718 0.121783648524438 0.226566316593188 0.25457799174308
0.634186100443446 -0.232190563523461 0.130887941379568 3.20461315955089 0.0613209493881831 -1.5116598206041 0.11646340597095 0.211612765799844 0.255068595235896
0.633871690867283 -0.231674170418593 0.130549639291068 3.20579398639864 0.0614229856396195 -1.51507353125379 0.111318883909499 0.193522080870633 0.252481031663515
0.633542117038601 -0.23111921577971 0.130327622378316 3.20673263330435 0.061655743299074 -1.51770873039848 0.107787810245717 0.175620899354643 0.248487208794126
0.633177446844743 -0.230455362296867 0.130407231226958 3.20709949258906 0.0620859477329032 -1.51905203580184 0.10663308003447 0.160794114253587 0.244995771368731
0.632774055579972 -0.229669257142939 0.1308203243588 3.20684634342579 0.0626991654312062 -1.51914120954845 0.107673927729197 0.150037118966857 0.243084384099813
0.632339313369943 -0.228787634960944 0.13149263620189 3.206114349834 0.0634382234607604 -1.51832748745762 0.11024594431759 0.142801050807979 0.242871542016169
0.631882793213523 -0.227846738693255 0.132325876578226 3.20508370322554 0.0642453590659258 -1.51698618322053 0.113692964633531 0.138036520513215 0.243995835900228
0.631411793437339 -0.226876058965218 0.133240434100519 3.20389745153371 0.0650784606357343 -1.51539457858048 0.117552533617334 0.134845765843426 0.24602912449361
0.630930748213119 -0.225895612395053 0.134181723857579 3.20265138023461 0.0659098807553112 -1.51373175966956 0.121539417822647 0.13265595666544 0.248642400351214
0.630442122734229 -0.224918438022718 0.135112662631345 3.20140837421478 0.0667205534961679 -1.51211535533575 0.125476208005101 0.131176904854732 0.251621179105647
0.629947504011067 -0.223953586857869 0.136004762687012 3.20021477914834 0.0674949279895594 -1.51063592331682 0.129233903751696 0.130318085037653 0.25482921840486
0.629448566407186 -0.223008200395563 0.136831403734531 3.19911263382924 0.0682177425384403 -1.50938086086535 0.132692689708542 0.130124089520918 0.258164534251852
0.628947953543134 -0.222088551150473 0.13756349401153 3.19814766864831 0.0688724058248097 -1.50844938673353 0.135718159747114 0.130734122320512 0.261518772167027
0.628450154784028 -0.221200139791254 0.138167286299162 3.19737375296408 0.0694408235386706 -1.50796034437343 0.138148565020975 0.132354513842788 0.264739415609188
0.627962338730518 -0.220346851898835 0.138604656752399 3.19685350586518 0.0699048926080499 -1.5080520093776 0.139792891822683 0.135229082011364 0.267593744370538
0.627494878704033 -0.219529116523578 0.138836844236162 3.19665348838595 0.0702501497207477 -1.50887026610801 0.140443949129524 0.13959138500589 0.269738960133511
0.62706099992144 -0.218741192185296 0.138832850878381 3.19683175197356 0.0704718316398678 -1.51054036661539 0.139912809314171 0.145586315265233 0.270712536401352
0.626674770166405 -0.217968295505093 0.138582515247745 3.19741699837643 0.0705824271813168 -1.51312110953302 0.138087008498335 0.153162396668449 0.269966336705196
0.626346956671458 -0.217185183896253 0.13811092112064 3.19838370399851 0.0706175939790349 -1.51655171208735 0.135000737806487 0.161965402148555 0.266966081341832
0.62607949086831 -0.216358277117104 0.137486355913372 3.19963514205843 0.0706353813699498 -1.52061794440846 0.130883937775144 0.171297446077811 0.261349606370129
0.625861044461391 -0.21545225914418 0.136812883533902 3.20100959601249 0.0707049482793054 -1.52497025505418 0.126147464974531 0.180207144632201 0.253085779896429
0.62566685455308 -0.214439160079033 0.13620551577957 3.2023157141004 0.0708870140540009 -1.52920469089096 0.121287300152423 0.187712756995173 0.242542658239825
0.625463924706723 -0.213305455740606 0.135758206990716 3.203383398463 0.0712152054218664 -1.53297441972201 0.116745529178312 0.193063366426248 0.23041040658463
0.625219270387864 -0.21205362938735 0.135521007666824 3.20410450055978 0.0716879801077734 -1.53607493710268 0.112800166302499 0.195907184640181 0.217517467605618
0.624907237572 -0.210698401789097 0.135495816447375 3.20444596223075 0.0722736158306265 -1.53846663334344 0.109532678316888 0.196304215580232 0.204640696781882
0.624513371618168 -0.209260767621287 0.135647692896495 3.20443741576374 0.0729230383468097 -1.54024154842679 0.10686737454393 0.194621197414906 0.192388242935061
0.624034824460125 -0.207762910288055 0.135922143712639 3.20414709188461 0.0735833300650294 -1.54156618531739 0.10464283949257 0.191389944066738 0.181168024848397
0.623478624616109 -0.206225229039549 0.13626047950922 3.20365869145282 0.0742076387851082 -1.54262851807296 0.102678375950273 0.187187897693605 0.171210105925237
0.62285905931692 -0.20466516555997 0.136610065025325 3.20305491637462 0.0747606292494211 -1.54360155591733 0.100818130460439 0.182559232459416 0.162606697880613
0.622194853915444 -0.203097009794133 0.136929629891607 3.20240791969582 0.075220344975936 -1.54462381672036 0.0989517567637201 0.177970419746367 0.155349272591665
0.621506456294715 -0.20153204642812 0.137190967233481 3.201774871445 0.0755776318056526 -1.54579245105865 0.097017557662263 0.17378880094726 0.149357494407064
0.620813634361104 -0.199978753219697 0.137378312714769 3.20119683200242 0.0758340513427641 -1.54716453048261 0.0949951132355795 0.170276109766424 0.144501971837003
0.62013359389551 -0.19844300559994 0.137486386152906 3.20069967076176 0.0759990081967149 -1.54876300539317 0.0928931686711493 0.167592718778544 0.140623733689236
0.619479771569961 -0.196928329540107 0.137517848038267 3.20029616411642 0.0760867035521569 -1.5505846832962 0.090736838612226 0.165809853000239 0.137551641043002
0.618861327002137 -0.19543623017913 0.137480785579052 3.19998856533052 0.0761134211204177 -1.55260811503199 0.088556520882425 0.164926713099536 0.135117357862293
0.61828320425661 -0.193966576316488 0.137386736591159 3.1997709795313 0.076095500571957 -1.55479965164146 0.0863794766491452 0.164888745752769 0.133167033056555
0.617746520963493 -0.192517986157841 0.137249669551614 3.19963089336747 0.0760481857218857 -1.55711618873434 0.0842240318844085 0.165602884732494 0.131569331957189
0.617249000549868 -0.191088153971963 0.137086282171513 3.19954922832998 0.0759854039038531 -1.55950320128911 0.0820960656563158 0.166945263792615 0.130220297526856
0.616785188138771 -0.189674080388212 0.136917937542412 3.19949835073622 0.075920458425828 -1.56188668707049 0.0799882480337576 0.168756053414193 0.129046200954407
0.616346290270028 -0.18827222163611 0.136774363876166 3.19943778393372 0.0758675400751379 -1.564158195475 0.0778849036293797 0.170814532912304 0.128005747294838
0.615919722293011 -0.186878668209396 0.136698444061214 3.19930851811309 0.0758437106012223 -1.56615497155584 0.0757798690957838 0.17278720434843 0.127092449260797
0.6154890101781 -0.185489617397319 0.136749107888865 3.1990299793667 0.0758702491909561 -1.56764600299096 0.0737201080459786 0.174150160957865 0.12633608859969
0.615035744418626 -0.18410256133655 0.136994632899201 3.19850999682177 0.0759706690701921 -1.5683533559794 0.0718862814787703 0.174121145981134 0.125798154930524
0.614546254286562 -0.182718441496441 0.1374839766175 3.19768408401652 0.0761611391845591 -1.56805852929883 0.0706910370865571 0.17171209261105 0.125551255373671
0.614023714578904 -0.181343823180029 0.138192006554033 3.19658867389797 0.0764319242768543 -1.56681632229628 0.070796058674209 0.166072254578048 0.125636266074171
0.613497885646841 -0.179990097119338 0.138973010147738 3.19542116753077 0.0767317100665529 -1.56515120424735 0.0728925768097443 0.157114367521967 0.126019629504252
0.613017092616086 -0.178667393971637 0.139593356793214 3.19449266569185 0.0769791286936795 -1.56395642802143 0.07727098425613 0.145910697675597 0.126608379546424
0.612621196745029 -0.177377161398967 0.139852556809774 3.19406446563831 0.0771044875533603 -1.56403495287621 0.0835639063075867 0.134243136710661 0.127344057309152
0.612320125779433 -0.176110735480686 0.139682687846968 3.19421742840537 0.0770838052215181 -1.56569483416164 0.0909582842162931 0.123619724214323 0.12829925727633
0.612095819529638 -0.174854073314247 0.139141780161396 3.19486429410998 0.0769363027309417 -1.56874683055067 0.0986144149729806 0.114699937387437 0.12970146699426
0.611916882219139 -0.173592541911655 0.138346503472897 3.19584106480778 0.0767010926999692 -1.57275162046809 0.105893379866991 0.107396033877918 0.131905620092231
0.611749464266831 -0.172312431183424 0.137419127410493 3.19697715480405 0.0764188198921001 -1.57722594839556 0.112336540939153 0.101226847076158 0.135368133274153
0.611560136087171 -0.171000186266497 0.13646968636543 3.19811778907792 0.0761253699290055 -1.5817165388376 0.117542244878149 0.0955770044061723 0.14062979711232
0.611314232217607 -0.169641456954546 0.135599497253864 3.19911828188704 0.0758528730156866 -1.58579047955877 0.121050860922349 0.0898088153884645 0.148265753806902
0.610974240267085 -0.168221887866656 0.134908955195316 3.19983390168523 0.0756322580235267 -1.58901007964184 0.12229174380348 0.0833070895191632 0.158721702905633
0.610503034011126 -0.166731813622394 0.134495706301528 3.20012523624437 0.0754929362319458 -1.59095255249412 0.120651017900702 0.075557338738219 0.171928826105333
0.609877340274717 -0.165176649128311 0.134429738189668 3.19989855924611 0.075455610475718 -1.59133437142061 0.115748698796652 0.0663417273394254 0.186659408551554
0.60911239487809 -0.1635901578441 0.134700767084138 3.19918620599026 0.0755169966120933 -1.59025558876031 0.107938965520768 0.0560440635624026 0.19993022002105
0.608281950850338 -0.162037404238074 0.135169235374452 3.19821662459359 0.0756358942766509 -1.58841093177498 0.0987206853432593 0.0458205553723278 0.207312240048954
0.607502084853537 -0.160591713264173 0.135591285043933 3.19736801763212 0.0757412806094869 -1.58694619802514 0.0904318851859498 0.037248687750431 0.204784086085631
0.606873898423028 -0.159295640357248 0.135738420907728 3.1969817310571 0.0757680131393149 -1.58688997623075 0.08512364463244 0.0315161773486441 0.190966029752464
0.606435046126467 -0.158142677209826 0.135510213429969 3.19719578959451 0.0756898394831006 -1.58864919024954 0.0835976364684749 0.0288818820535785 0.167519319346184
0.606162092507326 -0.157093666517904 0.13494138023783 3.19794331284032 0.0755210539686155 -1.59200600826087 0.0854454683649762 0.0288574954577543 0.137568979259269
0.606004405227484 -0.156103706803597 0.134134813554907 3.19905951607149 0.075296654124275 -1.59644272302126 0.0897156932952932 0.0307273721009813 0.104033576086465
0.605912272556298 -0.155137372973168 0.133200673420887 3.20037425717501 0.075054614352295 -1.60142091965495 0.0954695026936148 0.0339094314906942 0.0689931751645976
0.605847533023886 -0.154171283518248 0.13223126254472 3.20174812049324 0.074828707503056 -1.60648866214734 0.101988669286228 0.0380577063770689 0.0338477084172228
0.605783263438085 -0.153191463060861 0.13130016385367 3.2030718187009 0.0746481631690177 -1.61127700614114 0.108761942954321 0.0430238564858574 -0.000288958744964922
0.605700281140874 -0.152190606635732 0.13046895644732 3.20425474873528 0.074538982983963 -1.61546548180425 0.115402349066903 0.0487794216893905 -0.0322546890202542
0.605584347356514 -0.151166867111995 0.129792039663549 3.205216806088 0.0745238999349455 -1.61876084680519 0.121573785721453 0.0553382458372668 -0.0606544069512707
0.605425228595011 -0.150123957458138 0.129315846009076 3.20588879573724 0.0746198448564594 -1.62090672075359 0.126955166690974 0.0626863735583038 -0.08385582331277
0.605217466025028 -0.149071587830691 0.129072126297474 3.20622185888233 0.0748332605451611 -1.6217253462441 0.131249335545774 0.0707234636989573 -0.100186755997495
0.604961923855771 -0.148024984661495 0.129068073653999 3.2062019519641 0.0751551941551352 -1.62117616458261 0.134230491624428 0.0792289662987499 -0.108310668457057
0.604666669793522 -0.14700257098145 0.129278980338482 3.20586112786046 0.0755593161924327 -1.619399320623 0.135806644361534 0.087871279962393 -0.107656098395103
0.604345898301813 -0.146022001263091 0.129649515400667 3.20527658808684 0.0760054335178549 -1.61670972334746 0.136059970451196 0.0962656663462529 -0.0986867040457492
0.60401674209692 -0.145096082818787 0.130105466298539 3.20455442302061 0.0764480873240897 -1.61353119512454 0.135235193648379 0.104059394635585 -0.0828370375598708
0.603695261459266 -0.144230495042315 0.130571131287089 3.20380465191688 0.0768464294961356 -1.61029806932534 0.133677148593032 0.111003218494525 -0.0621257438088568
0.603393408655712 -0.143424148744272 0.130984184419566 3.20311936852855 0.0771708334186009 -1.60737088691245 0.131749768326215 0.116977211864285 -0.0386470443803064
0.603117954394597 -0.142671475751018 0.131302492960829 3.20256226194004 0.0774041663551459 -1.60499786146711 0.129773817541413 0.121968125803701 -0.0141723253301993
0.60287112998009 -0.141965192063273 0.131502795943276 3.20216998864329 0.0775388024965427 -1.60332286969547 0.128001101514546 0.126018404536458 0.0100260050451229
0.602652078025251 -0.141298367815434 0.131574696679168 3.20196059760506 0.0775719217537535 -1.60242036855735 0.126620150409809 0.129170104577807 0.0331535035620663
0.602458271659957 -0.140665301603213 0.131513783560588 3.20194350935254 0.0775013372902709 -1.60233527869913 0.125777337268106 0.131417579218961 0.0547629369699746
0.60228643984171 -0.140061144085633 0.131316461623898 3.20212722174728 0.0773232549727241 -1.6031124516017 0.125597017077263 0.132674306821281 0.0745937031586251
0.60213286411172 -0.139480363819915 0.13097798313647 3.20252243427203 0.077032882432141 -1.60480597824001 0.126187287795072 0.132758798118846 0.0924311363268065
0.601993116264493 -0.138914278143243 0.130494688524747 3.20313889828935 0.076628630778306 -1.60746080299838 0.127620822182978 0.131411692074695 0.108016174156956
0.601861495043866 -0.138348361831815 0.12987085702588 3.20397510479292 0.0761199255078902 -1.61106307019589 0.129886486921196 0.12836331290802 0.121033572802709
0.601730681467062 -0.137761003106691 0.1291284320901 3.20500306607169 0.0755362305806408 -1.61547081023727 0.132825195295191 0.123461105856945 0.131202535046057
0.60159230422403 -0.137125998578691 0.128313910139498 3.20615663884311 0.0749311246127207 -1.62036500172957 0.136092488891528 0.116821590067323 0.138453739562079
0.601438727882706 -0.136419599453423 0.127494385278969 3.20733592430012 0.0743742857280955 -1.62527764942131 0.139203171281826 0.108910008187422 0.143095261018726
0.601265306984011 -0.135628969037046 0.126740170406445 3.20843271501967 0.0739313371663448 -1.62971529283976 0.141668592281895 0.100452804171723 0.145824773291822
0.60107157754029 -0.134756318294316 0.12610311523471 3.20936400065998 0.0736429483300356 -1.63331338308508 0.14315303145835 0.0922056398928956 0.147538552170502
0.600860564759053 -0.133815952430375 0.125604659660248 3.21009187815046 0.0735167236838846 -1.63592183204315 0.143548974902292 0.0847259171527964 0.149058469533341
0.600636911285088 -0.132827163741171 0.125238803285714 3.21062078182883 0.0735342675795817 -1.63758469547817 0.142942941767575 0.0782800897630059 0.150949784510676
0.600405128986738 -0.131807874568624 0.124983659878656 3.21098078314936 0.0736649145019417 -1.63845872733045 0.141525228142581 0.0728887048483721 0.153493238506829
0.600168665174679 -0.130771452004254 0.124812811206677 3.21121030630609 0.0738771991709491 -1.63873317823069 0.139508222132605 0.068429993890654 0.156757920035112
0.599929701785496 -0.129726239695503 0.124702215308063 3.2113451379258 0.0741448224229102 -1.63858111321634 0.137081457629879 0.0647334005368687 0.16069674568123
0.59968931893675 -0.128676375241443 0.124632806587484 3.21141386004567 0.074448178673884 -1.63814141874041 0.134400439224479 0.0616388485514205 0.165220492302544
0.599447733758882 -0.127622828536998 0.12459046823297 3.21143723417287 0.0747735917288379 -1.63751964518427 0.131597421548345 0.059026768337101 0.170240179561578
0.599204492382038 -0.126564244312759 0.12456478038296 3.21142927413205 0.0751118317522151 -1.63679765934893 0.128806646834822 0.0568318113153272 0.175680904637656
0.598958631208584 -0.125497685093259 0.124547215138523 3.21139871992211 0.0754567097285655 -1.6360469675868 0.126203537405262 0.0550500226833146 0.181467623725444
0.598708947235052 -0.124419807870969 0.12452888189338 3.21135044900128 0.0758040776774871 -1.63534389650802 0.124060967921098 0.0537418030204534 0.187472848225042
0.59845466459832 -0.123329489370259 0.124497752584743 3.21128692251101 0.0761514053042409 -1.63478476186221 0.122818682750883 0.0530215780850675 0.193406155326371
0.598196887898261 -0.122233143284534 0.124435887274408 3.21121013789242 0.0764980903571195 -1.63449367248072 0.123129120957588 0.053008660764696 0.198637497263672
0.597940885336289 -0.121152462729135 0.124319104448315 3.21112451691985 0.0768464613546942 -1.6346041693667 0.125773383392303 0.0537050694572922 0.202030736232004
0.597697718397235 -0.120128758177774 0.124123834666763 3.21103989330893 0.0772025674117858 -1.63519243231796 0.13130167757703 0.054814790011745 0.202044451358655
0.597481758690599 -0.119211913264197 0.12384260118597 3.21097127790121 0.077574692110138 -1.63618273776419 0.139467135118856 0.055665130480536 0.19739588830816
0.597302898924901 -0.118431938551132 0.12349603128221 3.21093261775833 0.0779687888430688 -1.63732761225765 0.149009266953154 0.0554511391762001 0.187997643825554
0.597160061864829 -0.117778417335221 0.123124090482779 3.21092912023565 0.0783845759892194 -1.63833338480974 0.158268578310864 0.053686806056289 0.175151852279368
0.597043263131682 -0.117211399382489 0.122762771364507 3.210956496294 0.0788165536160229 -1.63901776669675 0.166093169549522 0.0504030086597004 0.160673867274102
0.596940844581826 -0.116688270192291 0.122430060241924 3.21100681978013 0.0792580762238485 -1.63935011287319 0.172157069205038 0.0459546840182739 0.145933127534275
0.596844313421551 -0.116179787947385 0.122128050604976 3.21107415066572 0.0797040538538237 -1.63939154098651 0.17668609229055 0.040740957020873 0.131571896689199
0.596749075215569 -0.115671200160867 0.121850941902189 3.21115687035427 0.080151147391535 -1.6392283748852 0.180090111761224 0.0350632435758846 0.11770755026768
0.596653335688159 -0.115157496764452 0.121590875714039 3.21125811563978 0.0805966130875193 -1.63893940420689 0.182755835237131 0.0291105359803699 0.104208202604398
0.596557001502239 -0.114639199732873 0.121340383606785 3.2113861664916 0.0810366340017473 -1.63859017875425 0.18498231926082 0.0229960783387419 0.0908807979241721
0.59646115056433 -0.114120383082361 0.121092787803056 3.21155566355933 0.0814641101447052 -1.63824008331706 0.186980668312786 0.016804233106525 0.0775891509297073
0.596368080602449 -0.11360873265838 0.12084177720144 3.21178975493305 0.0818654046266639 -1.63795447666818 0.188886136942184 0.0106409891687386 0.0643664330567736
0.596281835014791 -0.113117189184733 0.120580878713942 3.21212246869705 0.0822155591782861 -1.63781894529201 0.190757671065828 0.00469625364022784 0.051584860853437
0.596209010868477 -0.112666504663409 0.120303391940399 3.21259895969861 0.0824724356107314 -1.63795218178005 0.192553104416855 -0.000676017415050387 0.0402223559393032
0.596159259352016 -0.112286860635996 0.120003531330639 3.21326833717041 0.0825732329526323 -1.63850720665086 0.194080610731368 -0.0048794686840981 0.0321801777984658
0.596144111917488 -0.112014294491538 0.119679510118865 3.2141618199954 0.0824422376666908 -1.63964011342969 0.194957874313962 -0.00707952543477031 0.030386298041374
0.596172499706078 -0.111876834270203 0.11933790027961 3.21525664226541 0.0820205940571852 -1.64142921238719 0.194660831635515 -0.00642835168552591 0.0381567597966993
0.596243892500276 -0.111873159547052 0.118995341982318 3.21645094257207 0.081312002528329 -1.64377755019554 0.192738943029459 -0.00253920219095487 0.0575517002843475
0.596345072705989 -0.111962450286876 0.118672838869664 3.21759061786101 0.0804044357470704 -1.64640160439347 0.189102725141705 0.00412486579603036 0.0877408008149522
0.596455933944792 -0.112082263343385 0.118385125602114 3.21854465907544 0.0794319468243427 -1.64896220464695 0.184105969446431 0.0124201725780696 0.125181255024907
0.596559717383248 -0.112180314953325 0.118134811582224 3.21926147480549 0.0785068517062209 -1.65122690636792 0.178321130804246 0.0211498474959263 0.165641043235221
0.596648372582033 -0.112231216864499 0.117915294750004 3.21976274009129 0.0776841880637982 -1.65312263353444 0.172250621955491 0.0295461078181982 0.206052923589389
0.596721144285843 -0.112232151142791 0.117716997282972 3.22010318082318 0.0769712808147752 -1.65468302872617 0.16620215686458 0.0373249708626905 0.244960662716282
0.596780747365616 -0.112190979658519 0.117531476545306 3.22033791752377 0.0763536011494809 -1.65597537755518 0.160315820538985 0.044505502167094 0.282031091581399
0.596830485817555 -0.112117234808002 0.117352623072492 3.22050914333513 0.0758147029394794 -1.65705409905133 0.154635233737225 0.0512284262864677 0.317449631147745
0.596872884747171 -0.112017801043246 0.117176325713582 3.22064513673822 0.0753465281653569 -1.65794031089746 0.149158823611048 0.0576531061852572 0.351545758851196
0.596909247377673 -0.111895508321697 0.116999761853631 3.22076352591226 0.0749540538383792 -1.65861336714725 0.143856130440143 0.0639181579744621 0.384653204931306
0.596939566258088 -0.111748940628985 0.116820826721057 3.22087465779664 0.0746579943208751 -1.65900453196129 0.138649917816092 0.0701341992036425 0.41713113207566
0.596962511092508 -0.111572735271 0.116637875596466 3.22098367443447 0.0744968333576472 -1.65899044995805 0.133363406549688 0.0763864138044994 0.449499881631869
0.596975483016964 -0.111358548601887 0.116449874170394 3.2210910389875 0.0745265597630785 -1.65839228661772 0.127632048807495 0.0827339511856759 0.482671227020576
0.596974966600748 -0.111097580027548 0.116257042975743 3.22119175164503 0.0748130846399487 -1.65699657343218 0.120797847484792 0.0891987032777805 0.518225198079141
0.596957591799274 -0.11078571122255 0.116061915988663 3.22127420733328 0.0754100586400918 -1.65462132353081 0.111856349326357 0.0957424350728141 0.558568124300678
0.596922140996767 -0.110430783362435 0.115870205689384 3.22132082913558 0.0763200491732787 -1.65123614914757 0.0995928987033982 0.102245020559744 0.606644190944898
0.596871770102769 -0.110057621530745 0.115690226044878 3.22131297701181 0.077456823201532 -1.64708440461902 0.0830122410570356 0.108513924167685 0.664935172770514
0.596814459894101 -0.109703807024741 0.115530059347014 3.22123958281723 0.0786475465597004 -1.64268658952699 0.0619002572397838 0.114348397707636 0.734105317124068
0.596760311541233 -0.109405152478887 0.115393883341417 3.2211035638352 0.0796948998444623 -1.63865587914306 0.0370563839476991 0.119629829281875 0.812388161971187
0.596717352983421 -0.109181243098868 0.115280443712283 3.22092007288535 0.0804583265126872 -1.63544457887816 0.00992435542539762 0.124366592000252 0.896406351282944
0.596689153554181 -0.109032089727717 0.115184703292374 3.22070846835172 0.0808911525758353 -1.63321924439272 -0.0180589089337642 0.128661843931916 0.982704604321019
0.596675330045617 -0.108945074944061 0.11510071285979 3.22048506116016 0.0810209838182106 -1.63191176269476 -0.0458872125245923 0.132645437224689 1.06877546867556
0.596673436665365 -0.108903915680742 0.115023567703123 3.22026047304268 0.0809081762915058 -1.63134311761161 -0.0730342395331687 0.136420820821973 1.15318833883935
0.596680611404193 -0.10889428985984 0.114949992617972 3.22004058566496 0.0806132365529419 -1.63132258280892 -0.0992935470070548 0.140038786929356 1.23518987132851
0.596694467182928 -0.108905829798184 0.114878126083416 3.21982882313841 0.0801800218912672 -1.63169730292419 -0.124586931342821 0.143481472013675 1.31419427817765
0.596713427588008 -0.108932137855412 0.114807070634717 3.21962859007709 0.0796285577795645 -1.63236829130967 -0.14881395553962 0.146634109828882 1.38935015246563
0.596736824085808 -0.1089701788751 0.114736442410594 3.2194458202901 0.0789501409692876 -1.6332933337607 -0.171751341070726 0.149222889978442 1.45925020308713
0.59676494611109 -0.109019596586525 0.114665882118663 3.219292082836 0.0781007151526064 -1.63448855984037 -0.193013360587605 0.150697900722277 1.5219407942521
0.596799051494669 -0.109081780029381 0.11459431602674 3.2191884106473 0.0769940043850971 -1.63602941523314 -0.212143850302296 0.150054391255624 1.57571195644756
0.596841080361698 -0.109157807556173 0.114518697686606 3.21916822717831 0.0755067770423926 -1.63803646564731 -0.229017494446728 0.145661365216939 1.6216547493819
0.596892457845567 -0.109243970673713 0.114432340054546 3.21927312811597 0.0735271360113738 -1.64060985213806 -0.244776855334768 0.135383021606751 1.66896574877893
0.596951448280551 -0.109325270138957 0.114324426780499 3.21953033101682 0.0710799885083616 -1.64367705077862 -0.263097238245751 0.117554941544524 1.74108152298459
0.597010488653115 -0.109373530223003 0.114184072367293 3.21991214603992 0.068476602649605 -1.64682800763158 -0.290231766933163 0.0929388278867245 1.87345255958113
0.597057960509385 -0.109360194857079 0.114008954448982 3.22031926130373 0.0662703555057401 -1.64939589583881 -0.331879703906735 0.0658126234369214 2.09386303473139
0.597085468098982 -0.109276702086447 0.113809212109128 3.22063404132451 0.0649200275532634 -1.65086894361025 -0.388944147479209 0.0417765493912402 2.4004195630625
0.597092695832883 -0.109137911408632 0.113600088674217 3.22079482136182 0.0645153759612171 -1.65119060053419 -0.45741471540189 0.0241725725280489 2.76536766382691
0.597084837793271 -0.108966760087745 0.113392581186554 3.22080828836437 0.0648556609803556 -1.65063446127773 -0.532039222096718 0.0131564336162873 3.15764164820523
0.597067755968476 -0.108780981956917 0.113191116587532 3.22071337975186 0.0656738809626781 -1.64952990983587 -0.609080349521654 0.00719894659025352 3.55692488345175
0.597045604667547 -0.108590210620041 0.112995945069797 3.2205502426709 0.0667633426691461 -1.64811897878 -0.686728225749575 0.00456000065586763 3.95390241563358
0.597020654250393 -0.108398203519834 0.112805668817687 3.22034971370317 0.0679960621491584 -1.64654089177345 -0.764557756213636 0.00386789077641911 4.34574130989743
0.596993764927514 -0.108205294700916 0.112618488584578 3.22013444670093 0.0693003515275499 -1.64485870051425 -0.843150382212809 0.00414101146213257 4.73257439810172
0.596964738352644 -0.108009746042735 0.112432457476548 3.2199231518059 0.0706348037279403 -1.64308348369042 -0.924264015206674 0.00464264726413803 5.11614582509104
0.596932418828493 -0.107808382809503 0.112245158753017 3.21973352902816 0.0719653305408973 -1.64118864506035 -1.01173295600948 0.00477162252659337 5.50066351241948
0.596894784646555 -0.107597722552995 0.112053060813642 3.21957917862291 0.0732390733101633 -1.63912643559747 -1.11322475858947 0.00415453881690608 5.89656297359797
0.596849815539875 -0.107378007572634 0.111851080817429 3.21945080292464 0.0743489045073044 -1.63687916557947 -1.24206758212233 0.0032242225600717 6.32798374007473
0.596798606562868 -0.107162808181247 0.111634120686529 3.21927260514647 0.0751084321282043 -1.63458904214536 -1.4148102853291 0.00449229817663657 6.83917157596164
0.596750333911616 -0.106987929466019 0.111402957148915 3.21886952980563 0.0753243499572994 -1.6327044635385 -1.63649124253214 0.0133091461182536 7.47890865777361
0.596720911157844 -0.106894863632192 0.111169866153946 3.21805907136529 0.0750139345560841 -1.63181124196039 -1.88125454741969 0.0347726121776741 8.2487681947162
0.596719509752959 -0.106890018940488 0.110950917263057 3.21683795026465 0.0744824193633019 -1.63208591692671 -2.10517213412314 0.068245296443434 9.08026666521725
0.596741038873667 -0.106940911529244 0.110751882748468 3.21537503782357 0.0740459764980444 -1.6331649055545 -2.28486595642848 0.108142885308244 9.89750980410209
0.5967749076055 -0.107012262237846 0.110568234230207 3.21383316238073 0.0738182212737697 -1.63458831747901 -2.4251723729673 0.1494423510306 10.6705043197081
0.596813418893766 -0.107084938084912 0.11039321762988 3.21228963268764 0.0737698218404767 -1.63608115781854 -2.54048990809819 0.189789259366004 11.404129390691
0.596852667270608 -0.107151839343067 0.110221868588172 3.21076213775079 0.0738377193098498 -1.63752664725577 -2.642558053451 0.228506225463025 12.1129812945692
0.596890712406833 -0.107210149379409 0.110051130653921 3.20924413448176 0.0739719252987642 -1.63887101687804 -2.73836240964027 0.265495328098504 12.8101956636067
0.596926013101326 -0.107256537177768 0.10987910416617 3.20772190478456 0.0741438253946948 -1.64005828259493 -2.83113137179629 0.300849868821009 13.5058153540863
0.596956376136427 -0.107284212159142 0.109704721763412 3.20618033645277 0.0743469759758446 -1.64098796117339 -2.92072736688782 0.335106875239776 14.2077259658267
0.596978149129825 -0.107280470340643 0.109528366665559 3.2046069294778 0.0746045586906359 -1.64148013912428 -3.0021807167629 0.370262323315339 14.9217056155947
0.596985928258729 -0.107225741417117 0.109353984275475 3.20300219194465 0.0749877527472073 -1.64126325103208 -3.06202249298064 0.411855489521819 15.6481762757499
0.596974314614877 -0.10709978590471 0.109192456305669 3.20140198528472 0.0756314587836402 -1.64006348657519 -3.07492575377189 0.471410721919098 16.3739213590823
0.596943691841154 -0.106902549322437 0.109061953878619 3.19989730256377 0.0766942628330563 -1.63789688155106 -3.01050107769994 0.564843557831494 17.0644209106511
0.596906163891168 -0.106676404044003 0.108977373531469 3.19860007182953 0.0782201876752271 -1.63537084334569 -2.85874479073306 0.701243529422803 17.6766396368308
0.596879925237085 -0.106487045618549 0.108935049507577 3.19754895639302 0.0800433161593165 -1.63340233225787 -2.64875940596968 0.871423736651873 18.1951540814773
0.596874919903087 -0.106371559132209 0.108915716243771 3.19667884320306 0.0819192703614343 -1.63249324981233 -2.42548309710722 1.05537881994259 18.6444554494989
0.596889262018583 -0.106324140102194 0.108901784120147 3.19589575626226 0.0837055825386317 -1.63254649636299 -2.21584394237177 1.23863706633796 19.0606495306462
0.596916482237592 -0.106321539424505 0.108885149881241 3.19513868220352 0.0853782435400213 -1.63322960890392 -2.02466895238276 1.41668932050732 19.4676365418895
0.596951196274468 -0.106343611806416 0.108864262391653 3.19438281172912 0.0869639139627416 -1.6342598709118 -1.84672751244654 1.59057251130085 19.8756628518225
0.596990390380599 -0.106378094577576 0.108839946569242 3.19362281129104 0.0884930973501074 -1.63546740119136 -1.67522712132314 1.76287736135415 20.2876908989489
0.597032941489651 -0.10641875561005 0.108813324165011 3.19286109017365 0.0899847357242601 -1.63676723270913 -1.50439952384302 1.93622461840382 20.7039649394613
0.597079054859886 -0.106462979417839 0.108785216218463 3.19210337730948 0.0914441324755468 -1.63812465328897 -1.32931773626489 2.11310166314428 21.1237919292785
0.597130028188025 -0.106510310338375 0.108756140029023 3.19135859330627 0.0928628238291122 -1.63953395479005 -1.14495744275436 2.29611036894088 21.5455995004655
0.597188291830409 -0.106561889441792 0.108726486031278 3.19064093576763 0.0942164044400501 -1.64100879759559 -0.945272437865762 2.48815657849094 21.9659083065401
0.597257513866623 -0.106620448541151 0.108696753566585 3.18997292313712 0.0954602746321869 -1.64257870730568 -0.722740255433974 2.69223772292725 22.3774050962747
0.597342343644017 -0.106690416953837 0.108667812361251 3.18938731413624 0.0965272110225718 -1.64428536851758 -0.469153542756251 2.91038901960152 22.7665446849567
0.597447098648663 -0.106777398587368 0.108641088575933 3.1889233001844 0.0973365028742277 -1.64617071992785 -0.178812625276136 3.14145146434269 23.1124943004552
0.59757297239572 -0.106886111055692 0.10861840853561 3.18861126611968 0.0978265551072593 -1.6482511269982 0.145733412451209 3.37840690901587 23.3912011905146
0.597715125451757 -0.107016995551867 0.10860125131625 3.18844892261251 0.098004705012304 -1.65048796210084 0.489161099142661 3.6081417793632 23.5869156336717
0.597863135294152 -0.107164287870725 0.108589762465382 3.18838971440793 0.0979703585588789 -1.65278646639117 0.826963031933789 3.81642564500359 23.7044367455395
0.598006118734035 -0.107318500296645 0.108582523983763 3.188363306418 0.0978709400413684 -1.65503905947189 1.13751144904912 3.99531122561052 23.7686197698093
0.598138101184225 -0.107471459247994 0.108577418418414 3.18831233092993 0.0978249636358987 -1.65717599566285 1.41179738865499 4.14593966880888 23.8098310716816
0.598259030487811 -0.107619184183801 0.108572672027927 3.18821145722593 0.0978830535773801 -1.65917870200317 1.65292236938947 4.27510517051204 23.8500243064577
0.598372369074485 -0.107761349328762 0.108567257927092 3.18806178016087 0.0980404594441566 -1.66105994800951 1.8695728963966 4.39039706935838 23.899192701806
0.598482521349256 -0.107899425379743 0.108560746039457 3.18787678884091 0.09826652222058 -1.66283963657441 2.07054492179933 4.49758404718021 23.9589166231133
0.598593536099591 -0.108035243988765 0.108553009658775 3.18767223695109 0.0985254807230342 -1.66453067774288 2.26246946904586 4.60019976629587 24.026843826111
0.598708834523082 -0.108170314660932 0.108544006347788 3.18746177466355 0.0987849831142982 -1.66613374243819 2.44961158995547 4.70004600751716 24.0995006308328
0.598831382326821 -0.108305607631806 0.108533659195517 3.18725602787647 0.0990172440041117 -1.66763594493223 2.63438322351419 4.79777977070808 24.1734843746608
0.598963938205544 -0.108441508988255 0.108521802631812 3.18706296712186 0.0991973687747821 -1.6690102842213 2.81787701299019 4.89331167774032 24.2457358207483
0.599109205594857 -0.108577787695605 0.108508161342805 3.1868884076867 0.0993013164591611 -1.67021487437868 3.00020353056908 4.98600400529301 24.3134297826166
0.599269787406104 -0.108713520904113 0.108492350092925 3.18673614608684 0.0993047753022125 -1.67119265291503 3.18061471413512 5.07472978916512 24.3737882998967
0.599447843823051 -0.108847003840851 0.108473900845575 3.18660756423005 0.0991839310454612 -1.6718738208893 3.35746796756774 5.15787068658367 24.4239976905183
0.59964435816685 -0.10897575652016 0.108452338391631 3.18650076563178 0.0989191898992877 -1.67218491110909 3.52813900221613 5.23335238877798 24.4613805984514
0.599858031726812 -0.109096834666032 0.108427328978751 3.18640966690993 0.0985025733800514 -1.67206897280435 3.68907475736768 5.29885002417679 24.4839573098458
0.600084169302008 -0.109207675993411 0.108398898475114 3.18632400024139 0.0979476195869516 -1.67151774416882 3.83625606823406 5.35229320556 24.4914014745093
0.600314419154659 -0.109307483664319 0.108367640569661 3.18623148022053 0.0972967516108438 -1.67060557493823 3.96625772219967 5.39265851696013 24.4860438991004
0.600538356056459 -0.109398578180826 0.108334750226822 3.18612252649195 0.0966179267553535 -1.66950071302189 4.07766977277575 5.42071552377229 24.4731500836622
0.600746885366186 -0.10948666645269 0.108301748849728 3.185995607859 0.0959861756100318 -1.66843092995427 4.17205525559425 5.43914211990717 24.4597733535637
0.600935674466431 -0.109579419753649 0.10826998863304 3.18585954304574 0.095457783558417 -1.66761139263965 4.25359588548827 5.45170297514715 24.4524759354954
0.601106319236652 -0.109684087136027 0.1082402416794 3.1857308060285 0.0950534526943307 -1.66717817989753 4.32751336534283 5.46193365162613 24.4552957736347
0.601264745597845 -0.109805647325413 0.108212613432681 3.18562785922994 0.0947597324702304 -1.66716663968729 4.39832954152843 5.47216927237481 24.4691526237553
0.601418408659209 -0.109946329794805 0.108186742374773 3.18556626552167 0.09454321321347 -1.6675342924795 4.46893169097318 5.48334533864633 24.4926320315037
0.601574060820375 -0.110106197139319 0.108162082116124 3.18555655729343 0.0943659165155791 -1.66820030103022 4.54056642416341 5.49536451780426 24.5232468491464
0.601736738632149 -0.110284049614887 0.108138110668282 3.18560444999589 0.0941949716463383 -1.66907737900045 4.61331992832204 5.50760740408152 24.5584294668323
0.601909691927319 -0.110478161398817 0.10811442985474 3.18571211175873 0.0940060945659886 -1.67008858445653 4.68664713475847 5.51932272542302 24.5960376796755
0.602094751355553 -0.11068671950211 0.108090785659635 3.1858795295485 0.0937832499839469 -1.67117216637359 4.75974906288389 5.52983865143294 24.6344876771387
0.602292783599978 -0.110908025267095 0.108067050564471 3.18610557227498 0.0935168016950006 -1.67227998870553 4.83177748060932 5.53863944930674 24.672693796132
0.6025040785869 -0.111140555437061 0.10804319558527 3.18638869466922 0.0932014883374177 -1.6733735394903 4.90191484465513 5.54536841754788 24.7099427020594
0.602728632051674 -0.111382955800569 0.108019265448835 3.18672734857511 0.0928347717072588 -1.67441956317755 4.96938189169332 5.54980156504499 24.7457663870358
0.6029663367474 -0.111634009860516 0.107995361526731 3.1871201782516 0.0924156869840367 -1.67538606208501 5.03340944947689 5.55181715474497 24.779837527232
0.603217108596663 -0.111892605020972 0.107971632965264 3.18756604942584 0.0919441662916514 -1.67623880202584 5.09319544032086 5.55137301770425 24.8118912268099
0.603480972734144 -0.112157710100325 0.107948274784884 3.18806393080691 0.0914207803991241 -1.67693828863856 5.14785822537432 5.54849634284788 24.8416706269451
0.603758129147503 -0.11242837730797 0.107925530952256 3.18861262144897 0.0908468691255625 -1.67743728315656 5.19639354332342 5.54328717454412 24.8688939464644
0.604049011648995 -0.112703785993467 0.107903699530746 3.18921030166761 0.0902250671557265 -1.67767923276778 5.23764357608491 5.53593493249064 24.8932438871414
0.604354346649506 -0.112983351211047 0.107883135345434 3.18985388680984 0.0895602489829509 -1.67759849169968 5.27029264932016 5.52674511768778 24.9143853032162
0.604675207291096 -0.113266922007122 0.107864242881571 3.19053819888902 0.0888608782118669 -1.67712386027326 5.29291386117286 5.51616941782316 24.9320219797513
0.605013041375817 -0.113555082191736 0.107847448912881 3.19125506686357 0.0881406011978094 -1.67618753474219 5.30410095103643 5.50482557210416 24.9460049819508
0.60536962887401 -0.113849525089149 0.10783314295518 3.19199264192746 0.0874196263319956 -1.67474140134945 5.30272009948352 5.49348428679449 24.9564969224244
0.605746906868097 -0.114153392128559 0.107821579018059 3.19273543730024 0.0867250125866343 -1.67278060965694 5.28828894366218 5.4829943605617 24.9641703274198
0.60614661211694 -0.114471361475806 0.107812750260407 3.19346571700399 0.0860887037252468 -1.67036955503338 5.26141686994473 5.47412562500043 24.9703721212542
0.606569765461134 -0.114809227725925 0.107806278619017 3.19416657543259 0.0855425061553338 -1.66765882625561 5.22413260505901 5.46734533183747 24.9771410606741
0.607016154641269 -0.115172852697954 0.107801386371079 3.19482617076375 0.0851106569088716 -1.66487837750755 5.17985772235284 5.46260287489012 24.9869726839959
0.607484076344288 -0.115566727254332 0.107797002731571 3.19544145392719 0.0848026903743986 -1.66229919681959 5.1328744914257 5.4592389742078 25.0023333740965
0.607970540717349 -0.11599274782288 0.107791991257674 3.19601938436066 0.0846102518788624 -1.66017343336949 5.08740766570592 5.45610095781652 25.0250928444904
0.608471899082636 -0.116449810893488 0.107785404738576 3.19657478251035 0.0845098111691747 -1.65867868105369 5.0467077662364 5.45183298028793 25.0561327801945
0.608984609225624 -0.116934370907583 0.107776655166376 3.19712592413133 0.0844698317513395 -1.65789052544795 5.01253440505633 5.4452057548846 25.0952947150692
0.609505814583665 -0.11744156847285 0.107765546356649 3.19769006912845 0.0844587282640329 -1.65778920939822 4.98517237530185 5.43534552600222 25.1416269465631
0.610033583699418 -0.117966349573833 0.107752197850665 3.19828060035352 0.0844504808337699 -1.65828799838032 4.96381791847973 5.42180684130509 25.1937530480626
0.610566853505572 -0.118504192935936 0.107736927651828 3.19890614197402 0.0844269146750712 -1.65926547160496 4.9470653471158 5.40452299553173 25.2501917810719
0.611105205958563 -0.119051363645235 0.10772015015822 3.19957107013891 0.0843774043452566 -1.66058983684095 4.93329920294079 5.38370346345623 25.3095482809609
0.611648583655263 -0.119604792608884 0.107702314847992 3.20027659341504 0.0842973153235358 -1.66213176270117 4.92092474128523 5.35973502105759 25.3705784302654
0.612196984847842 -0.120161714159785 0.10768388711586 3.20102179008651 0.0841862187064243 -1.66376756119148 4.90845713534596 5.33311507793506 25.4321654053499
0.612750123817981 -0.12071915218958 0.107665361815828 3.20180428264292 0.0840464199742005 -1.66537633281167 4.89452252526723 5.30442368466423 25.4932501750608
0.613307017305733 -0.121273301460595 0.107647297567554 3.20262043572215 0.083881962737441 -1.66683462502572 4.87782484685486 5.27432897972844 25.5527486046444
0.613865465762506 -0.121818846200153 0.107630359040453 3.2034650769317 0.0836980603242697 -1.66801181356876 4.8571242094956 5.24361502508815 25.6094814138221
0.614421446860757 -0.122348311799663 0.107615351019272 3.20433082375995 0.0835008137614575 -1.66876947563432 4.83126568427558 5.21321554630699 25.6621442909753
0.614968538885525 -0.122851659447437 0.107603221385334 3.20520722293945 0.0832970298778332 -1.668968297356 4.79928983293933 5.18422918380853 25.7093510800988
0.615497637052965 -0.123316472499231 0.107595004284155 3.20608010218918 0.0830939314551669 -1.66848554548883 4.7606376784829 5.15788360208347 25.7497830406808
0.615997352267871 -0.123729138277769 0.107591679749589 3.20693173598931 0.0828985749051418 -1.66724326673061 4.71542071469787 5.13541639078041 25.7824553734178
0.616455440516864 -0.124077220529714 0.107593954454179 3.20774243458849 0.0827169145970204 -1.66524120152916 4.66466207426211 5.11786429175042 25.8070555679746
0.616861240916062 -0.124352634641557 0.107602020957636 3.20849371525287 0.0825526989493414 -1.6625809283114 4.61036281992072 5.10580478744968 25.824230354836
0.617208450460297 -0.124554499822162 0.107615400965043 3.20917229216813 0.0824066462011867 -1.65946523390723 4.55527180301096 5.0991520824215 25.8356569793539
0.617497069349919 -0.124690269010209 0.1076329703781 3.20977327595011 0.0822763950457134 -1.65616540769871 4.50237251658224 5.09712015430398 25.8437990788026
0.617733564436019 -0.124774430852928 0.107653178756511 3.21030104376297 0.0821574127554593 -1.65296660873716 4.45427486401107 5.09839482980852 25.8514107504502
0.617929232243832 -0.124825397354646 0.107674367075029 3.21076742123405 0.0820445571461944 -1.65011456821038 4.4127696874005 5.10144533453727 25.8609964448134
0.618097682393556 -0.12486209459156 0.10769504346704 3.21118821603455 0.0819337255777995 -1.6477844368489 4.3787034819209 5.10484333185667 25.8744375770224
0.618252591624054 -0.124901611717011 0.107714024794971 3.21157967346396 0.0818231690914163 -1.64607780124859 4.35215231019731 5.107487993607 25.8928685812632
0.618406399695078 -0.124958386166406 0.107730438360731 3.21195591905155 0.0817144059782083 -1.64503969700174 4.33275839260759 5.10871735859778 25.9167429972281
0.618569959684008 -0.125044579289705 0.107743637641075 3.21232758170521 0.081612923298703 -1.64468216695107 4.32008806955514 5.10835093897803 25.945965503779
0.618752735733357 -0.125170919492673 0.107753100148348 3.21270120189807 0.0815288567403281 -1.64500321871469 4.31392539894736 5.10672549353504 25.9799807968177
0.61896301887543 -0.125347271333971 0.10775836354328 3.2130789018528 0.0814776081990647 -1.64599466350516 4.31446508761617 5.10476301015811 26.017762401589
0.619207686945644 -0.125582317540581 0.107759038843133 3.2134580052535 0.081479974527913 -1.64763616210477 4.32238223356118 5.10406324242759 26.0577049271455
0.619491205727247 -0.125881968268136 0.107754920132849 3.21383068868755 0.0815609511168925 -1.64987626077691 4.33874371673686 5.10695295331131 26.0974885958865
0.619813915508234 -0.126246584441408 0.107746176537746 3.21418419083882 0.0817462446908935 -1.65260630323332 4.36472190813699 5.11636892521831 26.1340519680206
0.620170220911911 -0.126667941895954 0.107733555428955 3.21450235420557 0.0820561870421029 -1.65564025838561 4.40112120840906 5.13545044150028 26.1638398115975
0.62054787441973 -0.127127756784238 0.107718468731967 3.21476893715276 0.0824984583718129 -1.65871811649633 4.44784963542046 5.16683387379979 26.1834128764813
0.620929503001869 -0.127599605048257 0.107702841240116 3.21497204503387 0.0830629587362926 -1.66154395740253 4.50359126758895 5.21186959502917 26.1902824474308
0.621296415805307 -0.128054436375676 0.107688718890562 3.21510784650594 0.0837222495062216 -1.66384954161241 4.56591172086769 5.2701512200973 26.1835966120289
0.621633157131903 -0.128467442904513 0.107677801375772 3.2151817295294 0.0844380549152504 -1.66545427547014 4.63179351433927 5.33963957080102 26.1643065992374
0.621930694995949 -0.128823025181877 0.107671123251395 3.21520660097253 0.0851703964006273 -1.66629293605146 4.69832126607777 5.41730172597706 26.1347517614648
0.622187175114322 -0.129116057139858 0.107668997295604 3.21519984007997 0.0858845618630239 -1.66640464210123 4.76316861734413 5.49988449951319 26.0979565332043
0.622406761735716 -0.129350069390297 0.107671165895669 3.21518095199243 0.0865530816689504 -1.66589912878731 4.82470637605038 5.58444332808397 26.0570306799612
0.622597877417133 -0.129534262398525 0.107677022089511 3.21517118187342 0.087152739179039 -1.664922351845 4.88175631681004 5.66846157996684 26.0149041527844
0.622771902516871 -0.129680995156421 0.107685783619821 3.21519521205357 0.0876581601157243 -1.66363530580871 4.93310025014588 5.7495904089524 25.9744165189708
0.62294266340438 -0.129804438676963 0.107696566368713 3.21528409866395 0.0880338387903337 -1.66220881755405 4.97684052359493 5.82512182585943 25.938648073768
0.623126243271242 -0.129920176641077 0.107708358174323 3.21547740421499 0.0882272741679865 -1.66082848925711 5.00972684416568 5.89136133081757 25.9112871572832
0.62333982205065 -0.130044777237178 0.10771994326903 3.21582043482612 0.0881688285758549 -1.6596961935267 5.02675830162451 5.9432415505818 25.8966712977787
0.623597662555889 -0.130193738567645 0.107729896840547 3.21635067286934 0.0877880385853775 -1.65900656901147 5.02175971869114 5.97485422356353 25.8989414126868
0.623903496806091 -0.130376567321857 0.107736827057842 3.21707137824875 0.0870532915675016 -1.65888079713034 4.98975688514726 5.98165026984592 25.9199332034017
0.624243251092293 -0.130590717072588 0.107739922131515 3.21792634653288 0.0860190817302897 -1.65927981766893 4.93073644757943 5.96386330190484 25.9566851281276
0.624586708363454 -0.130820292303579 0.107739459652958 3.21880557873883 0.084834488117513 -1.65997902333005 4.85184007306481 5.928380815987 26.0010849134728
0.62490113595839 -0.131043541458532 0.107736716364009 3.21959202804795 0.0836841925141872 -1.66066538925872 4.76492655825427 5.88629798219116 26.0431632722258
0.625166311342691 -0.13124380648686 0.107733258485199 3.22021266685952 0.082706263620189 -1.66108859462493 4.68106735961366 5.84774228158675 26.0755796102863
0.625379010752999 -0.13141502164046 0.107730249798162 3.22065270125899 0.0819553324758199 -1.66114097308546 4.60679176950525 5.81844231713441 26.0955946322371
0.625547824748702 -0.131560276916422 0.107728227957521 3.22093590280649 0.0814206407983115 -1.66083938588696 4.54406082073578 5.79974742386389 26.1040856302664
0.625686417906985 -0.131688210084305 0.107727233850175 3.22109857355115 0.0810622835896262 -1.6602710004911 4.49224949339425 5.79038716811734 26.1036416868129
0.625810163133326 -0.131811179942389 0.107727000255495 3.22117312283185 0.0808380382063539 -1.65955642922224 4.45015053487819 5.78807005522016 26.0972490181145
0.625936615271257 -0.131946326858165 0.107727035118468 3.2211815139415 0.0807163282247883 -1.65884395861576 4.4173775012574 5.7902883997858 26.0878056325723
0.626088705545174 -0.132119129613595 0.107726557936777 3.22113393451429 0.0806806984662985 -1.65832766614267 4.39537440564367 5.79446243776947 26.0781323195829
0.626298937702206 -0.132367831923676 0.107724302230861 3.22102984440376 0.0807302807771941 -1.65827226375527 4.38824048553839 5.79772321048082 26.0710393708728
0.626610221925617 -0.132743350158837 0.107718290523317 3.22086232321579 0.0808758869977706 -1.65900402300583 4.40289754524483 5.79670470276728 26.0688789956301
0.627062803032904 -0.133291568817287 0.107705972985129 3.22063033853414 0.0811255683824131 -1.66078134733966 4.44674832054189 5.78801558380658 26.0718461335551
0.627655637434943 -0.134004494172613 0.10768547055498 3.22036102235651 0.0814544235460378 -1.66347082020232 4.52041260257104 5.77025075026046 26.0750986752725
0.628302603483053 -0.134767917911601 0.107657902389629 3.22012369194003 0.0817788538283661 -1.66624111803053 4.60875460723936 5.74681053411216 26.067952085766
0.628855798976732 -0.135395439534427 0.107628141989843 3.22000050326629 0.0819851517789367 -1.66785740457414 4.68377052419691 5.72544974580865 26.0397487951757
0.629208311621407 -0.135758184296295 0.107601668211403 3.22002973006138 0.0820048155825028 -1.66755077094797 4.72324366459986 5.71278914208545 25.9881258675809
0.629355619104741 -0.135856705907599 0.107580981087998 3.22019223681962 0.0818442475109251 -1.66542235638104 4.72325141649633 5.71004494083876 25.9193638417229
0.629360795920741 -0.1357728137946 0.10756546982489 3.22044644401572 0.0815463318499954 -1.66206327520792 4.69258690747528 5.71411359175459 25.8423676505136
0.629300767462515 -0.135601468450379 0.107553183606625 3.22075944816857 0.0811479185235441 -1.65809775710703 4.64246855264142 5.72036866270703 25.7646557831723
0.629245711486292 -0.135425736237365 0.107542056015037 3.22111554295936 0.0806643519740582 -1.6540321740308 4.58174160920265 5.72391346108971 25.6921874212847
0.629263879377736 -0.135323137607205 0.107530241828279 3.22151341305464 0.0800905953723255 -1.65030448015213 4.51667842196206 5.71937574410956 25.6307557888231
0.629433536143582 -0.135380524027787 0.107516104407105 3.22196116632352 0.0794079876128719 -1.64738161149587 4.45235563706062 5.70028928100511 25.5872759396867
0.629848423957731 -0.135701971919478 0.107498330806057 3.22247001783052 0.078596738996966 -1.6458167237053 4.39408384157595 5.65912902793124 25.5699507978155
0.630600166746249 -0.136391650876622 0.107476504113558 3.22304336866934 0.0776600950320532 -1.64617374220101 4.34804596357198 5.58943066469626 25.5858904726268
0.631721443540939 -0.137493179195634 0.107452113734602 3.22366080970586 0.0766580269070841 -1.64872019367299 4.32003761435582 5.49106841273332 25.635057770388
0.633113307650424 -0.138908568013582 0.107429033215022 3.22426956584207 0.075719366178832 -1.6529970845095 4.311904189319 5.37586615254585 25.7038018958073
0.634549009840492 -0.140396678546599 0.107411971576572 3.22480428020841 0.0749889877614666 -1.65778181774823 4.31868755833606 5.2653502494306 25.7673686305778
0.635801182169524 -0.141707529531607 0.107403593384566 3.22522689685399 0.0745388258509328 -1.66176419686947 4.33103071606813 5.17838141578371 25.8040115960363
0.636766865362287 -0.142720931115124 0.107403403922496 3.22554385236616 0.0743399199472439 -1.66427918510205 4.34106404340406 5.12121731492709 25.8063608422026
0.637468826541659 -0.143453454199653 0.107409180979287 3.2257879492291 0.074312076298167 -1.66537172288357 4.34544495541501 5.08927119516654 25.7794132384952
0.637983308017097 -0.143982552725268 0.107418757860095 3.22599445097501 0.0743788761878931 -1.665417442725 4.3442826712803 5.07430506978092 25.7322746225741
0.638384062130141 -0.14438528486242 0.107430791018654 3.22619105942039 0.0744881483526518 -1.66480329498375 4.33899224156844 5.06917785960534 25.6726687093972
0.638723380576263 -0.144716314583456 0.107444776545781 3.22639891336344 0.0746088087996548 -1.66380731304281 4.33097245646871 5.06908106350463 25.6054426548502
0.639033324793926 -0.145008105641809 0.107460868221989 3.2266372368363 0.0747217459421606 -1.66259510911224 4.32114470893261 5.07111410106365 25.5329526080976
0.639332206620242 -0.145277196780134 0.107479749351948 3.22692806763104 0.0748123030269971 -1.6612504806097 4.3098965113837 5.07354080448826 25.4558002449987
0.639630205483523 -0.145529798264057 0.107502586040812 3.2273001236565 0.0748655149807493 -1.65980453680073 4.29711994855617 5.07519747909858 25.3734126802826
0.639932774408706 -0.145765287673791 0.107530987289353 3.22779109274973 0.0748637365806302 -1.65825571622712 4.28222260330529 5.07512111198239 25.2844774094046
0.64024199093512 -0.145978161066199 0.10756682211364 3.22844623032164 0.0747869547751738 -1.65658374817394 4.26410780224711 5.0723783443235 25.1874515969308
0.640556316960875 -0.146159742283018 0.107611663602391 3.22930890759596 0.0746173155958384 -1.6547641245249 4.24121802525325 5.06610741790317 25.081448356099
0.640869583845778 -0.146301371032818 0.107665650242324 3.23039812957317 0.0743496808048001 -1.65278967990119 4.21183334924697 5.05581821417602 24.9676955541822
0.64117092211677 -0.146400318619163 0.107725961225682 3.23167523009149 0.0740065102030534 -1.65069945892229 4.17481413785491 5.04190612908438 24.8511759278312
0.641447997352143 -0.146466825598665 0.107786022652476 3.23302126115804 0.0736465463838428 -1.64859898853875 4.13063433148878 5.02603971012737 24.7409999802671
0.64169388345152 -0.146526379114416 0.107837020459328 3.23426007437652 0.0733516754240692 -1.64664427489905 4.08191212846776 5.01084768688167 24.6478838614231
0.641913125474669 -0.146612362266117 0.107871585339557 3.23523146747958 0.0731919454389123 -1.64498508711579 4.03261475111626 4.99878346973 24.5795421040322
0.64212147833698 -0.146753624084534 0.107886825287659 3.23586008002756 0.0731951680142185 -1.64371000566813 3.98634997576763 4.99099305254506 24.5376842608767
0.642340023503041 -0.146967265774662 0.107884334455167 3.23616560463227 0.0733449032745901 -1.64283728788036 3.94516115609701 4.98708170508173 24.5189122362596
0.642589343816983 -0.147260171107956 0.107868027141391 3.23622392051474 0.0736001223864726 -1.64234512778848 3.90951282954011 4.98568468651188 24.5178033954818
0.642887129577686 -0.147634518762613 0.107842027133513 3.23612349428383 0.0739154404005142 -1.6422061635412 3.8789558244877 4.98515755779997 24.5294034250133
0.643248412382172 -0.14809217251041 0.107809657795494 3.23594156386299 0.0742513806892337 -1.64240584224844 3.85276921678237 4.98398235107539 24.5501696101861
0.643686385876745 -0.148636332631793 0.107773328539156 3.23573846763711 0.0745762412110992 -1.64294481364812 3.8303096708524 4.98090122263899 24.5778465592281
0.644212504024611 -0.149270907467488 0.107734818276376 3.2355605366472 0.074864339760368 -1.6438319152086 3.8111117755348 4.97492811645911 24.6109367863219
0.644835360928093 -0.149998341451882 0.107695634637909 3.23544463574744 0.0750939070114927 -1.64507233208145 3.79484964807962 4.96535343620111 24.648125243753
0.645558303223668 -0.150816398257366 0.107657314555523 3.23542121808372 0.0752460888793176 -1.64665300413259 3.78123672165438 4.95179385652265 24.6877815286384
0.646376082945624 -0.151714397844483 0.107621615417622 3.23551491892712 0.0753055126373949 -1.64852696204393 3.76990567215765 4.93429296728449 24.7275862064405
0.647271380910908 -0.152669797245641 0.107590563099081 3.23574275794395 0.0752623156804944 -1.65059986841563 3.76029835224008 4.91344212770453 24.7643421806587
0.648212676528208 -0.153646571538584 0.107566327717522 3.23611078792799 0.0751149991580424 -1.65272434700664 3.75159961118976 4.8904585806671 24.7940613999048
0.649155275209336 -0.154597058946256 0.107550929200309 3.23661082786867 0.0748728701550776 -1.6547084359203 3.74275210614413 4.86714154422738 24.8123949888988
0.650046670922286 -0.155468133884089 0.10754584354001 3.23721939336008 0.0745565215847226 -1.65634116084845 3.73257343488552 4.84565166621002 24.8153627440067
0.650835575260115 -0.156210640654464 0.107551653569991 3.23790040075712 0.0741952908718601 -1.65743047378452 3.71995615784158 4.82813539305432 24.8001703102766
0.651481765792018 -0.156788974697202 0.10756789973571 3.23861147246488 0.0738220207822721 -1.65784085294519 3.70408545757479 4.81630806434007 24.7657994709985
0.651963090771051 -0.157187218143998 0.107593199828745 3.23931164209858 0.0734669317701415 -1.65751635866055 3.68459513933317 4.8111470949797 24.7131346378296
0.652277434152052 -0.157410024998442 0.107625568516176 3.23996744965011 0.0731528678322214 -1.65648240403313 3.66161829480339 4.81278865781168 24.6446240227735
0.652440199502595 -0.157479283497648 0.107662775172937 3.24055542023494 0.0728932456642218 -1.65483078382893 3.63574959909996 4.82060655703137 24.5637017478769
0.652479945543502 -0.157429468131518 0.107702586133 3.24106084382905 0.0726925059469834 -1.65269970269476 3.60797716593552 4.83336233813878 24.4742687004618
0.652435117437877 -0.157304612437657 0.107742816545539 3.24147429788337 0.0725477881895988 -1.65026026722737 3.5796387019728 4.84929910093528 24.3804394721777
0.652353658363586 -0.157158423288709 0.10778120949686 3.24178797452856 0.0724503439607729 -1.64771519974833 3.5524143587529 4.86610057541912 24.2866002189378
0.652295288783237 -0.157056863362136 0.107815243003594 3.2419939573153 0.0723856857240404 -1.64530720384853 3.52830100999445 4.88073180487336 24.1976506820621
0.652333511626316 -0.157079627293127 0.107842054119771 3.24208649858442 0.0723324493311733 -1.64332394767419 3.50943457552517 4.88932079710805 24.1191184004137
0.652551208895462 -0.157313760139757 0.107858750322709 3.24206948495517 0.0722614684561288 -1.64207552984494 3.49758905254721 4.88741630203433 24.0566594011377
0.653022850168027 -0.157832529587192 0.107863311915565 3.24196703808956 0.0721381919607994 -1.64182014376379 3.49331428112495 4.87100352451343 24.0145320284797
0.65378393645049 -0.158661978159181 0.10785585089825 3.24182950138165 0.0719312103096325 -1.64264683416124 3.49508869584721 4.83823250953483 23.9933582942641
0.654804942053056 -0.159755566352343 0.107839321152374 3.24172491096364 0.0716247686310205 -1.64438752779007 3.49927154192622 4.79088313561361 23.9886944138049
0.655994506353274 -0.161002927735511 0.10781876371515 3.24171580706429 0.0712267928733712 -1.64664954141444 3.50130173613887 4.73418013635363 23.9920914850836
0.657235287694727 -0.162272812551048 0.107799366556611 3.24183648895946 0.0707654386789191 -1.64896775345764 3.4974640890601 4.67477853888429 23.9943393209892
0.658425860803619 -0.163458656471487 0.107784732155697 3.2420862506751 0.0702773877876326 -1.65096468405342 3.48598169988855 4.61842214932827 23.98853993685
0.65950175143314 -0.164498583725698 0.107776328436877 3.24243829093905 0.0697973448252865 -1.65241968534567 3.46696187834775 4.56878240968975 23.9712033624563
0.660432696792911 -0.165369430566617 0.107773918143008 3.24285288746794 0.0693541848895509 -1.65324662835617 3.44169851490958 4.52763338250165 23.9415765261166
0.661208869541759 -0.166070203326717 0.107776259396741 3.24328605610143 0.068972764349057 -1.6534348307729 3.41198885516178 4.49564409478252 23.9003787168735
0.661827414545205 -0.166607283927856 0.107781616686436 3.24369203398666 0.0686780966639758 -1.65299673478526 3.3797520188577 4.4731512879995 23.8487683828889
0.66228390975852 -0.166985720109492 0.107787985335404 3.2440218948043 0.0684992854778641 -1.65193790626243 3.34692587544726 4.46065243734995 23.7877710474784
0.662569596776177 -0.167206781467346 0.107793121797978 3.24422167099227 0.0684712614698222 -1.65025080375823 3.3155091279561 4.45896288184338 23.7181146522435
0.662674946118922 -0.167271584488355 0.107794541950118 3.24423404456968 0.0686317921174336 -1.64793298429825 3.28759475111962 4.46898366018862 23.6403972306455
0.662600770671528 -0.167191095986517 0.107789698610335 3.2440086870482 0.0690102161942126 -1.64503192389023 3.26522003587355 4.4909775564698 23.5555546885299
0.662376105177068 -0.167000919379012 0.107776559487975 3.24352499109413 0.069605994152921 -1.64170905611543 3.24986760332669 4.52337452413983 23.4655284500531
0.662074217328538 -0.166772643592933 0.107754597583066 3.24282156060047 0.0703641695784151 -1.63828581671888 3.24164877524167 4.56164606969996 23.3737535864957
0.661808627745762 -0.166606737475599 0.10772564453474 3.24200965637816 0.0711691656574668 -1.63520595677011 3.23867351027429 4.59845181804666 23.2848126188266
0.661697646401464 -0.16659990710553 0.10769363880336 3.24124427791555 0.0718774934349483 -1.63288675782749 3.23740346033516 4.62589597337465 23.2029820149419
0.661816545675074 -0.166806095333285 0.107663007126599 3.24066078736924 0.0723762476497267 -1.63154835137691 3.23410763812069 4.63872472288251 23.1305539523601
0.662175371097261 -0.167222605013117 0.107636842695252 3.24032501214002 0.0726223276630994 -1.63115928560232 3.22636179455198 4.63593878926809 23.0673033900035
0.662734803168133 -0.167807879611432 0.107616212710381 3.24023069772189 0.0726369272592576 -1.63152132997445 3.21351334179647 4.61988127807338 23.0113319502415
0.663437678744626 -0.168509489509295 0.107600647690093 3.24033015996554 0.0724735335224603 -1.63239496397045 3.19616932619671 4.59420014725955 22.9603149633092
0.664232116195775 -0.169282698234709 0.107589000159426 3.24056632268507 0.0721888236333911 -1.63357984846518 3.17543727213715 4.56229333865215 22.9123029951138
0.665080245869017 -0.170096289243076 0.107580070919096 3.24089056354011 0.0718282956973649 -1.63493818318597 3.15240871896752 4.52668575453797 22.8659575405158
0.665957755192745 -0.170931043071177 0.107572890759091 3.24126772853908 0.071423533350303 -1.6363862145414 3.12795086841595 4.4890247911685 22.8204713113809
0.666850173565204 -0.171776030512348 0.107566776042041 3.24167455369795 0.0709948159352031 -1.63787694737438 3.10269297101905 4.4503085613421 22.7754026671586
0.667749006106397 -0.172625181589111 0.107561286999542 3.24209600029472 0.070555057947707 -1.63938468540445 3.07710108823421 4.41113661345044 22.7305318216276
0.668648587834895 -0.173474684587457 0.107556164975487 3.24252144937676 0.0701135676738747 -1.64089360415559 3.05158932493935 4.37191981507162 22.6857648458665
0.669543452070168 -0.17432092562225 0.107551282448706 3.24294110761468 0.0696795371460189 -1.64238897470035 3.02665845472036 4.33305852440411 22.6410787718247
0.670425604469945 -0.175158385677488 0.107546618605532 3.24334225725478 0.0692657736066344 -1.64384851441214 3.00307533900436 4.29512466794432 22.5964934011351
0.671280997427697 -0.175976823216649 0.107542266175646 3.24370482383768 0.0688932820367888 -1.64523108171406 2.98210799053438 4.25908681268043 22.5520551624954
0.672084725210741 -0.176757181847632 0.10753847283758 3.24399617277468 0.0685968315141203 -1.64646047954029 2.96579755205242 4.22659623282334 22.507817289678
0.672795530604505 -0.177466410005691 0.10753571139088 3.24416663396291 0.0684299531971531 -1.64740520487806 2.95714312454364 4.20027449588828 22.4637967846158
0.673353147528734 -0.178053715219139 0.107534740064901 3.24415081911073 0.0684639749309345 -1.64786431331039 2.95985937617263 4.1837549341703 22.4198881383136
0.673686988848105 -0.178455250180666 0.107536546036478 3.24388442969713 0.0687705475395854 -1.64758717316032 2.97713336442187 4.18095081345072 22.3757376160358
0.67374634979452 -0.178617011635686 0.107542014256985 3.24334415612202 0.0693789316097899 -1.64636529883274 3.00907484224379 4.19403109135421 22.3306579153656
0.67354663081288 -0.178534685692871 0.107551315861505 3.24259521724738 0.0702237397484045 -1.64418977272365 3.05009783415987 4.22069881846703 22.2837498253052
0.673192839801555 -0.178280387436324 0.107563450802379 3.24179723223968 0.071136068143067 -1.64135416462551 3.08931804943761 4.25331264526106 22.2343004632197
0.672840752114038 -0.177978871755835 0.107576536973159 3.24113683603217 0.0719138959850817 -1.63835663291194 3.1153336307191 4.28192501646588 22.182176978615
0.672621252497017 -0.177746389119607 0.10758870308899 3.24073816672267 0.072418785281242 -1.63565712228966 3.12158350187744 4.2990411829421 22.1278169362261
0.672595907150689 -0.177648078274827 0.107598747311409 3.24062902400607 0.0726143822711405 -1.63351167826009 3.10768942644952 4.30187492420436 22.0718471181992
0.672765372073551 -0.177698554879167 0.107606137465706 3.24076786393268 0.0725387664013345 -1.63197883390178 3.07716540494423 4.29129632565419 22.0146940527961
0.673100120767112 -0.177884847434663 0.107610623815033 3.24108473340347 0.0722600492764715 -1.6310136892891 3.03467014553276 4.26968407716712 21.9563696456955
0.673564932215716 -0.178187562534787 0.107611815580833 3.24150520433789 0.0718488561069097 -1.6305546555389 2.98453914560091 4.23938578028719 21.8963481796579
0.674130349803465 -0.178592828442551 0.107608833361988 3.24195473104053 0.071370926810067 -1.63057451313782 2.93054067903041 4.20204237243618 21.83339058224
0.674774809959987 -0.179096945564641 0.107600026501717 3.24235100291986 0.0708920410205724 -1.63110358159395 2.87631799839586 4.15845935276691 21.7652397520709
0.675481154793458 -0.179705881310774 0.107582825952834 3.24259236881632 0.070487840022732 -1.63223075152808 2.82611405351519 4.10880231792809 21.6882564228943
0.676228763607078 -0.18042827896695 0.107554077377025 3.2425539704142 0.0702502503457748 -1.63406823980142 2.78536584965051 4.05315528359931 21.5973963038127
0.676982723173877 -0.181258199966 0.107511528974035 3.24211338173366 0.0702755548078822 -1.63664883229196 2.76031979368014 3.99259588178063 21.4874855285257
0.677687826702149 -0.182150377090793 0.107456747672334 3.24122652786017 0.0706170563966477 -1.63975980745095 2.75547494404555 3.93048574439189 21.3567465664424
0.678282619912441 -0.183011935388956 0.107397409357575 3.24001856958431 0.0712190237852749 -1.64285616228213 2.76935101753537 3.87252145568625 21.2109943332066
0.678734010336876 -0.183740372039037 0.107344885530177 3.23877046833439 0.0719104390043872 -1.64526683533543 2.79305798912652 3.824170363989 21.0630932879471
0.679057837059152 -0.184283798022619 0.107307594815747 3.23775747593667 0.0725025821451089 -1.64658889162814 2.81524018409902 3.78741727426069 20.9256629985596
0.679300131596009 -0.184657853591467 0.107287110465075 3.23710344698346 0.0728933586686579 -1.64684652390955 2.82860956758336 3.76043349268298 20.804460303788
0.67950494479386 -0.18491263222007 0.107280076825866 3.23678394035718 0.0730792935823583 -1.64631608269876 2.83161109784961 3.7398587215742 20.6985067187528
0.679699451758303 -0.185097178314127 0.107281882562492 3.23670986113405 0.0731067786042138 -1.64529980896573 2.82609092755508 3.72278221207862 20.6038915080842
0.679895804171588 -0.185245754055068 0.107288695926227 3.23679081966844 0.0730293225339323 -1.64402387965267 2.814802588512 3.70732439542839 20.5166709191821
0.680097667635777 -0.185378982945577 0.107297816311692 3.23695685415182 0.0728901520235492 -1.64263502742624 2.80022573865236 3.69241984206096 20.4338815230946
0.680305251192824 -0.18550915131835 0.107307306947557 3.23715667199633 0.0727208692416359 -1.64123105910989 2.78435246158663 3.67743634878441 20.3534798948517
0.680518110758811 -0.185644986908962 0.107315488560774 3.23734821876683 0.0725460609188034 -1.63989353955692 2.76887548993297 3.66185494498922 20.2739043280004
0.680736639140739 -0.185795066964984 0.107320487256264 3.23748834122771 0.0723891450584467 -1.63871516630074 2.75545320369344 3.64501976632924 20.1935136097375
0.680963039211531 -0.185969831486359 0.10731994846641 3.23752482856135 0.0722774579295703 -1.63781893744245 2.74585087026502 3.62594161790227 20.1099525509837
0.681201940643436 -0.186181335307552 0.107311201188008 3.23739676585402 0.0722437470017256 -1.63735632849814 2.74169928765235 3.60323658159111 20.019607235771
0.681459864817587 -0.186438659231371 0.107292382090703 3.23705441459083 0.0723183085980955 -1.63745637852256 2.74355937611874 3.57545293858554 19.917784227713
0.681742156890816 -0.18673855562672 0.107264580855673 3.23650315901648 0.0725078759921832 -1.63811301490947 2.74948955374711 3.54201351110697 19.8006112062521
0.682048110969784 -0.187058964952788 0.107233198200335 3.23583853878676 0.0727749934962859 -1.63909291453746 2.7546586773602 3.5042507047031 19.6682945358451
0.682369434285332 -0.187367711508136 0.107205773774351 3.23521243302714 0.0730487098762893 -1.64001767184612 2.7536220838772 3.46513240790977 19.5263373050948
0.682695360434222 -0.187642052557575 0.107187490701227 3.23474303778991 0.0732668955331636 -1.64059257392861 2.74355990923898 3.42745803932946 19.3822992520376
0.683018982812102 -0.187878412521075 0.107179122948175 3.23446403682509 0.0734054594292504 -1.6407401381566 2.72504424937895 3.39243136121823 19.2415216021253
0.683338851550913 -0.188086699737745 0.107178509457996 3.2343461801379 0.0734726713897022 -1.64054983091936 2.70039083045229 3.35975035341212 19.1058901851963
0.683656975444208 -0.188281041366061 0.107182734819018 3.23433977227179 0.0734900610590534 -1.640172601371 2.6719901106123 3.32839293350991 18.9750340524648
0.683976574068418 -0.188474891901904 0.107189237301909 3.23439903753877 0.0734800289468675 -1.63976029319453 2.64165828024377 3.29718435021624 18.8477162954605
0.684300745280429 -0.18868017759171 0.107195969614795 3.23448733924529 0.0734624986161349 -1.63945325185889 2.61067441228146 3.2649945848842 18.7225223108693
0.684631661675249 -0.188907977678255 0.107201175858451 3.23457333108304 0.0734563790888729 -1.63938948940764 2.5800359285056 3.23074675721873 18.5979588669168
0.684969649480066 -0.189169029275889 0.107203120825723 3.23462454146147 0.0734825870352061 -1.63971580732163 2.5507182382626 3.1934082326506 18.4722357073085
0.685311688721093 -0.189473004592759 0.107199925699502 3.23460124494752 0.0735668561587297 -1.64058830478521 2.52387311828203 3.15208274797599 18.3429150494842
0.685649266103201 -0.189825696161659 0.10718963284801 3.23445297448075 0.0737406175758722 -1.64215001338091 2.50091479518515 3.10629555043427 18.2066069601301
0.685966367138134 -0.190223764687162 0.107170641348434 3.23412164575952 0.0740373793657996 -1.64447471218602 2.48339417199056 3.05650158616671 18.0590121655895
0.68623974766075 -0.190648688995068 0.107142549956816 3.23355597061071 0.0744822214303866 -1.64748321877932 2.47255273815005 3.00464566289729 17.8957282297049
0.686444162691561 -0.191064923433083 0.107107052182945 3.23273626422594 0.0750763712463054 -1.65088021898689 2.46862550331912 2.95428312465753 17.713958190583
0.686562320368156 -0.191428038210045 0.107068060640772 3.23169538734285 0.075787056153041 -1.6541915548029 2.47033379527804 2.90972505881998 17.5143280094774
0.686593495039353 -0.191701481552848 0.107030486618542 3.23051465172915 0.0765548631676381 -1.65692810374271 2.47513758687821 2.87439301704867 17.3012427429651
0.686553446275239 -0.191870523733806 0.106998320198321 3.22929151127021 0.0773171182522135 -1.65877534850635 2.48023810206577 2.84952005686417 17.0811065523868
0.686465877421456 -0.191943271934569 0.106973423411059 3.22810314328832 0.078029888670574 -1.65967001478103 2.48358388098908 2.83413826113638 16.8597376498344
0.686352902292451 -0.1919411171186 0.106955646698083 3.2269903343892 0.0786747017397409 -1.65974093072506 2.48422978861167 2.82606074338594 16.6408158082213
0.686230304365921 -0.191888087399975 0.106943694968007 3.22596303550411 0.0792519355282881 -1.65919997121397 2.48209047055082 2.82291890879721 16.4258223739483
0.68610768132691 -0.19180493606248 0.10693595708906 3.22501455468798 0.0797703537698036 -1.65826137334315 2.47749366339428 2.82270976372043 16.2147550598154
0.685990939884741 -0.191708030166511 0.106930972648142 3.22413403852734 0.0802389477782258 -1.65710896670375 2.47081624888514 2.8238697411566 16.0068639201311
0.685885209560838 -0.191610907830849 0.106927585700186 3.22331429093286 0.0806621842176164 -1.65589662351933 2.46226431476971 2.82508971949743 15.8010989390362
0.685797482844294 -0.191526764736192 0.106924935515894 3.22255595008265 0.0810375402034857 -1.65476334076533 2.45175369932084 2.82503668895714 15.5962693547658
0.685738876781507 -0.191470915202677 0.106922398955127 3.22186952528815 0.0813542714591614 -1.65385044048553 2.43884440969384 2.82206923885584 15.3910144636138
0.685726267505729 -0.191462512345897 0.106919546773958 3.22127572606074 0.0815933219000106 -1.65331227343724 2.42272201023489 2.81401746364219 15.1836974279819
0.685782412461394 -0.19152449173058 0.106916140305711 3.22080310329641 0.0817294022352828 -1.65331175296395 2.40226893274376 2.79814552023625 14.972345911351
0.685933021462283 -0.19168034971404 0.106912166942344 3.22048118967826 0.0817368723193467 -1.65399223445213 2.37630020885278 2.77147326189834 14.7547866942406
0.686199632368096 -0.191947074178132 0.106907879619071 3.22032853244881 0.0815999371267065 -1.65542562544398 2.34399766995208 2.7315758552651 14.5290884307532
0.686589793648902 -0.192326294449712 0.106903776683948 3.22033932774623 0.0813239188471116 -1.6575577194576 2.3054184084725 2.67767161039595 14.2942388362286
0.687089973477905 -0.192799149685769 0.106900475068892 3.22047715385262 0.0809403032134309 -1.66019150014809 2.26176508536453 2.61136960589158 14.0506839299981
0.687667165825743 -0.19332998330467 0.106898512959981 3.22068266828818 0.0804997708373468 -1.66303611542602 2.21514431325964 2.53640954421932 13.800270109602
0.688279256523871 -0.193877678769336 0.106898197193029 3.22089197206776 0.080056191418111 -1.66579924967763 2.16790551563536 2.45741559650282 13.5455161718112
0.688887199287963 -0.194407285243167 0.106899584500657 3.22105374070973 0.0796518348281539 -1.66826489151741 2.12198935443079 2.37847032873038 13.2886662109497
0.689461819473871 -0.194895520607556 0.106902580287702 3.22113599345702 0.0793115272895199 -1.67031800899487 2.07863915323094 2.30231078907627 13.0310487885475
0.689983595315883 -0.195329535915036 0.106907073908236 3.22112267212023 0.0790454752661487 -1.67192271002293 2.03849173482186 2.23030672722747 12.7729045246213
0.690438197194819 -0.19570219464724 0.10691304671177 3.22100561281574 0.0788559351333846 -1.67308261223728 2.00185232187184 2.16289110550014 12.5135251263576
0.690811141109747 -0.196007101703018 0.106920632840603 3.22077688546712 0.0787435703637487 -1.67380581578461 1.96896913791428 2.10007671977695 12.251510290881
0.691083708421611 -0.196235118771522 0.106930132693392 3.22042398733923 0.0787116373405431 -1.67408340911702 1.94021322465092 2.04187035598435 11.985082450601
0.691231592814332 -0.196373243200894 0.106941969546133 3.21992912464374 0.0787674287249672 -1.67388365176212 1.91612022686738 1.98853519453439 11.7125445131363
0.691228084122173 -0.196406842132176 0.106956558494163 3.21927402636649 0.0789204198357383 -1.67316423576356 1.89724964690753 1.9406852139542 11.4330393372915
0.691053953691617 -0.196326442102989 0.10697405298064 3.218451816466 0.0791763211619419 -1.6719062721041 1.88381481325701 1.89916213780157 11.1476851993046
0.690714160082383 -0.196138869329383 0.10699399337167 3.21748472524785 0.0795273649253011 -1.67016706066417 1.87512174200258 1.86463283287031 10.8607882259027
0.690254749203347 -0.195878061892932 0.107015030987965 3.21643905983136 0.0799429342585713 -1.66812804126277 1.86908693626477 1.83696848759257 10.5802161417924
0.689765308762525 -0.195605820309718 0.107035031265867 3.21542188873595 0.0803689176092116 -1.6660926512648 1.86232772675501 1.81474765508873 10.3158201604966
0.689355768436027 -0.195395569993883 0.107051705343758 3.21455081751937 0.0807416765136913 -1.66440542031346 1.85110636917694 1.79537146797674 10.0759865237142
0.689117364866581 -0.195306384479622 0.107063445826983 3.21391190196787 0.0810103045486623 -1.66333094707757 1.83266163704278 1.77589162630255 9.86440151736442
0.68909466219482 -0.195365254440393 0.1070697824296 3.21353509304969 0.0811517072913992 -1.66297725908343 1.8059981412816 1.75399664890977 9.6793433251577
0.689284629378774 -0.195567576992122 0.10707122774631 3.21340009969922 0.0811700151418773 -1.66330556171482 1.77171576493785 1.72850290038091 9.51555301832909
0.689654614737003 -0.195889773508167 0.107068793316771 3.21345972809666 0.0810856510530177 -1.66419355384396 1.73128058465195 1.69923497657019 9.36682221309369
0.690162231674836 -0.196302625359274 0.107063552969889 3.21366181616635 0.0809238917653101 -1.6654984672651 1.68633672172433 1.6666203660485 9.22773478338247
0.690767600613315 -0.196779221594251 0.107056414014309 3.21396117775866 0.0807082032864305 -1.6670933048865 1.63834211744902 1.63131800476136 9.09424960994706
0.691436910281619 -0.197297064373372 0.107048078148322 3.21432216852559 0.0804588980226614 -1.66887643924019 1.58852699738632 1.59400469040079 8.96347835099187
0.692138585226664 -0.197835236232592 0.107039156362353 3.21471424922993 0.0801967980070736 -1.67076081627327 1.53811759565288 1.55531339193403 8.83292627767206
0.692830779204131 -0.198365565478057 0.107030510143543 3.21509955571272 0.0799538181914386 -1.67263984957768 1.48883151120613 1.51588393430942 8.69901559236114
0.693435389306627 -0.198833993200031 0.107024071278513 3.21540665003861 0.0797951128481635 -1.67431263511196 1.44361318727009 1.4764697026018 8.55425612834498
0.693800544186878 -0.199132610569654 0.107024377048893 3.21548836814871 0.0798512675899956 -1.67535959782951 1.40697796349419 1.43792732337044 8.38303142881011
0.693702374677827 -0.199097435353041 0.107039673269846 3.21510755632 0.0803163540054491 -1.67508920258998 1.38262727348787 1.40064094877845 8.16106064650689
0.693015518118479 -0.198626931206685 0.107077815391828 3.21408738852089 0.0812992256833976 -1.67295449131727 1.36605995262128 1.36317587802112 7.8726473844983
0.69198894654549 -0.197886129474045 0.107135570870138 3.21260992998027 0.0825834390709446 -1.6694293913434 1.34078210920841 1.32211538090306 7.54110635564317
0.691115098353784 -0.197227792443707 0.107197835852032 3.21115398730085 0.0837414754744622 -1.66588438186004 1.29183504881867 1.27503793129243 7.21791573349649
0.690666614254559 -0.196859883210522 0.107252331187687 3.21003802795587 0.084538189431724 -1.66327878355624 1.21867666388557 1.22237469007264 6.93349497269939
0.690613956684738 -0.196774071743674 0.107296394441074 3.20928246932818 0.0850026388877404 -1.66172409434558 1.12907431539351 1.16559225649215 6.68563069082374
0.690825576484788 -0.196884986671528 0.107332384571746 3.2087843352717 0.085254092943878 -1.66096999987828 1.03003623895887 1.1053818269743 6.45918476541287
0.691187639750413 -0.197119282513381 0.107363406927117 3.20844434007153 0.0853975913190452 -1.66078103023761 0.925619669181732 1.04124763723965 6.23842993316877
0.691620512021072 -0.197432052799104 0.107392230996504 3.20819656499026 0.0855068530952928 -1.66103719577597 0.818241649933646 0.971615317600238 6.00839033236946
0.692061181904381 -0.197797931070716 0.107421813077111 3.20800321352787 0.0856291351176665 -1.66172023389529 0.710983599518898 0.894326419820679 5.75324723923638
0.692445444294168 -0.19819603065051 0.107456177516157 3.20784671871136 0.0857750134806511 -1.66283944934931 0.610747842524783 0.808679552686651 5.45926807849821
0.692714056164491 -0.198592768334798 0.107499986209168 3.20772494210331 0.0858839014682723 -1.66426305415913 0.530237792644424 0.720235834786259 5.13029374930186
0.692862826752171 -0.198940765784443 0.107554647104977 3.20764239158472 0.085823054203061 -1.66556904109818 0.481178227708368 0.643363416322768 4.80618567789239
0.692971131388149 -0.199214434169575 0.107614957986018 3.20759482025043 0.085505309792533 -1.66629614362268 0.460226446018955 0.590523012967693 4.5394269536538
0.693122547068185 -0.199432387809039 0.107674085912235 3.20756695464814 0.0849828992666026 -1.66638005048624 0.451505705658808 0.559841995483928 4.3433177754908
0.693336294988036 -0.199626374281734 0.107729499229373 3.2075456995223 0.0843620446558791 -1.66606169937146 0.443196379767938 0.54141770846559 4.19465459063542
0.693592681723352 -0.199814480328954 0.107781939760189 3.20752558787986 0.0837111884294765 -1.66556610043559 0.43204507025993 0.527756096336984 4.06840244113904
0.693870167013117 -0.200002248043118 0.107832660512616 3.20750546333833 0.083058041597136 -1.6650068641985 0.418649896822667 0.515527549350259 3.95069786006887
0.694155789795897 -0.200190050788501 0.107882393002809 3.2074853587672 0.0824128964707879 -1.66442501204214 0.404080983111853 0.503655452298637 3.83582246656826
0.694442983328039 -0.200376798864992 0.107931330647862 3.20746533622138 0.0817831228313222 -1.66382980364165 0.388987729330448 0.491887821183743 3.7217805537278
0.694727913158037 -0.200560784981113 0.107979280892429 3.20744515574863 0.0811796434975222 -1.66321729760152 0.373639680111918 0.480220230806036 3.60794482135974
0.695006851451141 -0.200739346892506 0.108025735179684 3.20742397245891 0.0806210185195623 -1.66257509438264 0.358094399618048 0.468734564050472 3.49412082553653
0.695274183234018 -0.200907980248299 0.10806985147379 3.20739966441363 0.0801381953258755 -1.6618804035607 0.34229861727461 0.457587383156931 3.38022652117705
0.695520229885313 -0.201058918160652 0.108110406395276 3.20736742104149 0.0797811001467795 -1.66109407548267 0.326125663882038 0.447054191827299 3.26618791648109
0.695728231636263 -0.201179013710267 0.10814581793836 3.2073170453255 0.0796267989051955 -1.66015113417546 0.30938397667874 0.437609357993093 3.151898506699
0.695870255493079 -0.20124697408183 0.108174438319012 3.20722828642485 0.0797861101151112 -1.65894896343018 0.291830874254174 0.430036532021582 3.03719462637498
0.695903065401278 -0.201230962285509 0.108195487357478 3.20706401527275 0.0803989275583498 -1.65733899446497 0.273234200457807 0.425535958271244 2.92184193099301
0.695768235651001 -0.201089984315298 0.10821110894032 3.20676361969414 0.0815971197245996 -1.6551390269866 0.253540877574314 0.425706505492405 2.8055566955939
0.695405949079991 -0.200785898747158 0.108229535431912 3.20624533879238 0.0834077628997935 -1.65219756682978 0.233188874238865 0.432141600373509 2.68811024586224
0.694791775886874 -0.200311492553163 0.108267317031084 3.20543273546031 0.0856061527496174 -1.64852929150905 0.213432473499332 0.445396950944839 2.56954391364398
0.693983200132141 -0.199722065383434 0.108345940156408 3.20430842353555 0.0876407403719063 -1.64445041266878 0.196247930434156 0.463729415827199 2.45037722266095
0.693124655401779 -0.199132159531588 0.10848091247929 3.20295430380583 0.0888136229492827 -1.64053207327334 0.183462855895753 0.483036625632898 2.33152155751125
0.692378576164066 -0.198659310143405 0.108671876985318 3.20152054652043 0.0886581700474083 -1.63731322996383 0.175680821600351 0.498833419103839 2.21381711081312
0.691841714414018 -0.198364604991101 0.108904538341696 3.20014249602255 0.087148421624374 -1.63503299670579 0.172111651451533 0.5085502535963 2.09761320745162
0.69152485089887 -0.198244565512223 0.109161049471379 3.19888812699473 0.0845726258540164 -1.63362325262317 0.171338679669685 0.51201904000807 1.98276551352765
0.691387926303716 -0.198261584778443 0.109427847640595 3.19776466147578 0.0812910495568776 -1.6328709868554 0.172093713405193 0.510446149813822 1.86889457687202
0.691379404996971 -0.198373521170823 0.109697327652284 3.1967491565051 0.0775918446305423 -1.63255880886654 0.173545102921836 0.505312922751636 1.75559981640321
0.691456447364458 -0.198547322393431 0.109966292627866 3.19581196518893 0.0736607953373179 -1.63252253056514 0.175246869948169 0.497829508841638 1.64253522343184
0.691589854343594 -0.198761366113448 0.110234076623013 3.19492726702544 0.0696019348733083 -1.63265560351107 0.176999724239721 0.488811184963517 1.52939599574518
0.691762775415018 -0.199003623563103 0.110501344856467 3.19407567306517 0.0654653180006547 -1.63289582935853 0.178740297296253 0.478720319898203 1.41587412471013
0.691968461354274 -0.199269368896801 0.110769567214202 3.19324389050133 0.061267344633257 -1.63321132831386 0.180478393645854 0.467725556507029 1.30161746604146
0.692209003358802 -0.199559490565372 0.11104092518879 3.19242433587945 0.0570031569432631 -1.63359006950514 0.182271506933056 0.455721102340602 1.18622349896257
0.692495289540102 -0.199879076692434 0.111318405763695 3.19161644372122 0.0526553847681922 -1.63403173784933 0.184223881100211 0.442292116048241 1.0693275029887
0.692847222780816 -0.200234949092528 0.111605758816419 3.19083122423801 0.0482059837880213 -1.63453809526966 0.18649940577195 0.426641669259607 0.950907642045035
0.693291343370543 -0.200629661759607 0.111906719728184 3.19010019730503 0.0436607650791892 -1.63509610149757 0.189331517191735 0.40755630938105 0.831995893651672
0.693850086033524 -0.201049110593003 0.112222554055386 3.18948632527515 0.0390952589890788 -1.63564926495268 0.192992140623783 0.383617968681438 0.715880346347715
0.694517062828032 -0.201445736544318 0.112547534030999 3.18908417438801 0.0347095401717832 -1.63606661949846 0.197660241375971 0.35398141371412 0.609183940978449
0.695227806168582 -0.201734192144222 0.112865261814987 3.18898597950046 0.0308259621215387 -1.63615092069098 0.203188185314057 0.319679499922187 0.520852778699981
0.695864081209982 -0.201824908815967 0.113152874844013 3.18921381374341 0.0277471900991967 -1.63573205944512 0.208971486387119 0.284249213989799 0.457431733315761
0.696316468086546 -0.20168256405698 0.113394447474532 3.18968299902102 0.0255483813106578 -1.63479095639668 0.214201221841766 0.25216905850836 0.417930095225321
0.696549829738088 -0.201346202156211 0.11359048889158 3.19025426151524 0.0240371666187679 -1.63347166230187 0.218329770558121 0.226215771691469 0.394508544924141
0.696602931561453 -0.200890849656968 0.11375370070237 3.19081737103028 0.0229193898735327 -1.63197243629709 0.22125034210038 0.206555372685036 0.37810679517618
0.6965436626556 -0.200382519553675 0.113899092534618 3.19132343518946 0.0219617599124539 -1.63044959154531 0.223118698762631 0.191819442922285 0.362547836645649
0.696434891751672 -0.199862266572374 0.114038492958221 3.19176839996989 0.0210367085160342 -1.62899761355718 0.224118202326613 0.180400553060259 0.344933947085447
0.696325399282063 -0.199350843914447 0.114180137247912 3.19216746817084 0.0200962744104211 -1.62767107821939 0.224334662886263 0.171066945308373 0.324386612099541
0.696253989295471 -0.198857478770349 0.114330209247569 3.1925388499081 0.0191376255491506 -1.62650911366798 0.223719547533139 0.163063175611675 0.300893784926244
0.696255924619076 -0.198385751966617 0.114494365871051 3.19289600595768 0.0181824777050085 -1.6255487597488 0.222087568578916 0.156034084111973 0.274698437472653
0.696366762448186 -0.197935758291236 0.114678584528927 3.19324325714073 0.017269778638019 -1.62482552372272 0.219128599755262 0.149943456695601 0.246110633678381
0.696620857474998 -0.197503242087308 0.114889010293415 3.19357128505031 0.016455460354892 -1.6243598135667 0.214449514926011 0.145026151408133 0.215587523492271
0.697041637686835 -0.197076581983002 0.115130348689247 3.19385193527564 0.015811832992728 -1.62412714650548 0.207686810156003 0.141743787454713 0.183981175178229
0.697622384295869 -0.196633467290418 0.115402526870149 3.19403571438233 0.0154174883160808 -1.62401729118609 0.198726629858065 0.140674199168645 0.152823981980062
0.698304588544661 -0.19614122176236 0.115696720019499 3.1940594824443 0.0153303160738665 -1.62380852326166 0.187986788819335 0.142269280921026 0.124382169806181
0.698974368004004 -0.195565202173349 0.115994250295159 3.19386973029007 0.0155502575626609 -1.62320254418661 0.176552013176485 0.146529140775455 0.101150363263319
0.699496386334991 -0.194883723047547 0.116272002668237 3.19345195214944 0.0160005734526455 -1.62193677827941 0.16590525961756 0.152828063657213 0.0848396203381078
0.699771568742719 -0.194098589098547 0.116512465911426 3.1928419786167 0.0165540478120331 -1.61990616420961 0.157316555163882 0.160117144902553 0.0755805980007831
0.699773582459627 -0.193231683514972 0.116710715941606 3.19210752071018 0.0170884275520136 -1.61719422481482 0.151355693326582 0.167381646689189 0.0720524797126885
0.699539987034494 -0.192311798896536 0.116873732199295 3.19131758522522 0.017526352308827 -1.61400332312533 0.147872899224525 0.17398111645747 0.0723328568567628
0.699138632549612 -0.191363189706495 0.117015203311993 3.19052355904494 0.0178390093737556 -1.6105635060787 0.146307508019834 0.179691515403589 0.0746969710017522
0.698639655743531 -0.190401255320008 0.117151104204881 3.1897574108012 0.0180278935414781 -1.60708322900794 0.14600106762201 0.184562800013164 0.0779530748129573
0.698103958548817 -0.189433367441939 0.117298175084224 3.18903892707898 0.0181051004115257 -1.60374657531403 0.146359291576857 0.188761224892999 0.0814131839975271
0.697583773707316 -0.188461270673056 0.117474692227959 3.18838401931817 0.0180810537373777 -1.60073477427452 0.146881487295771 0.192471454943608 0.0847358843374949
0.697128197434946 -0.187483090150656 0.117702217783191 3.18781067293269 0.0179597417141097 -1.59825246943402 0.147124617551372 0.195857867179342 0.0877853442967806
0.696788745529953 -0.186494527520398 0.118007053442897 3.18734165282206 0.0177394529654018 -1.59654572388771 0.14665349007701 0.199062612860903 0.0905516365492051
0.696621377080937 -0.185489585200648 0.118419827255836 3.1870031613927 0.0174180901518088 -1.59589784188521 0.145011253920355 0.202221550356415 0.0931312688550979
0.696681096642045 -0.184461467767962 0.118970935550996 3.18681777623876 0.0170032003619797 -1.59658262486467 0.141742208669698 0.205484808039797 0.0957506156558439
0.697005274541164 -0.183404371667629 0.119679539301648 3.18679030309183 0.0165257096016008 -1.59875520541924 0.136499000830508 0.209028562150868 0.0987998804893146
0.697586630064319 -0.182316429638847 0.120536920085962 3.18688945311675 0.0160515169564226 -1.6022920656865 0.129235348373143 0.213041406158284 0.102822120270381
0.6983493904471 -0.181202745522729 0.121492710835723 3.18703693900287 0.0156790084957605 -1.6066664071268 0.120395822830123 0.217675221615119 0.108397395747291
0.699153278508737 -0.180075965133597 0.122458826361161 3.18711999777315 0.0155131857577546 -1.61100111163055 0.110922783810956 0.222979122077603 0.115928220553636
0.699837449722391 -0.17895256023915 0.123337454114397 3.18702937668917 0.0156260004608283 -1.61435146658358 0.101970579846597 0.228866828441691 0.125453009323074
0.700279877923449 -0.177846676486811 0.124057089898317 3.18669920583915 0.0160307319593449 -1.61605256020565 0.0944773619075465 0.235153118980673 0.136639914936765
0.700430466193375 -0.176765866021596 0.124591300417229 3.18612081951822 0.0166881492203042 -1.61588746926867 0.0888954128396469 0.241634044733261 0.148962300556332
0.700303435583663 -0.175710862057909 0.124952557985817 3.18532785494139 0.0175335761846674 -1.61401315439728 0.0852097937485112 0.248153387620798 0.161907301852301
0.699948380173367 -0.174677897464231 0.125173842869121 3.18437145787663 0.0185024005663626 -1.61077535293032 0.0831267601069757 0.254627502945789 0.175092030367518
0.69942389008239 -0.173661012306995 0.125292623057743 3.18330217838438 0.0195424727848291 -1.60655436757918 0.0822615757680287 0.261041809757459 0.188273428227057
0.698783556034977 -0.172652832966285 0.125342859330314 3.18216294104302 0.0206145886073211 -1.60169338410847 0.0822472019745281 0.267444661642499 0.201296075752236
0.698073224325569 -0.171643203406812 0.125354143595526 3.18099050902894 0.0216860555587129 -1.5964989175344 0.082766834621411 0.273956169202773 0.214012236973823
0.697335845678163 -0.170615042532198 0.125355794194192 3.17982233494174 0.0227205979458523 -1.59129286056676 0.0835388205364129 0.280797094006952 0.226178122069453
0.696621670063468 -0.169536483908455 0.125384701523018 3.17870705969436 0.0236661238623515 -1.58650551336799 0.0842800120452905 0.288325547299539 0.237312491725243
0.696001972708377 -0.168349341667112 0.125495675296002 3.17771616670228 0.0244438015101369 -1.58279419226934 0.0846746582781526 0.297031620867388 0.246521164338636
0.695579451339259 -0.166959713609847 0.12576868159806 3.17694776965039 0.0249505973191834 -1.58111490597685 0.0843974272930839 0.307370016469536 0.252388712640965
0.695474722075475 -0.165250648761653 0.126296408578936 3.17650053706401 0.025101039811524 -1.58254295509701 0.0832681634588755 0.319269093550402 0.253252662019461
0.695760200632926 -0.163146431868201 0.127130014605426 3.17639626021113 0.0249246391794971 -1.58758934296079 0.0815538592493612 0.331405190579071 0.248268932783154
0.696361344101879 -0.160712489344631 0.128201302831927 3.1764923936259 0.0246515611322331 -1.5952810656701 0.0801505391472122 0.341060023786785 0.238881174062993
0.697044399072803 -0.158175190391841 0.129317287358967 3.17651230079928 0.0246366944095173 -1.60318897684909 0.0802087997605318 0.345466382130621 0.228846251823453
0.697556736577235 -0.155789911853279 0.130275301308492 3.17621849636177 0.0251360078315102 -1.60889902800781 0.0824074406084685 0.343610187765125 0.221969689565423
0.697769738417698 -0.153699000207918 0.130974551010277 3.17554087655943 0.0261823560472885 -1.61133868867623 0.0866950862295872 0.336418687196292 0.219984040584129
0.697687360348675 -0.151919345377898 0.131417669128138 3.17455141542779 0.0276528027964353 -1.61073025256772 0.0926361839329044 0.325549099899044 0.222539325798929
0.697378212146432 -0.150409560223909 0.131652252319225 3.17338293990609 0.0293805254447939 -1.60786774532386 0.0998126197877385 0.312375690477674 0.228258462871295
0.696923428843073 -0.149126671038217 0.131725593310742 3.17218718414855 0.0312050303375162 -1.60361706716716 0.107990233122671 0.297705184075915 0.235420473911557
0.696401624535491 -0.148048582588338 0.131667844247339 3.17114091439781 0.0329640858413554 -1.59880031881295 0.117099519495494 0.281903386313023 0.241962038589025
0.695896875132548 -0.147169599946365 0.131493643877624 3.17047328491435 0.0344604127282379 -1.59430291357218 0.127090651666818 0.265175134310953 0.245032771158734
0.695511626986742 -0.146468752657508 0.131217520930776 3.17046815001078 0.0354421322769564 -1.59121544431832 0.13762459613443 0.247984229053421 0.240580703578104
0.695357284763681 -0.145847813147049 0.130883566905691 3.17135476733122 0.0356689870823795 -1.5907199377808 0.147620202619973 0.231584206965432 0.224098627825832
0.695490028255179 -0.145086614772313 0.130589632672226 3.17303991494924 0.0351256931341259 -1.59337779815911 0.155151544697394 0.218113781372804 0.19387996618533
0.695830552218882 -0.143932841411873 0.130452854686 3.17495035619315 0.0342004118661921 -1.59826542763479 0.158509140980141 0.209394930243588 0.154609705432561
0.696202184979386 -0.142297011978192 0.130522884733083 3.17639196951557 0.0334602017760138 -1.60342485715583 0.157673163713975 0.205339314907404 0.115029523750454
0.696472711862907 -0.140291683642598 0.130758077436843 3.17706210514596 0.0332218817883646 -1.60742242217281 0.154104484877426 0.204257143228563 0.0811433370006407
0.696613657237042 -0.138086469804546 0.131086362406146 3.17706866281649 0.0334695951864846 -1.60997113921339 0.14932781626353 0.204445255267472 0.053854313183175
0.696655118428077 -0.135799892701116 0.131455076301617 3.17665043366027 0.0340498091579741 -1.61141588919993 0.144212245156634 0.204949835205856 0.0314245586019996
0.696635661472234 -0.133490599877431 0.131837507538093 3.17600090819676 0.0348211848706046 -1.61218162935422 0.139086017981914 0.205407698858405 0.0118739435188286
0.696583184432294 -0.131183911566841 0.132222520396002 3.1752359189469 0.0356949528924192 -1.6125658559547 0.13401945464064 0.205715563410454 -0.00618824716864881
0.696513805925665 -0.128894379890142 0.132605216314285 3.17441464119892 0.0366267924480263 -1.61272588467854 0.128997094095387 0.205822856382692 -0.023566450552828
0.69643545220419 -0.126640050174261 0.132981275944495 3.17356426746116 0.0376013847768413 -1.61271337673765 0.123987439219447 0.20562595037751 -0.0406617689076333
0.696351070554389 -0.124453945688171 0.133342858628543 3.17269765453376 0.0386209469537609 -1.61250114677176 0.118965946517994 0.204893151544574 -0.0575833607836027
0.696260571551332 -0.122397580783463 0.133673753243919 3.17182713104502 0.0396960500406001 -1.61199568279147 0.113928852213543 0.203177024213538 -0.0741056793694087
0.696161952368737 -0.12057663931414 0.133942507244035 3.17098088240915 0.0408315123307321 -1.61105188908432 0.108920938039277 0.199715870730994 -0.0894151857361955
0.696052579780185 -0.119146343092974 0.134095652416913 3.17022668826132 0.0419968975292912 -1.60953038142581 0.104091092328891 0.193422629077006 -0.101641632453477
0.695931919380355 -0.118268864358873 0.134062217312402 3.16969482364673 0.0430783993770898 -1.60745508460759 0.0997581513108067 0.183235059588886 -0.107491935663741
0.6958058472538 -0.117978471851652 0.133790216404685 3.1695599550944 0.043849883235641 -1.60525177869477 0.0963850272874837 0.169112962992143 -0.103007522991109
0.695688241249374 -0.118022231061186 0.13331090330215 3.16993528236575 0.0440546721162385 -1.60378816678797 0.094321475819977 0.153113607622601 -0.0863105811196939
0.695593830656142 -0.117920363847042 0.132755279343539 3.17075006044881 0.0435981697989446 -1.60389388499257 0.0934620254321199 0.138788995266464 -0.0601442352705305
0.695527811524064 -0.117287913959963 0.132269502255278 3.17178375849177 0.0426298613337862 -1.60576635515621 0.093278652792582 0.128801977659775 -0.0302789312450468
0.695484913386069 -0.116038192235936 0.131926392027275 3.1728268349316 0.0414038946786678 -1.60899304827584 0.0932168805395973 0.123591661076353 -0.00142448520494996
0.695456258818043 -0.114293823438925 0.131724029859517 3.17376966015665 0.0401212942191024 -1.61299737215128 0.092951838607543 0.122163578605933 0.0245302989146016
0.6954344253215 -0.112224730830742 0.131629284057331 3.17458109627968 0.0388946091034091 -1.61732647566618 0.0923603466163851 0.123304473523523 0.0476744197834474
0.695414322399946 -0.109968858779214 0.131608810064799 3.17525878543249 0.0377846013266682 -1.62168075121925 0.091402405424526 0.126149829252553 0.0688489761106047
0.69539211955931 -0.107623264802565 0.131639253655219 3.17579550923718 0.0368429305221467 -1.62583900948918 0.0900355408959238 0.130258303301959 0.0889961610745412
0.695363807880318 -0.10526120021602 0.131707184926463 3.17616126962546 0.0361432627326546 -1.62957463203577 0.088172294437437 0.135534375884532 0.108962709956216
0.695323773118237 -0.102954032057713 0.131805950520009 3.17629252127511 0.0358034980066389 -1.63258471355592 0.0856672057699094 0.142144346635872 0.129473752687338
0.6952635110772 -0.100792099194174 0.131931367670724 3.17608789569714 0.0359965497185561 -1.63444302928437 0.0823397421295561 0.15042211420804 0.151079956487527
0.695171304231025 -0.0988977285225503 0.132075621748894 3.17542394321431 0.0369272510214809 -1.63462507618669 0.0780701002746456 0.160676150571045 0.173934510584072
0.695035078460026 -0.0974102607202058 0.132219338947297 3.17421845999472 0.0387310601941349 -1.63271044484535 0.0730083681720285 0.172788455307881 0.197343355369864
0.694850648809852 -0.0964159331504051 0.132327168983547 3.17254870534486 0.0412832980015695 -1.62881694493397 0.0678198945135395 0.185697805218326 0.219378552270791
0.694631235062217 -0.0958462844743851 0.13235816692056 3.17073078345319 0.0440714262779681 -1.62396015723113 0.0636385170522131 0.197357812345831 0.237343865674108
0.694405318187839 -0.0954654734515467 0.132290793974382 3.16919940293224 0.0463910184484116 -1.61971425310985 0.0614783040954687 0.205738104981154 0.249367237861009
0.694199593583341 -0.0950106271005951 0.132136655674867 3.16824385183383 0.0477741540855034 -1.61725871331704 0.0616017432926783 0.2100794414137 0.255616585509828
0.694025263090196 -0.0943373367099444 0.131926623392583 3.16788859214685 0.0481824781231227 -1.6168451001616 0.0635535452519692 0.211003181100245 0.257754300964283
0.693879632996381 -0.0934329309538988 0.131689385464892 3.16799304087485 0.0478448448686708 -1.61807461819761 0.0666569734426529 0.209667479970673 0.257599043278034
0.69375457937007 -0.0923495895168054 0.13144246233352 3.16839063687741 0.0470317123222451 -1.62039130645183 0.0703734105430081 0.207068106063635 0.256398508923249
0.693642347669502 -0.0911481255558285 0.131193875593654 3.16895504177976 0.0459479147025147 -1.62334721143778 0.0743792524783869 0.203842075211802 0.254806958916197
0.693537372627977 -0.0898751483310543 0.130946377100345 3.16960728934181 0.0447211232165568 -1.62665204689975 0.0785107743321758 0.200340598556875 0.253100969739552
0.693436086815386 -0.0885599939605037 0.130700542653389 3.17030231754084 0.0434235365695975 -1.63013769684876 0.0826964367742258 0.196750722677519 0.251363144841008
0.693336176402249 -0.087217913333278 0.130456468859612 3.17101427058225 0.042095259107654 -1.63371176688675 0.0869126386077936 0.193191275463484 0.249580664774202
0.693235810442203 -0.0858532398241541 0.130214768071474 3.17172493650892 0.0407620929462089 -1.63732132836774 0.09116189974158 0.189783619160997 0.247677947100737
0.693132889485393 -0.0844605827229509 0.129977588369434 3.17241378640564 0.0394498923839114 -1.6409255828126 0.0954653670594099 0.186717565487471 0.245505467952494
0.693024209611456 -0.0830239505243797 0.129750343460578 3.1730464267307 0.0382002358833096 -1.64446934587918 0.0998625161702652 0.18433207540562 0.24279725597159
0.692904521725532 -0.0815152434406849 0.12954477550895 3.17355863344576 0.037092031763711 -1.64784797626013 0.104410354701564 0.183214309015312 0.23911275985595
0.692765947343966 -0.0798968762617201 0.129383196700538 3.17383791616762 0.0362681498906421 -1.65086047851561 0.109168502411293 0.184264046842435 0.233817235664354
0.692599381946196 -0.0781390133534626 0.12930051637902 3.17372103857364 0.0359452717394808 -1.65317675840749 0.114148063722532 0.188535888017664 0.226246791766043
0.692400485960959 -0.0762609640343246 0.129334430596304 3.17305262839651 0.0363475077186817 -1.65440817340092 0.119217922769697 0.196556514071956 0.216253019524243
0.692179059905369 -0.0743732169236729 0.129496042961366 3.17182873990389 0.0375216654791191 -1.65437311657204 0.124049694751913 0.207242063361716 0.204941642125339
0.691960319751616 -0.0726472356680336 0.129743270229815 3.17029961573084 0.0391824881589916 -1.6533812501524 0.128256677962494 0.217724636979518 0.194592850238014
0.691769577981269 -0.0712022342873507 0.130000652787017 3.16883885318419 0.0408529964601687 -1.65210839226414 0.131666196927586 0.225087159730628 0.187230656866179
0.691616556422525 -0.0700383456043877 0.130210478653887 3.16769583298224 0.0421851675240448 -1.65112962691671 0.134398674619484 0.228174996062361 0.183404199886335
0.691496323738168 -0.0690807394274526 0.130354858499705 3.16691795744071 0.0430850385823638 -1.65067095914443 0.136700171549157 0.22751519197358 0.182462111952866
0.691398899255389 -0.0682486123048783 0.130441911889497 3.16643785863493 0.0436168343019776 -1.65070269330185 0.138780841695549 0.224224592233279 0.183440333587864
0.691315580310263 -0.0674855221117453 0.130486998616697 3.16616654028644 0.0438844409401778 -1.65110669903466 0.14077094316143 0.219275980632718 0.185572533255021
0.691240515146689 -0.0667599140931226 0.130503167908598 3.16603469595321 0.0439742325216127 -1.65177032294158 0.142740379004246 0.213300806120482 0.188385177493802
0.691170174438409 -0.0660576045280414 0.130498428032105 3.16600110953807 0.0439410819771784 -1.65261622817361 0.14472563442997 0.206623467596437 0.191637699957128
0.691102408548226 -0.0653757660002224 0.130475212754036 3.16605159952155 0.0438084632859812 -1.65360669702507 0.146744182789816 0.199322766844534 0.195253932652143
0.691035499810867 -0.0647197019330518 0.130429444997785 3.16619959088287 0.0435675870102397 -1.65474479487039 0.148789361701617 0.19125566415138 0.1992788299013
0.690967004421772 -0.0641003534374419 0.130348249251745 3.16649054729522 0.0431708900389962 -1.65607960816928 0.150792710597067 0.18205397538468 0.20383989397566
0.690892036835935 -0.0635275492716529 0.130207500648677 3.16700275862855 0.0425255318488585 -1.65770826779048 0.152531581105111 0.171184991260802 0.20904666131947
0.690801426347968 -0.0629907591306422 0.129975948525247 3.16781729465842 0.0415152963212622 -1.65974101807701 0.153492471160326 0.158306506080594 0.214716507755018
0.690682994123001 -0.0624278794625748 0.129639516675705 3.1689176590015 0.040103615341716 -1.66217548959675 0.15287229257008 0.14412585197376 0.219944210063215
0.690530679220534 -0.0617242940362668 0.129240936093669 3.17007222668193 0.0384877572084137 -1.66473691352983 0.150076681978412 0.131049634603766 0.223115184306386
0.690354436237086 -0.06079363925689 0.128874113294231 3.17092495450629 0.0370556402359273 -1.66697183837127 0.145451089841991 0.121878302462861 0.223053734156836
0.690173344444957 -0.0596547913809876 0.128609175533468 3.17128651657991 0.0360749382254501 -1.66861546936152 0.140086937672191 0.117444997992063 0.22006741660707
0.690000056301381 -0.0583909806758619 0.128450490605924 3.17122008239442 0.0355415487312098 -1.66972269438298 0.134879064198917 0.116555817833898 0.215329601117799
0.689837256498816 -0.0570732724627465 0.128366917238036 3.17088185797522 0.0353176802478531 -1.67047889534499 0.130155476402565 0.11762449416248 0.209802002902738
0.689682874954085 -0.0557380361982076 0.128327240852337 3.17039592122336 0.0352758725937441 -1.67103771100966 0.125912727247094 0.119578077109205 0.203927793692674
0.689534295544231 -0.0543982533183694 0.128311142335603 3.16983195478034 0.0353396486189041 -1.67148603018944 0.122078473135925 0.121861501824155 0.19778257972519
0.689389881721618 -0.0530568730517487 0.12830733065622 3.16922230045438 0.0354747965980659 -1.67186108024037 0.118636672268966 0.124207772823348 0.191230994899372
0.68924931955791 -0.051714987454566 0.128309415806851 3.16858036476844 0.0356748631690132 -1.67217021003063 0.115682163263032 0.126457576725608 0.183983583049349
0.689113840288387 -0.0503776111446637 0.12831232854365 3.16791444429729 0.0359517208534875 -1.67240373461557 0.113469216604242 0.128444115188121 0.17558595251507
0.688986703609137 -0.0490608029794615 0.128308939932385 3.16724153959081 0.0363286020392023 -1.67254557160401 0.112475004066421 0.129906047902987 0.165400983303699
0.688873780231954 -0.0478022506001226 0.128286251942965 3.16660665373193 0.0368277029660705 -1.67259088161303 0.113439424171595 0.130417437072794 0.152695832840905
0.688783141516847 -0.0466712693319757 0.128222391692816 3.16610580914255 0.0374418024736449 -1.67257961120812 0.117231914194343 0.129395425168796 0.137034321136662
0.688721436439204 -0.045759567161606 0.128090032554268 3.16588764813006 0.0380910245803613 -1.67263604105533 0.124310229508753 0.126336626945232 0.119088470071183
0.68868672024585 -0.0451290010166852 0.12787274969942 3.16608769059213 0.0386096315841584 -1.6729575764155 0.133891739968916 0.121318585140604 0.101263844243725
0.688665043817442 -0.0447456794784901 0.127584004465198 3.16671434641601 0.0388273405235755 -1.67370113528283 0.143861852062804 0.11526915981175 0.0867853621081852
0.688638721916756 -0.0444909276757657 0.127261583270526 3.16762566073761 0.0386897365634475 -1.67486605904199 0.152096289690241 0.109421874065832 0.0775115778332009
0.688597723198745 -0.0442487661188963 0.126940192132197 3.16864311624249 0.0382696722184326 -1.67632376186761 0.157748802339666 0.104511098337526 0.0730610366060749
0.688541477327 -0.043961621877123 0.126635661102305 3.16965407175212 0.0376797010852032 -1.67793289875533 0.161147447096305 0.100610935396912 0.0719078708961925
0.688473886249161 -0.043620733725686 0.126349051776256 3.17061998284656 0.0370055268681756 -1.67960242999162 0.163019235111199 0.0974615063740351 0.0726121764970685
0.688399151945725 -0.0432374536802201 0.126075698826707 3.17154178247109 0.0362941623191474 -1.68129012638211 0.163993583936372 0.0947528540782076 0.0742411615965624
0.6883202843772 -0.0428251361519362 0.125810478999965 3.17243213440998 0.0355656503828516 -1.68298208105279 0.164481135695781 0.0922202488963063 0.0762945975608226
0.688239070216464 -0.0423923619649995 0.125549442779929 3.17330291356566 0.03482522757221 -1.68467692187105 0.164713642036032 0.0896247691076336 0.078532140900715
0.688156458477776 -0.0419412132548627 0.125289814390029 3.17416113090724 0.0340707874992981 -1.68637667132007 0.164809774973016 0.0866862507039376 0.0808452583734017
0.688073000441341 -0.0414664775347969 0.125029614228199 3.17500696537464 0.0332978781487332 -1.68807939069829 0.164827078175462 0.0829930888809049 0.0831829071639787
0.687989366438295 -0.0409542463800143 0.124767499560641 3.17583001164753 0.0325065346881248 -1.68976737004596 0.164800965406246 0.0779017615498096 0.0855088689319865
0.687907123240166 -0.0403804259863178 0.124503226139954 3.17660139344636 0.031715477430044 -1.69138409673278 0.164783235148837 0.0704714336015033 0.0877705934091565
0.687829911273076 -0.0397124572222583 0.124239114296802 3.17726209884167 0.030988596770886 -1.69279681614687 0.164891425119857 0.0595704249208355 0.0898689343366795
0.687764628671151 -0.0389212105362438 0.123982415121768 3.17771620417013 0.0304681946653708 -1.69376098447704 0.165361328839062 0.0444065874931083 0.0916360359604818
0.687720953583268 -0.0380085610400336 0.123746605897993 3.1778517336696 0.030379123567585 -1.69394597158768 0.166546447490571 0.0256053127747843 0.0928574582204845
0.687706988200252 -0.0370363674302371 0.12354743071262 3.17760751668114 0.0309441023374428 -1.69309366739165 0.168776090631398 0.00613371087167359 0.0933773446307493
0.687722687726375 -0.036115875124014 0.123392931912773 3.17704442422639 0.0322252978408935 -1.69124009235058 0.172109461863423 -0.00948837771538659 0.0932297126738965
0.687758294670734 -0.0353456285216678 0.123276624543869 3.17632996229599 0.0340527233067158 -1.68874882898807 0.176241956274354 -0.0177684572202157 0.0926353404826143
0.687800401458513 -0.0347593548499666 0.123182029861177 3.17563873232773 0.0361353455178953 -1.68608573651811 0.180694187638365 -0.0179894251711338 0.0918383041947181
0.687838418297393 -0.0343318850875611 0.123092088640858 3.17507924135099 0.0382150315608952 -1.68359722454028 0.185047403652538 -0.0115888549496774 0.0909583542005301
0.687865906316246 -0.0340146431212962 0.122993637490111 3.17469621256993 0.0401190245952244 -1.68147201133015 0.189005825542951 -0.000621064033036617 0.0899602479144941
0.6878783519613 -0.0337604976784304 0.12287618943379 3.17450759297371 0.0417251721202638 -1.67981824116872 0.192318367101845 0.0131684727162596 0.0886842741204683
0.687870356119136 -0.0335304311866517 0.122728689406767 3.17453649466461 0.0429054733528485 -1.6787498875975 0.194661652535746 0.0285113512979244 0.0868734524215282
0.687833478126209 -0.0332906730232021 0.122536804184222 3.1748274858499 0.0434825170359482 -1.67844184197588 0.195534930849941 0.0444087021206973 0.0841940003035009
0.687755451033149 -0.0330083856761977 0.122282626001744 3.1754444505434 0.0432189196194079 -1.67913710109878 0.194209420471963 0.0598084273913213 0.0802966284900372
0.687622678711492 -0.0326520360025584 0.121949979755793 3.17643896040332 0.0418792376000677 -1.68106596383093 0.189845121695348 0.0733195036411744 0.0749999587035127
0.687428847829058 -0.0322022329290282 0.121538623505944 3.17777830949201 0.0394125768448497 -1.68422982389793 0.181950847877734 0.0832195701873974 0.0686342110244841
0.687187791437462 -0.0316716091976161 0.121081618243536 3.17926870857593 0.036194888967601 -1.68813420565598 0.171124289648917 0.0881032583493109 0.0623238342647239
0.686936768771127 -0.0311128443054033 0.120643287227106 3.18058407474602 0.0330392685333079 -1.69181121269581 0.159325616566117 0.0879556411891136 0.0576853470053606
0.686717753052858 -0.030592382824906 0.120284681480343 3.18144526517302 0.0307697471025447 -1.69433528490513 0.148919458919092 0.0844328980725287 0.0558855358910251
0.686553036141756 -0.0301511300293641 0.120028990606077 3.18177544226215 0.0297484706691843 -1.6953494235394 0.141288033644189 0.0797483361307098 0.0570201269422279
0.68644074218896 -0.0297935948254548 0.11986243021687 3.1816742496396 0.0298457681797726 -1.69506092462334 0.136479503233917 0.075427641717206 0.0604274468938279
0.686366883006406 -0.0295046021195322 0.119757068231755 3.18129848692807 0.0307179856589941 -1.69390291860985 0.133816273489371 0.0720344910760653 0.0653455278281071
0.686316668429777 -0.0292674760864177 0.119687886223567 3.18078362671977 0.0320326097190298 -1.69227974306406 0.132522592254088 0.0695402196065694 0.0712892177309633
0.686278898053551 -0.0290725549772132 0.119637732525565 3.18022743133584 0.0335399210329404 -1.69049571986145 0.131987215122758 0.0677119290620723 0.0781367325310754
0.686245986056735 -0.0289189486968871 0.119595992932129 3.17970275378608 0.0350578353421247 -1.68878137082497 0.131774298112915 0.0663163574329027 0.0861296425129575
0.686212662607014 -0.0288138206798381 0.119555873111123 3.17927525196705 0.0364337128118777 -1.68734210311207 0.131543763580878 0.0651887986645947 0.0959059766853899
0.686174763854519 -0.0287706077022303 0.119512108489163 3.17901650224765 0.0375111404507409 -1.68639657251926 0.130959212479451 0.0642443599542215 0.1085794671877
0.686128605617912 -0.0288050531674111 0.119459491532574 3.17900704993611 0.0381153312191385 -1.68618591385681 0.129615677012462 0.0634743986199123 0.125783603998938
0.686071230795584 -0.0289266416811774 0.119392461317001 3.17932133435096 0.0380741437931139 -1.68692906759685 0.127024634594894 0.062939351803725 0.149480408732504
0.686001679071135 -0.02912491906354 0.119306216103957 3.17998785507393 0.0372914136506604 -1.68870498272728 0.122715733743364 0.0627471042510348 0.181268932520347
0.685922654678743 -0.029357989966327 0.119199318100767 3.18093870556302 0.0358521311425996 -1.69130487570919 0.1164760795375 0.0629998110928204 0.221221141730739
0.685840748223253 -0.0295585680354091 0.119075940192696 3.18199772493157 0.0340657079402987 -1.69420103778189 0.108583148843467 0.0637207320528492 0.267064395932909
0.685763828814248 -0.0296627398097439 0.118944848556128 3.18294758374642 0.032354702690988 -1.69674931358182 0.0997634087844071 0.0648191114110769 0.314839734605066
0.685697317095729 -0.0296394152558714 0.118815127318996 3.18363230487137 0.0310539304679693 -1.6984928924202 0.0908368279104009 0.0661344878949729 0.36080185988903
0.685642570075018 -0.0294950499329008 0.118692433570919 3.18400563103457 0.030296162735204 -1.69930219507445 0.0823655653133058 0.0675174362634951 0.402871768841038
0.685597965844858 -0.0292570745692103 0.118578384156907 3.18410484395744 0.030044183588066 -1.69929395253796 0.0745652024361557 0.0688766393993779 0.440693262590561
0.685560800169939 -0.0289558625747519 0.118472057008806 3.18399968781419 0.0301837994901992 -1.69867866112649 0.0674187842340681 0.0701781331241546 0.474873690927064
0.685528534552431 -0.0286155685125049 0.118371641366175 3.18375727377853 0.0305947492141822 -1.69765697865648 0.0608246238857252 0.0714242273517896 0.506249845254724
0.68549922435455 -0.0282524520912603 0.118275405643456 3.18342896452701 0.0311811990359292 -1.69638166972084 0.0546964717097724 0.0726350677277574 0.535472709971213
0.685471480396794 -0.0278764254489857 0.11818206565978 3.18305006682362 0.0318764176241783 -1.69495732224599 0.0490176336032548 0.0738392105272922 0.562830130707303
0.685444258906625 -0.0274931724153645 0.118090846181258 3.18264416455367 0.0326371009704922 -1.6934535246774 0.0438732457324214 0.0750709207996951 0.588164685904762
0.685416607767016 -0.0271059341890502 0.118001436993801 3.18222831597454 0.033435228119735 -1.69192037474182 0.0394757754659281 0.0763694245168792 0.610805588599792
0.685387394377846 -0.0267169596097661 0.117913922111317 3.18181828007868 0.034249520225796 -1.69040390627285 0.0361779666010014 0.0777733908459663 0.629519773408217
0.685355013344826 -0.0263289905688175 0.117828662079901 3.18143424840458 0.0350554044370411 -1.68896286611268 0.034432670517156 0.0792990173631706 0.642607986755158
0.685317125260123 -0.0259472936674787 0.11774601077384 3.18110763825095 0.0358109551748821 -1.68768849475182 0.034598858727874 0.080881551964516 0.648476263671269
0.685270657637136 -0.0255825637518067 0.117665645670073 3.18088774329315 0.036437520341884 -1.68672383814907 0.0364185969398596 0.0822554355000383 0.647285477644899
0.685212620412626 -0.0252538196965491 0.117585327772234 3.18084178271496 0.0368022001091017 -1.68626385778768 0.0380275279639216 0.0827792845473976 0.644232069871054
0.685142371786048 -0.0249874155526625 0.117499521929771 3.18103448104019 0.0367292139956462 -1.68649612131897 0.0348694814814773 0.0813373122974455 0.653440079911806
0.685064644309298 -0.0248062306681718 0.117399704485519 3.18147935209105 0.0360778144888107 -1.6874594363255 0.0200128460145977 0.0766230612234834 0.697629354319689
0.684989829543585 -0.0247113730396735 0.117278292412916 3.18209515670633 0.0348636023230382 -1.68891762865092 -0.0125971580451273 0.0679262879711193 0.798000364235618
0.684928796064369 -0.0246753697506531 0.117133820614785 3.18273227082814 0.0332920080620606 -1.69043622985107 -0.0639569663066636 0.0557625553721276 0.960024811345145
0.684886663419672 -0.024658929026433 0.11697152410266 3.18326058979212 0.031633970838274 -1.69163753654632 -0.129634128583183 0.0415327378555315 1.17093535654477
0.684861939619232 -0.0246328457735072 0.116798982428091 3.18362579013511 0.0300796074736526 -1.69236361598988 -0.203373188836093 0.0266147731077576 1.41082155977934
0.684849966456256 -0.0245848484335391 0.116622133138943 3.18383686522569 0.0287009146523354 -1.69263982655571 -0.280317920592688 0.0118431975249816 1.66345823939684
0.684846057142382 -0.0245143209368239 0.116444234609465 3.18392867121576 0.0274940603729273 -1.6925658357531 -0.357804969858243 -0.00245852559952616 1.91946538891256
0.684846674425151 -0.0244254929834733 0.116266543038652 3.1839365809338 0.0264279266998099 -1.69224168432312 -0.434779989195503 -0.0162532154731798 2.17473010859755
0.684849365443262 -0.0243234964654593 0.116089205619699 3.18388723135771 0.0254718673727581 -1.69174032466045 -0.511064953100543 -0.0296111025203257 2.42809031140461
0.684852290770938 -0.0242129682775715 0.115911861827301 3.18379763799662 0.0246073492400855 -1.69110410926705 -0.58689538928759 -0.0426148302701109 2.67977226633424
0.684853696485129 -0.0240980230963213 0.115734008031326 3.18367686139474 0.0238331337639436 -1.69034836097886 -0.662710231192634 -0.0553160761276439 2.93060654103912
0.684851385646998 -0.0239828919575567 0.115555344474597 3.18352793358257 0.0231701039070086 -1.68946575967293 -0.739085018396388 -0.0677112989492274 3.18170445218265
0.684842208472631 -0.0238729501086406 0.115376386196722 3.18334994680314 0.0226675824739221 -1.6884327658477 -0.81670040653657 -0.0797182798742882 3.43429394101496
0.684821813929119 -0.0237758409347073 0.115199638921267 3.18314162759072 0.0224067502527103 -1.68722585984906 -0.896213082084936 -0.0911530508004059 3.68942003505157
0.684785457892949 -0.0237016441723819 0.115031288561478 3.18290847678284 0.0224848726378993 -1.68586021441895 -0.977845597015264 -0.101739323320908 3.94718723879575
0.684731066977589 -0.0236597233420089 0.114881912453001 3.18267301872529 0.0229540607383586 -1.68445049421733 -1.06063351120845 -0.111225383106109 4.20551735053534
0.684663887384449 -0.023650996537658 0.114762837787009 3.18247811313556 0.0237230495539263 -1.68323774083077 -1.14193190637706 -0.119640067070375 4.45957622175097
0.684597151728808 -0.0236620730292396 0.114677769314805 3.1823680037199 0.0245320844862245 -1.68248767023131 -1.21842299452858 -0.127467346929724 4.70387710454423
0.684544420208002 -0.023671819745378 0.114618466598565 3.18235777031569 0.025099174625543 -1.68230910947471 -1.2883502005945 -0.135409873229596 4.93611121181768
0.684511266144985 -0.023665255030532 0.114571160652587 3.18242781921662 0.0252941004285352 -1.68260681372748 -1.35241981605072 -0.14393896394599 5.15822010480119
0.684495320675076 -0.0236388881735116 0.11452537179869 3.18254604379756 0.0251494144038844 -1.6832014814206 -1.41258405590527 -0.153144603791966 5.37393248455671
0.684491263516262 -0.0235962923492659 0.114476434690196 3.18268711657506 0.0247645378011529 -1.68394442925843 -1.47062833130512 -0.162897654448243 5.58634337511717
0.684494365261548 -0.0235426657175866 0.114423520880344 3.18283677345375 0.0242326767763684 -1.68474791204956 -1.52768666809544 -0.173032909290372 5.79722268635917
0.684501453199629 -0.0234822822330874 0.114367332871924 3.1829885592324 0.0236187896208694 -1.68556916419071 -1.58435607092234 -0.183435895069013 6.00726795631477
0.684510665771926 -0.0234180412090948 0.114308840240819 3.18313995128118 0.0229635705303914 -1.68638841127235 -1.6409333635409 -0.194067053334094 6.21643197049542
0.684520985040136 -0.0233517900595308 0.114248799955906 3.18328965414439 0.0222940027076565 -1.687192700764 -1.69760602225461 -0.20496809781948 6.4240339196305
0.684531868294209 -0.0232847908746629 0.114187604102753 3.18343542208602 0.021634686518289 -1.68796332596865 -1.75460739447383 -0.216263198347231 6.62867154758089
0.684542997445431 -0.0232181874435317 0.1141251536573 3.18357093478414 0.0210214272534728 -1.68866091097995 -1.81240503936457 -0.228126632000812 6.82812696577983
0.68455407705621 -0.0231535263762816 0.114060557235361 3.18367952217252 0.0205215709429014 -1.68920144885424 -1.87201355145442 -0.240617802034431 7.0198137351492
0.684564591036975 -0.0230933987005173 0.11399150194089 3.18372197891625 0.020264567288659 -1.68941940751778 -1.9355069776888 -0.253157482630699 7.20313479120028
0.684573458834162 -0.0230419938298648 0.113913382045981 3.18361876455233 0.0204721027954895 -1.68903320248528 -2.00658893039725 -0.263319986966445 7.38621295070372
0.684578756276235 -0.0230044954524336 0.113819240567952 3.18324329150006 0.0214310780039263 -1.68768718831249 -2.09031241598206 -0.265099650205589 7.59790921705021
0.684578207678019 -0.0229834337963647 0.113703119315058 3.18247346818298 0.0233037497400147 -1.68520125391626 -2.19009331294456 -0.248922373698533 7.89419095762845
0.684571060436553 -0.0229732274414621 0.113567185232214 3.18131948367198 0.0258258796406029 -1.68194784282986 -2.30248958439028 -0.207291418467173 8.33228088034903
0.684559546975914 -0.0229611509126927 0.113423865448151 3.17998199622623 0.0283307141688242 -1.67879293640806 -2.41692137074893 -0.142716427779367 8.91922860860874
0.684547278734142 -0.0229369357605081 0.113286523047501 3.17870381337662 0.0302517529870517 -1.67644067723288 -2.52372834846342 -0.0662161716569915 9.60459494578176
0.68453662240076 -0.022898429326428 0.113160760349289 3.17760682795256 0.0314468903883045 -1.67503934284691 -2.62007392183826 0.0119144720472104 10.3286584244461
0.684528200568083 -0.0228485673679014 0.113045388937984 3.17669308289534 0.0320572466972596 -1.67438224532786 -2.70813504631427 0.0866634626408578 11.0565184357628
0.684521778150647 -0.0227910173061135 0.112936854695293 3.17591838506622 0.0322779696242773 -1.67420358571778 -2.79139808720377 0.156904977689279 11.7771618633283
0.684517008682459 -0.0227283588530502 0.112831690631469 3.17523899446496 0.0322581784494116 -1.67430161686056 -2.87286738756644 0.223062772318962 12.4921553542193
0.684513756082595 -0.0226619316209991 0.112727023814211 3.1746251836659 0.0320919643781708 -1.67454714843839 -2.95466502623783 0.285922730935321 13.2083537585096
0.684512208031443 -0.0225921614218519 0.112620376046673 3.17406057992785 0.0318380527643976 -1.67486102530101 -3.03778408585015 0.346485845058932 13.9352837853058
0.684512929153135 -0.0225189940859212 0.112509531131948 3.17353751340889 0.0315454201768749 -1.67519430947538 -3.12108021938792 0.406617724365606 14.6845057131054
0.684516830726369 -0.022442601740482 0.11239305929277 3.17304984060705 0.0312850378645475 -1.67551973617991 -3.19864200840192 0.470600710094363 15.4678558697236
0.684524814379387 -0.0223647589218904 0.112272242737326 3.17258068068334 0.0311891974886461 -1.67583748995897 -3.25528383038363 0.547495523707638 16.2902662978619
0.684536705152075 -0.0222907614607944 0.112154444809472 3.17208594837628 0.0314710280284231 -1.67619267255889 -3.26371549586479 0.652169255148123 17.1338608057134
0.684549813529879 -0.0222295236621141 0.112054231092888 3.17149252133604 0.0323460030692592 -1.67667780864632 -3.19409720145423 0.799400852625388 17.9444630073452
0.684559351922907 -0.0221883991404953 0.111985587815561 3.17073933755305 0.0338412040975689 -1.67737767007988 -3.03958798623143 0.990343422407504 18.6530209936047
0.684561848117496 -0.0221666975262476 0.111950035901274 3.1698302349006 0.0357236994425377 -1.67829233313059 -2.8283434552468 1.2079297800266 19.2294304099575
0.684557462980838 -0.0221572057649038 0.111937031450782 3.1688227623875 0.0376973693213302 -1.67934450497963 -2.5993399609828 1.43120165987632 19.699218250054
0.684548542841735 -0.0221528531237194 0.111934569646318 3.16777459184142 0.0395943389570929 -1.6804502479871 -2.37610261980279 1.64870050242926 20.1075918465903
0.684537446916756 -0.0221498512807709 0.111935295481251 3.16671773054199 0.0413768513093977 -1.68155618909279 -2.16479535042649 1.85829453199571 20.4883652030221
0.684525821565307 -0.0221470219567011 0.111936068367099 3.16566373090826 0.0430629585762547 -1.68263343835115 -1.96333575976674 2.06182806400587 20.859058067931
0.684514818665344 -0.0221444647912415 0.111935868831906 3.16461463304858 0.0446768806620295 -1.68366131361212 -1.76787071819353 2.26168739830566 21.2268035235971
0.684505513079748 -0.0221428148107376 0.111934400437941 3.16356941446015 0.0462313162662477 -1.68461553840306 -1.57506625557229 2.4596952888015 21.5937276775003
0.684499294339952 -0.0221430257159902 0.111931477964869 3.1625263602608 0.0477242417883103 -1.68546088987642 -1.38229396703796 2.65706400148452 21.9596630481297
0.68449825429311 -0.0221464221026979 0.111926847783119 3.16148333288854 0.0491393216548463 -1.68614609376613 -1.18712463875574 2.85463009725162 22.3229678754807
0.684505612926885 -0.0221548516950175 0.111920227633778 3.16043703987566 0.050446537496483 -1.68660099978097 -0.986661068618099 3.05309195511676 22.6802424734185
0.6845261258803 -0.022170803176242 0.111911519826407 3.15938168297317 0.0516039865883533 -1.68673980677965 -0.776878571257645 3.25317809692307 23.0253640902246
0.684566181274853 -0.0221972800686782 0.111901242864358 3.15830724287905 0.0525650181284231 -1.68647914476065 -0.552172410659882 3.4557129878619 23.3482355998697
0.684632907356909 -0.0222370793898786 0.111891192454992 3.15719823911612 0.0532973081196012 -1.68578330735677 -0.305626124592887 3.66151483840137 23.6342001285938
0.684731398887772 -0.0222911537291592 0.111885069670699 3.15603505669056 0.053817596670335 -1.68473922651554 -0.0308561945280244 3.87104366254382 23.8660875570867
0.684860162204094 -0.0223564546720126 0.111888315013494 3.15480045188882 0.0542288044762915 -1.68362389684868 0.274209736575884 4.08385740220953 24.0308744546493
0.685007783772535 -0.0224251151318418 0.111906330866506 3.15349031168651 0.0547198991312864 -1.6828762348209 0.60357838052632 4.29828749016913 24.1291347914371
0.68515557040051 -0.0224870463795043 0.111941686762586 3.15212041171071 0.0554968864008459 -1.68292258092829 0.943665691855151 4.51188751959479 24.1791758810834
0.685286126704719 -0.0225348517768137 0.1119926898389 3.15072064659274 0.0566844729967996 -1.68396789864093 1.2793894281028 4.7225349789129 24.2093125296152
0.685390736011289 -0.0225669056999094 0.112054711197778 3.14932093696577 0.0582835766039048 -1.68593589901155 1.60091929245216 4.92924239156046 24.2441362722862
0.685470113963867 -0.0225866216657975 0.112122721441631 3.14794141082072 0.0602066209139884 -1.68857578348786 1.90575506825264 5.13208120358698 24.2964466648527
0.685530620862244 -0.0225999146874705 0.112192887859824 3.14659193517961 0.0623370515310115 -1.69160087987688 2.19653577801458 5.3315677085875 24.3679437446125
0.685580455962559 -0.0226132867882469 0.112262786333915 3.1452767997439 0.0645662328818971 -1.69476382054979 2.47796522978865 5.52807401907162 24.4537563688401
0.685627766203743 -0.0226331640167734 0.112330901315427 3.1439996273631 0.0668019262964771 -1.69786839967104 2.75480086509932 5.72145537711557 24.5463059090529
0.68568031507202 -0.0226659927813032 0.112396017917462 3.14276669853768 0.0689613224967931 -1.70075299151797 3.030959281484 5.91081537018451 24.6373122283958
0.685745814637417 -0.0227184669656894 0.112456739417339 3.14158872644943 0.0709601506108452 -1.70327185224025 3.30915145571045 6.09430794478042 24.71852792223
0.685832205020478 -0.0227973891165737 0.112511176136237 3.14048123560621 0.0727045975722991 -1.70528773338225 3.59055756491318 6.26896901896578 24.7820939853321
0.685947337226306 -0.0229087460205945 0.112556849714687 3.13946308675687 0.0740911372808112 -1.70668336237312 3.87431643213506 6.43070285969999 24.8212447517606
0.686097626459773 -0.0230557223859131 0.112590926900982 3.13855220686464 0.0750196548081999 -1.70739575394202 4.15691116915808 6.57468079136852 24.8318141196038
0.686285606031545 -0.0232359125151464 0.112610908140221 3.13775812846167 0.0754228912055595 -1.70746751107039 4.43190169842865 6.69642817125958 24.8144569212904
0.686507226901398 -0.0234390576391412 0.112615699063207 3.1370733347269 0.0753052331031224 -1.70708952164954 4.69071731268378 6.79356413637738 24.7765573911852
0.686750835694014 -0.0236475012701969 0.112606572663305 3.13646872526761 0.0747683807604646 -1.70659321028028 4.92490443990763 6.86746600789751 24.7320040570757
0.686999602922056 -0.0238406218802236 0.11258726502524 3.13589873329414 0.0739972745892101 -1.70636794730638 5.12909444643877 6.92363039947569 24.697686746045
0.687236860811893 -0.0240014930148616 0.11256287855336 3.13531555173174 0.0732034627586148 -1.70673614316132 5.30292983086174 6.9701028140856 24.6880400196599
0.6874512928795 -0.024121865494274 0.112538195943869 3.13468432723312 0.0725581034817389 -1.70786003420098 5.45069999089325 7.01483536119114 24.7108626151007
0.687639209792732 -0.0242030815890657 0.112516419736075 3.13399095420768 0.072153066274938 -1.70972655747053 5.57920271101774 7.06359773785365 24.7665508870726
0.687803821656654 -0.0242539455202627 0.112498825780819 3.13324118627125 0.0720006340067552 -1.71219274953028 5.69540465932192 7.11931460485039 24.8501053285858
0.687953352365244 -0.0242881916112927 0.112485087968088 3.13245563450596 0.0720551722000308 -1.7150435745436 5.80499141831238 7.18252063116366 24.9538644879968
0.688099707045889 -0.0243233652015561 0.112473790201142 3.13166538742312 0.0722362047959222 -1.7180294251916 5.91188877252617 7.25216607027509 25.0695197368606
0.688258274717963 -0.0243813935952922 0.112462825363908 3.13091001870004 0.0724430099707901 -1.72087843601898 6.01830141592618 7.32623592503056 25.1891310139584
0.688448425876727 -0.0244899673071622 0.112449643442459 3.13023689393978 0.0725616181247234 -1.72329675345622 6.12482186504072 7.40202770978504 25.3055610855978
0.688693516996473 -0.0246829696527972 0.112431483353986 3.12969880822785 0.0724711542384059 -1.72497785534668 6.23039888770339 7.47619665992063 25.4129165334119
0.689018680915697 -0.024997449085175 0.112405786987438 3.12934617188658 0.0720584445168575 -1.72564337608637 6.33223859339167 7.54483039154357 25.50743943617
0.689444929283003 -0.0254649361904298 0.112370915857756 3.1292115521127 0.0712465229578061 -1.72512653648081 6.42597913312459 7.60387546271942 25.5888612417032
0.689980270483575 -0.0260980767000157 0.112327005645738 3.12929037852512 0.0700308912055853 -1.72347466942053 6.50656809000498 7.65008877175099 25.6615078063905
0.690612466030301 -0.0268794244780113 0.112276415310325 3.12952993046324 0.0685009635249967 -1.7210023431268 6.56989148606416 7.68221845877976 25.7339128033166
0.691309810618534 -0.027762051325388 0.112223210410912 3.1298394110116 0.0668218545677433 -1.71822647553967 6.61441611015181 7.70163270695404 25.8163022034209
0.692031539198749 -0.0286846670714836 0.112171776793315 3.13011967969651 0.0651780838935247 -1.71569654641884 6.64174138336654 7.71178723297413 25.9170594587158
0.692741556759132 -0.0295920452200372 0.112125408482268 3.1302944022123 0.0637132226421827 -1.71382396262558 6.65570123132753 7.71681392435281 26.0403180004063
0.693417272643638 -0.030448390838452 0.11208565503833 3.13032502141488 0.062499395199965 -1.71280578974547 6.66077131291358 7.72014441594635 26.1857796060406
0.694050837711257 -0.0312393502697292 0.112052491878445 3.13020761974288 0.0615412335185205 -1.71264899015214 6.66078641628632 7.72379896375091 26.3500513895947
0.694645632038223 -0.031966724806167 0.112024865848409 3.12996130696742 0.0607964986929946 -1.71323928239807 6.65837788721481 7.72830708005495 26.5281376718277
0.695211843287089 -0.0326415957164211 0.112001193649631 3.12961763161894 0.0601953798423033 -1.71440234119702 6.65496138099405 7.7328917631766 26.7142270132438
0.695763115604215 -0.0332789169461091 0.111979645214888 3.12921520283501 0.0596506408729788 -1.71593568661695 6.65094864276046 7.7356078610106 26.9015703739253
0.696314303759398 -0.0338938698040972 0.111958239473954 3.1287996224656 0.0590592249615955 -1.71761188035126 6.64596815688311 7.73332434398629 27.08157348134
0.696879199268962 -0.034498822309563 0.111934878498327 3.12842676624912 0.058301013443655 -1.71916359408876 6.63904175569552 7.72165729931194 27.2424196369306
0.69746653240518 -0.0350993760654303 0.111907516897327 3.12816533054548 0.0572455157035896 -1.72026991666897 6.62880682390681 7.69523867878208 27.368041687075
0.698073021010837 -0.0356888780033237 0.111874713217958 3.12809084416067 0.0557826814409891 -1.72057933572497 6.61398379076557 7.64902736609184 27.4393505486719
0.698675493634562 -0.0362439738941375 0.11183665170446 3.12826139178168 0.0538883072274732 -1.71981429392259 6.59424181064655 7.58123858244658 27.4404135449883
0.699230466287159 -0.0367283436181114 0.111796067869737 3.12867710606981 0.0516958747994695 -1.71795150999737 6.57115092151285 7.49684906868497 27.3694980733851
0.699690395325296 -0.0371096541847893 0.111757795249686 3.1292553731737 0.0494926861525454 -1.71533864335089 6.54822320879434 7.40805878374626 27.2468610578562
0.700029552670525 -0.0373796633790609 0.111726493489029 3.12986110992822 0.047592759550097 -1.71256833948797 6.52941602810119 7.32914513000107 27.1081726874756
0.700255941157433 -0.0375581819904 0.111704378785219 3.13037581960102 0.0461832552312644 -1.71017342749893 6.51723562200344 7.2694985690619 26.9865592191688
0.700399973487015 -0.0376788214154388 0.1116909372927 3.13074217774626 0.045280764325771 -1.70842279839823 6.51213919367729 7.23108567947177 26.8998620452976
0.700495722477743 -0.0377729959859631 0.111684210324742 3.13095866200748 0.0447955569261148 -1.70733815730259 6.51327663712139 7.21085005562188 26.8509936358365
0.700570159885523 -0.0378631967266773 0.111682093089685 3.13105139795751 0.0446119914811951 -1.70681595271702 6.51946753393605 7.20419669195581 26.8349603751424
0.700641588796611 -0.0379638634666126 0.111682943289738 3.13105149780971 0.0446327052356955 -1.70672833887084 6.52975162467534 7.20707209863334 26.8449559416737
0.700722194178521 -0.0380846883290419 0.111685658683504 3.13098483322196 0.0447893318517404 -1.70697010728775 6.54352562095004 7.21658073844084 26.8753334622042
0.700821025065033 -0.0382334833144482 0.111689542693797 3.1308700985549 0.0450375781359712 -1.70746867285601 6.56047593303188 7.2308610828897 26.9223547035432
0.700946138154905 -0.0384179385635209 0.11169414060581 3.13072039293669 0.0453484962103082 -1.7081779208396 6.58044987410052 7.2487464677097 26.9839290821439
0.701105805186127 -0.0386464204188812 0.111699107168139 3.13054569949039 0.0457005901688753 -1.70906751302165 6.60332116987057 7.26943245012369 27.0590388858781
0.701308956590526 -0.0389280364674381 0.111704112748759 3.13035523447821 0.0460737785606969 -1.71011217763117 6.62886211622051 7.29220773170554 27.1471252202647
0.70156498048808 -0.0392720769757537 0.111708781917423 3.13015934250162 0.0464451253718823 -1.71128231578658 6.65662421546222 7.31624991356385 27.2475095255126
0.701882912013078 -0.0396868586285173 0.111712660397449 3.12997079148385 0.0467862312356207 -1.71253646474142 6.68583537216046 7.34048246928761 27.3588703483279
0.702270045443083 -0.0401780224888288 0.111715211313336 3.12980528893735 0.0470624490780449 -1.71381644502565 6.71533428714806 7.36350092322409 27.478811087078
0.702730114199315 -0.0407464840134844 0.111715843615225 3.12968100729379 0.0472342365314799 -1.71504649512894 6.74357260069622 7.38358543141614 27.6035923696182
0.703261381168737 -0.0413864442105015 0.111713971314582 3.12961701588467 0.0472607264300522 -1.71613765174764 6.76871225099641 7.39881106925774 27.728120201366
0.703855152892361 -0.0420840127436469 0.111709091712347 3.1296308302475 0.047104922384929 -1.71699757726516 6.78882145011023 7.4072403210668 27.8462411455224
0.704495217676993 -0.0428169049776689 0.111700859252358 3.12973570689881 0.0467390839321728 -1.71754409889239 6.80213163572809 7.40714322559073 27.9512912452244
0.705158433124925 -0.043555321225136 0.111689128310092 3.12993856886635 0.0461484577537604 -1.71771892846287 6.80728178723867 7.39716527933612 28.0367266002554
0.705816301332064 -0.0442637260777246 0.111673950260085 3.13023928139707 0.0453320799596253 -1.71749778141564 6.80347524483788 7.37638064152782 28.0966265763189
0.706437213095079 -0.044903225577418 0.111655534756611 3.13063140551201 0.0443008541007103 -1.71689492924454 6.7905193102045 7.34423507959849 28.1259771019192
0.706989374791455 -0.0454348299772426 0.11163420900495 3.13110387116196 0.0430747025881973 -1.71596290480127 6.7687862136257 7.3004707442222 28.1208819896284
0.707445086830287 -0.0458247867920891 0.111610416114128 3.13164266285157 0.0416812620663241 -1.71478940439484 6.7391792222573 7.24518201618866 28.0790713261049
0.707787289444216 -0.0460533835189902 0.111584774049723 3.13223182119843 0.0401576668853164 -1.71349190845076 6.70316939026822 7.17912430014348 28.0010672147834
0.708018088896485 -0.0461267903564412 0.111558169021071 3.13285374218653 0.0385543920127246 -1.71220702855403 6.66287628324411 7.10424345249272 27.8919320618534
0.7081659608395 -0.0460872122460136 0.111531798939689 3.13348952774965 0.0369369236236251 -1.71106986137418 6.62104286882154 7.02413089713627 27.7626859111154
0.708285500389963 -0.046012676185357 0.111507064980902 3.13412038368112 0.0353799269946573 -1.71018343505029 6.58071595749568 6.9439182956962 27.6298301372064
0.708445293764604 -0.0460002386323759 0.111485290208372 3.13473025443264 0.0339526413511552 -1.70958907980878 6.54460786867835 6.86931642696538 27.5120106335476
0.708707262724853 -0.0461373356215263 0.111467393010271 3.1353084723655 0.0327019157085498 -1.70925459811233 6.51440903362082 6.80512213666089 27.4248852994225
0.709108088573992 -0.0464761344216373 0.111453710288878 3.13585067244622 0.0316428911600256 -1.70908791472816 6.49043758992581 6.75401446472515 27.3769189055641
0.709651650351822 -0.0470233468009312 0.111444058023861 3.13635733655341 0.0307619477667586 -1.70896638256306 6.47177931644925 6.71624934986583 27.3681451728352
0.710312657263145 -0.0477456833521712 0.11143794797874 3.13683087358542 0.0300279174671066 -1.70876434654682 6.45673736127314 6.69017412383662 27.391656903582
0.71104533099591 -0.0485822824386323 0.11143481378218 3.13727261634796 0.029404257022154 -1.70836915878056 6.44330648775629 6.67304637222281 27.4361360225218
0.71179152735395 -0.0494561694942958 0.111434150066558 3.13768058927949 0.0288576034999483 -1.70768771169245 6.42952020177176 6.66172054280505 27.4880263512311
0.712486924556131 -0.050282637545314 0.111435542648421 3.1380483671775 0.0283620868603344 -1.70665193320572 6.41369239390828 6.65307154374846 27.5330450022906
0.713067660063444 -0.0509775787498057 0.111438609516826 3.13836535392597 0.0279007309000721 -1.70523122117035 6.39465560027501 6.64425529986793 27.5575916395577
0.713481001605092 -0.0514705383198154 0.111442891451749 3.13861910625921 0.027465206142462 -1.70345370486245 6.37206119617021 6.63297553729432 27.550842286363
0.71370096760358 -0.0517240539064361 0.111447754515856 3.1388000791659 0.0270543000565446 -1.70142677497514 6.34666579512699 6.61784478969114 27.5077251904571
0.713742964573072 -0.0517522810522734 0.111452388508616 3.13890755760004 0.0266709193220583 -1.69933555426357 6.3203572363932 6.5987249789749 27.4315920590965
0.713665451828668 -0.0516240070559557 0.111455953666427 3.13895325206591 0.0263180217563441 -1.69740146729668 6.29567782726622 6.57674928760512 27.3342532285511
0.713551336963342 -0.0514404266962822 0.111457815197738 3.13895907995036 0.0259951666086584 -1.69581229368717 6.27494404939917 6.55382586382323 27.2320684079614
0.713477877023575 -0.0512978850429726 0.111457708503309 3.13894977824312 0.0256975492253862 -1.69466579613659 6.25947141981452 6.5318338140858 27.1399622890887
0.7134939850479 -0.0512589638917731 0.111455728404275 3.13894527708025 0.025417620282349 -1.69396094657466 6.24936498360381 6.51199783023126 27.0670942381651
0.71361553445017 -0.0513456256351386 0.1114521833533 3.13895716358075 0.0251475820173552 -1.69363079644285 6.24385245397706 6.49472777651185 27.0161396260365
0.713834224862723 -0.0515494809993769 0.111447430583701 3.13898953108558 0.0248810853903072 -1.69358615399463 6.24179372957522 6.47981997547629 26.9851839996344
0.714129831332152 -0.0518467022175713 0.111441767907023 3.13904191237504 0.0246136550778186 -1.69374683384213 6.242060309105 6.46675795070536 26.9701905568743
0.714479308376132 -0.0522093258438796 0.111435390141926 3.13911221545434 0.024342225910775 -1.69405567488115 6.24369920802849 6.45493748750835 26.9667813007467
0.714861362627133 -0.0526110248732897 0.11142838640969 3.13919885859467 0.0240642860480035 -1.69448071135218 6.24593160983049 6.44377266978201 26.9710862818542
0.715257698490228 -0.0530287224566967 0.11142075647843 3.13930218887243 0.023776894862342 -1.69501169483444 6.24805795074743 6.43270793396605 26.9798955045531
0.715652582014749 -0.0534420475923453 0.111412438325218 3.1394255302873 0.0234756467776135 -1.69565417201627 6.24931561575349 6.42117429345061 26.9903986058422
0.716032061184809 -0.053832310999859 0.11140335292409 3.13957606872635 0.0231536278322354 -1.69642112638202 6.24871533154142 6.40852337505355 26.9997065745388
0.716383922634132 -0.0541824181240942 0.111393481556985 3.13976538057106 0.0228006154373718 -1.69731998427126 6.24489231452753 6.39397609501845 27.004297541455
0.716699354278636 -0.0544790789704031 0.111382988513815 3.14000878096604 0.0224032316897692 -1.69833261361448 6.23605863974671 6.37664222854761 26.9995973351546
0.716976833662845 -0.0547181795953377 0.111372371465204 3.14032207547038 0.0219472743725038 -1.69939029249221 6.22021539966765 6.35568736344271 26.9800923243433
0.717227106370461 -0.054912014301295 0.111362551564396 3.14071476944119 0.021423165538629 -1.7003566016312 6.19577578698319 6.33068730097312 26.9404726305079
0.717475296293474 -0.0550930980686456 0.11135475301903 3.14118172875747 0.0208331034200758 -1.70104207072681 6.16248659226293 6.30204611879539 26.8778375066928
0.717755358937494 -0.0553076484424784 0.111350103368087 3.14169949669382 0.0201948347495343 -1.70126379133557 6.12205195585899 6.27114048368322 26.7937834368525
0.718097444327705 -0.0555986892447002 0.111349154602793 3.14223285736666 0.0195370066870236 -1.70092172268937 6.07775790868446 6.23991625690919 26.6944642790406
0.71851654104119 -0.0559897848727895 0.111351686766451 3.14274865223414 0.0188879630294153 -1.70003489276048 6.03317720105169 6.21013628744207 26.5881206612868
0.719010276824801 -0.0564807476826401 0.111356917660193 3.14322683285106 0.0182661549898378 -1.6987141281474 5.99090548656193 6.18282292902694 26.4819266970558
0.719564888649371 -0.0570548923276561 0.111363885296415 3.14366273752762 0.0176776198333004 -1.69710447781006 5.95209322108565 6.15818641710983 26.380260319316
0.720162847539418 -0.0576892555408567 0.111371725700738 3.1440630297706 0.0171189884081787 -1.6953409947262 5.91669742366359 6.13587814871553 26.2847491839527
0.720787664020786 -0.0583613939778415 0.111379763629601 3.1444405728062 0.0165817685915049 -1.69353292730032 5.88396350090469 6.11527956694112 26.1951762834357
0.721425362410237 -0.0590517062424652 0.111387478010896 3.14481118602067 0.0160553506716552 -1.69176828813893 5.85279522803206 6.09567552705462 26.1103843635373
0.72206389597061 -0.0597428441448008 0.111394422746711 3.1451925676769 0.0155283731335307 -1.69012678912363 5.82193050351767 6.07630092775159 26.0288496690273
0.722691735393605 -0.0604178811613019 0.111400152246113 3.14560449808058 0.0149890973808862 -1.68869347893066 5.78997564210557 6.05630231971397 25.9489447940879
0.723296419695086 -0.0610583755702937 0.111404178764041 3.14606913069997 0.0144256582280288 -1.68756863985294 5.75538758730404 6.0346621084444 25.8690198869437
0.723863717712717 -0.0616433108990638 0.111405987901805 3.14660992639707 0.013827095912918 -1.68686903224766 5.71650704733052 6.01013993567943 25.7874382541519
0.724378280598046 -0.0621502412993146 0.111405147863867 3.14724745939593 0.0131860566144028 -1.68671271033696 5.67176516885365 5.98131304816413 25.7026942107779
0.724826875650259 -0.0625602387105476 0.11140153785964 3.14799074139914 0.0125035212770588 -1.68717913448588 5.62017273886831 5.94682514316947 25.6137176408404
0.725204508341173 -0.0628670038993205 0.111395646805665 3.14882553845304 0.0117941303434961 -1.68824739299062 5.56204889483462 5.90590357936423 25.5203615821709
0.725521024976845 -0.0630864414348019 0.111388750087752 3.14970678218392 0.0110878981302248 -1.68974345015781 5.49960143835234 5.85898222880382 25.4238261891048
0.725802673246471 -0.0632585020780845 0.111382703615525 3.15056530987431 0.0104236398662611 -1.69135064351658 5.43671237011475 5.80796669271927 25.3265687126688
0.726084607684011 -0.0634356037705769 0.111379324642455 3.15133093611991 0.00983514533991363 -1.69270797763779 5.37768058391489 5.75572934105769 25.2314849160442
0.726398010195647 -0.063663430407069 0.111379739773261 3.15195793932992 0.00933899627513728 -1.69354074034047 5.32564232462387 5.70504464989538 25.1408110366452
0.726760820594173 -0.063967503204496 0.111384148261835 3.1524354476419 0.00893231602311892 -1.69373280250017 5.28175736860225 5.65771011657543 25.0554998039799
0.727176877468942 -0.0643523488366751 0.111392048101629 3.1527799439082 0.0085995316672243 -1.6933101501416 5.24547218340219 5.6143406439205 24.9753345209624
0.727640804256177 -0.0648090193497673 0.111402630083742 3.15302063924399 0.00832118490490772 -1.69237767140492 5.21530801993394 5.57469028888436 24.8994400657892
0.728143721416133 -0.065323600052715 0.111415075395668 3.15318797460565 0.00807974304029845 -1.69106063426434 5.18954716128359 5.53809911508012 24.8267623493847
0.72867715808055 -0.0658828815151188 0.111428684309425 3.15330839358524 0.00786164945747259 -1.68947199118376 5.16657456031165 5.50381392637643 24.7563344071488
0.729234986714945 -0.0664770010216963 0.111442878979834 3.15340400143403 0.00765691761294647 -1.68770267833803 5.14491675149758 5.47113567438674 24.6873455540472
0.729814110197398 -0.0671001449759328 0.111457138138793 3.1534950218053 0.00745750800824753 -1.68582591699467 5.12308624311385 5.43943555027779 24.6190806123213
0.730414483841335 -0.0677501522745887 0.111470899639457 3.15360374829125 0.00725502520997297 -1.68390942354437 5.09931014196 5.40808508430673 24.5507706027438
0.731038513681504 -0.0684271015162533 0.111483455551642 3.15375911559903 0.00703782254343202 -1.6820330626836 5.07121583366241 5.37632815922524 24.4813679164475
0.73168921133039 -0.0691302009859442 0.111493888183567 3.1540000170869 0.00678788814033783 -1.68030919242149 5.03564611508276 5.34313154829204 24.4092801449635
0.732366072987953 -0.0698521641139189 0.111501162182064 3.15437251861721 0.00647944975498723 -1.67889486309965 4.9890170705815 5.30712151535649 24.3322235525434
0.733058767014306 -0.0705723310040941 0.111504535461341 3.15491343139 0.00608379610732783 -1.67796980015298 4.92879780609284 5.26683184765243 24.2475790517439
0.733742932126529 -0.0712550317539114 0.111504259825091 3.15561972838064 0.00558411345146606 -1.67765510521878 4.85600393203446 5.22143882400432 24.1536048522305
0.734386096087794 -0.0718616611204078 0.111501991779799 3.15642699864403 0.00499315174848486 -1.67790801519878 4.77664502934506 5.1716054669749 24.0509615644019
0.734964064251489 -0.072371916359723 0.111500171790893 3.15723083177409 0.00435400940199562 -1.67850579995539 4.69950899956372 5.11946375102718 23.9428916326263
0.735473061883907 -0.0727937197516025 0.111500717190732 3.15794148140109 0.00371782123136887 -1.67916562685016 4.63153477167636 5.0674732046978 23.8334172220161
0.735926333514864 -0.0731528983945714 0.111504281500376 3.15851902313872 0.00312037382532514 -1.67968239567243 4.57522167698101 5.01727354227947 23.7253251690339
0.736342549900699 -0.0734768735819514 0.111510491422124 3.15896697272598 0.00257663394641529 -1.67997005777243 4.52951435240556 4.96944259507396 23.6195929372306
0.736737613241926 -0.0737860527403912 0.111518533728199 3.15930825606536 0.00208849707497352 -1.68002484922553 4.49192555207717 4.92389264360017 23.5159475952704
0.73712248244403 -0.0740932934014246 0.111527553276255 3.15956714229941 0.00165395643997178 -1.67987644200495 4.45999249171353 4.88031603807029 23.4135851615135
0.737504235226467 -0.0744065992918748 0.111536788106655 3.15976173402677 0.00127273060603871 -1.67955774314644 4.43181340016322 4.83844469124649 23.3116176278438
0.737887894795339 -0.0747319675150856 0.111545556261454 3.15990292086663 0.00094873984695265 -1.67909290792005 4.40607220875781 4.79815245752735 23.2092792848574
0.73827808349561 -0.0750755371592794 0.111553193613877 3.15999601995471 0.000690801135225221 -1.67849581828086 4.38188959957772 4.75947755759586 23.1060406861928
0.738680386401878 -0.0754450686434052 0.111558997579908 3.16004355919256 0.000512088189289265 -1.67777409518301 4.35865103494445 4.72260852177755 23.0017554964988
0.739102445145582 -0.0758507551321825 0.111562216729784 3.16004919347738 0.000427796854004338 -1.67693738327751 4.33585318356252 4.68783775036903 22.8969282345227
0.73955452462456 -0.0763049018916112 0.111562138662431 3.1600232836915 0.000449514750703744 -1.67601048567608 4.31297455612038 4.65545751683209 22.7931378687398
0.740048750105397 -0.0768194241430721 0.111558340048613 3.1599898846433 0.000574780992734887 -1.67505051611628 4.28938619133589 4.62556400182401 22.6935124919317
0.740595814750785 -0.0774001630495459 0.111551108424156 3.15999205300608 0.00077318557334621 -1.67416064116742 4.26435408524252 4.59777992690766 22.6028624154167
0.741198888074287 -0.0780391618960843 0.11154184675557 3.16008839667805 0.000977595652433033 -1.67348316581008 4.23720273099431 4.57104140203012 22.5268125436517
0.741847724554623 -0.078710396848081 0.11153302096013 3.16033469769548 0.00109511566286596 -1.67315622389482 4.20762369076547 4.54373166978787 22.469648591296
0.742518867805909 -0.0793757705442585 0.111527342842067 3.16075716801037 0.00104226963937497 -1.6732486642473 4.17592226246574 4.51429697822451 22.4319732300844
0.743184220566402 -0.0800000794718939 0.11152661467418 3.16133819540009 0.000782376233527329 -1.67372337737221 4.14294516089243 4.48198265750676 22.4102077576702
0.743821740754182 -0.0805635476232312 0.111531145370454 3.16202734033088 0.000334830023228561 -1.67446158032826 4.10971468289206 4.44709985521894 22.3985052023989
0.744420279873742 -0.081063338414944 0.111540065775999 3.16276574841533 -0.000245969058807507 -1.67532111487858 4.077074143 4.41070381313731 22.3913175754525
0.74497762783761 -0.0815069236587837 0.11155204022578 3.16350437607592 -0.000898708436390903 -1.67618127379245 4.04555562995623 4.37407927278789 22.3848021234364
0.745496103297376 -0.0819047527921599 0.11156580976621 3.1642094509713 -0.0015722020880798 -1.67695714906863 4.0154293696997 4.33838931143642 22.376869414241
0.745979204843451 -0.0822660743992128 0.111580413099272 3.16486005283386 -0.00222996242348216 -1.67759459388484 3.98680339722496 4.30454616944825 22.366614915656
0.74643015374958 -0.0825977695143205 0.111595195320513 3.16544390559467 -0.00284835461190709 -1.67806044855618 3.95969517441188 4.27320678334605 22.3537452358411
0.746851771974458 -0.082904798736084 0.111609738672672 3.16595432420826 -0.00341334463373047 -1.6783353417408 3.93406060323584 4.24480087562461 22.3382120410738
0.747246983186518 -0.0831911737706324 0.111623789412725 3.16638880332237 -0.00391799492609299 -1.67841043305357 3.90979352388323 4.21954869567161 22.3200397450839
0.747619465314145 -0.0834609056278956 0.111637205401667 3.16674877332249 -0.00436106609162769 -1.67828706000757 3.88671246096668 4.19746048916572 22.2992738773026
0.747974202324124 -0.0837187199073332 0.11164992548979 3.16703989660128 -0.00474638741922286 -1.67797781786629 3.86454764901081 4.17832551273571 22.275987170729
0.748317806487825 -0.0839704785575772 0.111661954233633 3.16727238014076 -0.00508251748332601 -1.6775078073695 3.84293724839004 4.16170321240847 22.2503030124161
0.748658546102236 -0.0842233025256851 0.111673354671916 3.16746092407779 -0.00538227869260084 -1.67691510225471 3.82143830965745 4.14692887162253 22.2224132685134
0.749006057767362 -0.0844854158312361 0.111684243228449 3.16762406914923 -0.00566187787392146 -1.67624981184934 3.79955489930014 4.13314289326149 22.1925782873661
0.749370766280388 -0.0847657559211627 0.111694782622254 3.16778285435012 -0.00593947602665153 -1.67557145562646 3.77678247303298 4.11934780933467 22.1611036761541
0.74976307785934 -0.0850734192394579 0.111705170414596 3.16795884491554 -0.00623322177004864 -1.67494471219392 3.75266435700371 4.10449121176484 22.1282934243711
0.750192440157851 -0.0854170233078157 0.111715622241868 3.168171713823 -0.00655888702100296 -1.67443388304545 3.72685382574523 4.08756778628317 22.0943830515384
0.750666361292352 -0.0858040545459584 0.111726349628413 3.16843662638531 -0.00692731443064503 -1.67409652986767 3.69917438236217 4.06773124619161 22.0594598187242
0.75118944771927 -0.0862402309566118 0.11173753242819 3.16876167814946 -0.00734190180684884 -1.67397666219242 3.66967133642122 4.04440784938805 22.0233798443854
0.751762474935362 -0.0867288525927456 0.111749285658203 3.16914560425486 -0.00779634658394582 -1.67409764318983 3.63864850701546 4.01740598079072 21.9856951214955
0.752381483060962 -0.0872700692400805 0.111761620572652 3.1695759869545 -0.00827292627130465 -1.67445485793224 3.60668308678877 3.98701750584321 21.9456085314596
0.753036939495226 -0.0878600067181459 0.111774401666137 3.17002831927135 -0.00874177238430803 -1.67500846698692 3.57460810709151 3.95410162699267 21.9019829167978
0.753713169858491 -0.088489807443276 0.111787306384397 3.17046656118596 -0.00916190747500464 -1.67567754135616 3.54344655653425 3.92012754133614 21.8534385446134
0.754388507651118 -0.0891448793293231 0.111799802908101 3.17084611686757 -0.00948508096747632 -1.67633852022421 3.51427936491033 3.88713103736885 21.7985723572466
0.755036812933613 -0.0898049443483075 0.111811169975111 3.17112009266772 -0.00966323053632046 -1.67683244779941 3.48804111004699 3.85752695740084 21.7363057098476
0.755630876171359 -0.0904456127931913 0.111820582235091 3.17124875539212 -0.00965918669756153 -1.67698497969723 3.46527110333819 3.83374133525545 21.6663023835492
0.756147486785673 -0.0910418542525182 0.111827264182614 3.17121016584409 -0.00945801083239281 -1.6766387155013 3.44589629986909 3.81770535520377 21.5893128748245
0.756572759741421 -0.0915727727428876 0.111830675807107 3.17100798351458 -0.00907434763454955 -1.67568954722512 3.42915133866449 3.81036485234 21.5072593416352
0.756905515526644 -0.0920260167840343 0.111830658156637 3.17067237478184 -0.00855155001275628 -1.67411259881307 3.41370541011045 3.8114182128188 21.422953082039
0.75715706431554 -0.0923999269879681 0.111827472588517 3.17025290274052 -0.00795202038091879 -1.67196570913507 3.39796451196971 3.81941785444399 21.3395231889968
0.757347572754756 -0.0927026020944165 0.111821720759072 3.16980654633556 -0.00734295505646381 -1.66936976373538 3.38042042595314 3.83218292350372 21.2597990502451
0.757500920108423 -0.0929486913639411 0.111814194266522 3.16938623543332 -0.0067837113358319 -1.66647711272039 3.35990420998881 3.84731579812305 21.1858944719264
0.757640295681568 -0.0931556345512304 0.111805726143951 3.16903399085848 -0.0063190432397447 -1.6634428847241 3.33567573625859 3.86260533388414 21.1190959553726
0.757785828323236 -0.0933408093968815 0.111797093590512 3.16877959929453 -0.00597871179921928 -1.66040870411767 3.30737266449362 3.87620899113841 21.0599932527177
0.757954299611715 -0.0935201668201518 0.111788981350789 3.16864328267235 -0.00578134094569793 -1.65750040097606 3.27489094354637 3.88662685474021 21.0087114171194
0.758160255792078 -0.0937081730033105 0.11178198602487 3.16864004834694 -0.00573977381226582 -1.65483611598522 3.23826829513337 3.89254342543835 20.9651124713008
0.758417660071549 -0.0939185173384817 0.111776630079334 3.16878375203062 -0.00586576016098846 -1.65253952339901 3.19761984940069 3.89262127515925 20.9288780285344
0.758741288010203 -0.0941649587141281 0.111773353301311 3.16908942967728 -0.00617247992368763 -1.65075266750633 3.15315498345416 3.88532145766004 20.8994210538672
0.75914707860316 -0.094461653084171 0.111772452512078 3.16957267925965 -0.00667368844830392 -1.64964204686987 3.10529063460501 3.86882853202718 20.8756033267182
0.75965058056055 -0.09482225503551 0.111773950378907 3.17024496211942 -0.00737838724981694 -1.64938964986828 3.05485590219647 3.8411766060048 20.8552847424026
0.760262782521403 -0.0952571864960173 0.111777403896882 3.17110439667862 -0.00828072464776327 -1.6501599961911 3.00333514679631 3.80067453719426 20.8348411876424
0.760983580891561 -0.0957691261895236 0.111781723948713 3.17212393887208 -0.009347376575856 -1.65204050244026 2.95301629774006 3.74664353404425 20.808958937275
0.761795257737025 -0.0963482726846678 0.111785148541706 3.17324277523155 -0.0105088432804238 -1.65497087134192 2.90684697788099 3.68025168548512 20.7711208159063
0.762660488117476 -0.096970549229024 0.111785513056724 3.17436928480432 -0.0116635670648864 -1.65870110142653 2.86787070611809 3.60495144070999 20.7149887789579
0.763528659507786 -0.0976015989360736 0.111780806068741 3.17539982676529 -0.0126989777981579 -1.66282099186432 2.83838707757647 3.52602111564219 20.6362599188482
0.764349144027893 -0.0982059271557542 0.111769758853484 3.17624651093729 -0.0135214872728429 -1.66686459424755 2.81927209293624 3.44922332023625 20.5339903358238
0.765084561877239 -0.0987564735636208 0.111752139397831 3.17685883909324 -0.0140789529138179 -1.67043647817909 2.80986219049018 3.37927070504122 20.4105774069126
0.765717138557947 -0.099239640945638 0.111728632495793 3.17722852696462 -0.0143645021611463 -1.67329189539583 2.8084082532018 3.31891730209718 20.270528060989
0.766246851277605 -0.0996545790480796 0.11170047295204 3.17737934575622 -0.0144042941804162 -1.67534417454461 2.81274535340504 3.2689510134876 20.1188700732899
0.766685042380506 -0.100009119105273 0.111669091032974 3.17735161075271 -0.0142398699153573 -1.67662144397491 2.82081216020424 3.22877293288785 19.9599770203488
0.767047845299403 -0.100315405211898 0.11163592775845 3.17718958086747 -0.0139138878918352 -1.67720988191679 2.83087197383742 3.19709312629503 19.7970353589458
0.767351707712834 -0.100586910518481 0.111602447061064 3.17693482029918 -0.0134623123126002 -1.67720760638044 2.84147188697841 3.17245116383128 19.6319749580889
0.767611301585704 -0.100837088767045 0.111570307019731 3.17662485024802 -0.0129122985102496 -1.6766959809458 2.85123201133486 3.15348344219971 19.4655871134592
0.767839233324977 -0.101079165087059 0.111541633479715 3.17629519615776 -0.0122841687895094 -1.6757262082358 2.85854034087653 3.13896577821087 19.2976366000769
0.768046873748082 -0.10132629413888 0.11151930034834 3.17598282242256 -0.0115965276958877 -1.67431862461796 2.86122773102294 3.12767814664769 19.1269054853219
0.768245689924141 -0.101591125675303 0.111507003975457 3.17572849077492 -0.0108739921480014 -1.67247582129094 2.85637412816036 3.11814296350826 18.9512543034254
0.768448257226734 -0.101883724207603 0.111508746208838 3.17557440847945 -0.0101556235220875 -1.67021295688927 2.84055131319236 3.10835230329806 18.7679491248364
0.768667715803955 -0.102207498063716 0.111527367647711 3.17555355263599 -0.00949829584474041 -1.66760109235376 2.81085551479702 3.09574018207514 18.5745572726506
0.768914749116753 -0.102555147571973 0.111562479572001 3.17567254944469 -0.00896659888751886 -1.66479779444315 2.7666080326716 3.0777044450455 18.3703448440814
0.769193349916074 -0.102909083752092 0.111609376412269 3.17590073055546 -0.00860841464363784 -1.6620253346962 2.71056858091679 3.05260785189183 18.1572863230206
0.769499091956889 -0.103248535822346 0.111660505877699 3.17617981367995 -0.00843255657420276 -1.65949179277876 2.64822520380728 3.02052669164607 17.9395511643224
0.769822093040871 -0.103558655386802 0.111708730315904 3.17645025920903 -0.00840860601514212 -1.65731387506247 2.58539336446732 2.98302948307135 17.7216311088882
0.77015215494901 -0.103834628144776 0.111749755438748 3.17667313265237 -0.00848746166402198 -1.65550110662688 2.52608595121969 2.94221984371562 17.5066501180472
0.770482151453114 -0.104079612666246 0.111782374420034 3.17683458116188 -0.0086232036624039 -1.6539947154194 2.47197330710965 2.89987584270859 17.2959156977149
0.770808585874484 -0.104300428412046 0.111807344921261 3.17693814857955 -0.00878346122737693 -1.65271608384473 2.42304159640937 2.85711864817145 17.0894211103087
0.771130626360045 -0.104504344489745 0.111826166251441 3.17699528077966 -0.00894947557818382 -1.65159717463141 2.37849413833726 2.81447623939578 16.8865475735863
0.771449005053361 -0.104697742124929 0.111840310083167 3.17701920546457 -0.00911195999517471 -1.65059239791282 2.33738609159268 2.77206663723902 16.6865553089969
0.77176538260724 -0.104886110835484 0.11185087414455 3.17702251107809 -0.00926680941013182 -1.64968146526059 2.29894815357875 2.72974024713663 16.4888127042627
0.77208227440709 -0.105074783301486 0.111858466543925 3.1770172041644 -0.00941193995165331 -1.64887147167438 2.26272097863168 2.68713460988891 16.2928340567156
0.772403509761453 -0.105270132254452 0.111863173449807 3.17701624521012 -0.00954516269542482 -1.64820306863881 2.22861348645707 2.64364310428192 16.098170584902
0.772735211793969 -0.105481162823681 0.111864549566577 3.17703603396861 -0.00966268847492113 -1.64776290168233 2.19694360592639 2.59831397204391 15.9041293289339
0.773087193554538 -0.10572131434277 0.111861662985731 3.17709929604075 -0.00975808962586558 -1.64770055452364 2.16845575889017 2.54972214064044 15.7092329299674
0.773474148966772 -0.106009545868574 0.111853341238133 3.17723676355954 -0.0098221576378962 -1.648238367454 2.14422190628144 2.49593804937627 15.5103572124308
0.773914755810079 -0.106368180842853 0.111838875766601 3.1774836127465 -0.0098450357901665 -1.64964285687616 2.125225892074 2.43487283103601 15.30178542079
0.774425463622403 -0.106813721123645 0.111819314576915 3.17786480769321 -0.00982234035429356 -1.65211117980314 2.11145028066246 2.36535276157457 15.0751993705721
0.775007965238563 -0.107340753392895 0.111798683273936 3.17836995424064 -0.00976396812588062 -1.65557405718163 2.10078369342492 2.28875941423311 14.8222784809131
0.775638877713735 -0.107911561734848 0.111783427113777 3.17893791987184 -0.00969729632154705 -1.65956896802412 2.08895806900145 2.20977294182813 14.5398548826737
0.776276381962478 -0.108469163998744 0.111779344998813 3.17947863060911 -0.00965622054072113 -1.66339924335669 2.07141930328622 2.13455475590463 14.2332385876883
0.77688234883141 -0.108967452606665 0.111788571106499 3.17992086508014 -0.00966330083207879 -1.66650115024194 2.04571549508506 2.06750145008817 13.9133632125708
0.777438422660953 -0.109389222622535 0.111809513909955 3.18023984676575 -0.00972222365363021 -1.66866227915793 2.01210193401763 2.00971431998821 13.5906020020634
0.777944733031688 -0.109740964326829 0.111838984663164 3.18044828800574 -0.00982361810895022 -1.66995576135342 1.97238648360729 1.95994076350966 13.2711914994746
0.778410032858935 -0.110038664379256 0.11187411262065 3.18057421992572 -0.00995389422856178 -1.67056376254987 1.92861992834618 1.91621964365878 12.9574419777911
0.778843470367633 -0.11029763225012 0.111913188150702 3.18064627331139 -0.0101000404919444 -1.67064790168602 1.88247080220199 1.87692040977828 12.6493728929323
0.77925027200388 -0.110528197746999 0.111955899248104 3.18068951567252 -0.0102501972894808 -1.67028757910171 1.8351556621925 1.84110137534009 12.3459526242066
0.779629528327177 -0.1107343890592 0.112003555485248 3.18072793475116 -0.0103919471487664 -1.66944992832383 1.78759444331804 1.80851216672828 12.0454338463614
0.779972357368511 -0.110913176371768 0.112059581727427 3.1807903813193 -0.0105098642015525 -1.66796420210758 1.74059152551857 1.77941448697094 11.744763548782
0.780260484880499 -0.111053706949937 0.112130125597856 3.18091764856953 -0.0105839738422274 -1.66550653279331 1.69493533519766 1.75414708696072 11.4381190209072
0.780468285280711 -0.111138385735397 0.112223825264023 3.18116547726695 -0.0105924314999601 -1.66165232566742 1.65130017392051 1.73221127127209 11.1151299077113
0.780574375879111 -0.111150227556753 0.112348783866027 3.18159197938811 -0.0105231078087929 -1.65609743912868 1.60983571328239 1.71092347508113 10.7609860940048
0.780584162008012 -0.111088588954109 0.112505859652308 3.18222084730255 -0.0103924374580735 -1.64904709722502 1.56961068809695 1.68477224888806 10.3619873533348
0.780544707211277 -0.110981774182085 0.112683331838216 3.18300423068981 -0.010252362349896 -1.64142123652023 1.52863163136149 1.6473781325468 9.91558485344203
0.780525249363499 -0.110876857983663 0.112861526109915 3.18383792989548 -0.0101659061219151 -1.6344464775015 1.48491100475448 1.59537588906525 9.43437774796956
0.780577109450004 -0.110812717378865 0.113024768071234 3.18462671302538 -0.0101719471366991 -1.62895467877001 1.43761270405909 1.53002913706282 8.93725451825056
0.780716135518741 -0.110805791750901 0.113167815132463 3.18532905526149 -0.0102766065919627 -1.62514035532716 1.38710304849762 1.45508782923388 8.43774256418216
0.78093479619104 -0.110856617494763 0.113293319504542 3.1859513367424 -0.0104695586272752 -1.62283070978856 1.33426100544173 1.37399821340235 7.94031356636987
0.78122010949413 -0.11096229928001 0.113406785750198 3.18652243201938 -0.0107411058853971 -1.62182696337268 1.27993149052028 1.28871913066915 7.44311682684324
0.781563293077659 -0.111124590506565 0.113513314474063 3.18707491003148 -0.0110891454572187 -1.62209526716129 1.22477376059696 1.19983574554733 6.94215227795631
0.781960871233594 -0.111352401511007 0.113615954341049 3.1876340981145 -0.0115163839385629 -1.62382659089619 1.16935947604341 1.10719752642976 6.43570961809281
0.782408829776908 -0.111658402285138 0.11371417122847 3.18820594305413 -0.0120170089070724 -1.62738757740632 1.11438085026238 1.01093791380958 5.93081948618781
0.782889150653919 -0.112046020427631 0.113801693527884 3.18875650800983 -0.0125495845319266 -1.63307984576995 1.06085949391643 0.913115771785179 5.45274378058927
0.783352562904723 -0.112485206678594 0.113865417675091 3.18919177550802 -0.0130056383137041 -1.64061124441151 1.01011237264798 0.819550808728864 5.05120361763701
0.783718771000564 -0.112895864498747 0.113890178559904 3.18937686453523 -0.0132193988635098 -1.64857564937238 0.963130985920558 0.739377860038507 4.78537138928302
0.783918159582221 -0.113178292594044 0.113870317472166 3.18922232692376 -0.013061444887784 -1.65482887440457 0.919651028471465 0.679883479427496 4.681990193192
0.783942686439656 -0.11328055166922 0.113815884231146 3.18875921491834 -0.0125376598430668 -1.65787856887394 0.878136336703667 0.640904141290649 4.709738414143
0.783841024968286 -0.113222875342159 0.113744243040326 3.18810279201183 -0.0117647801713616 -1.65769710062278 0.836924404257514 0.616037026060716 4.80708500947877
0.783672325978254 -0.113059840263758 0.113668640597206 3.18736299904162 -0.0108693711020315 -1.65517366668052 0.795108079861441 0.598223215106513 4.92458715321649
0.783476840118908 -0.112840162675905 0.113595081612814 3.18660312933682 -0.00993157262624592 -1.65126992704632 0.752497060807078 0.582934945158712 5.03834932667537
0.783274422938941 -0.112594281924737 0.11352482680592 3.18584766542209 -0.00898722986210472 -1.6466589285491 0.70923780879367 0.568116865690257 5.14213222866408
0.783072902304361 -0.112338289579642 0.113457181202385 3.18510094074515 -0.00804727906655485 -1.64173560904176 0.665570094233702 0.553151726017341 5.23744436775549
0.782875307288206 -0.112080800254412 0.113390947002521 3.18435923260514 -0.0071123460343928 -1.63673375392003 0.621796456454153 0.538119213239009 5.32817761863374
0.782684462877433 -0.111828573469272 0.113324888268076 3.18361573132042 -0.00618049351465403 -1.63184092569886 0.578451904748866 0.523541065687058 5.41895402997287
0.782506620398486 -0.111591460976376 0.113257768280139 3.18286161246975 -0.0052518855738309 -1.62730661669081 0.536753694444848 0.510538279889577 5.51542260056923
0.782355943895339 -0.111388275989692 0.113188375051412 3.18208614079447 -0.00433452303037047 -1.62356579317832 0.499523738218848 0.501370527500506 5.62531383464666
0.782260208053333 -0.111253668288036 0.113115967406871 3.18127913301191 -0.00345442129728886 -1.62136593645224 0.47267277896404 0.500243134610463 5.75888137455065
0.782262724985958 -0.111239619494197 0.113041646541624 3.18044049787613 -0.00266850233681425 -1.6217468192734 0.466322378311662 0.513567080339743 5.92579548322774
0.782405590674668 -0.111393702193055 0.11297035413813 3.17959764554338 -0.00206141186494818 -1.62551256191943 0.492136110547633 0.547457620352248 6.12492080152025
0.782686007753919 -0.111706295620256 0.112910524363354 3.17881131157029 -0.00169451576180002 -1.63214429991859 0.553623860779829 0.601320052975847 6.33257859607037
0.783030943024371 -0.112083979318669 0.112868382620428 3.17814003105351 -0.00153443409920195 -1.63945771049889 0.637876434432022 0.664258212589662 6.51052105115925
0.783346643525886 -0.11241364804891 0.112842552796419 3.17759279883621 -0.00146699111283563 -1.64513865742672 0.723822234451431 0.722497508419252 6.63476384818374
0.783584491234098 -0.112640728094339 0.112826481106356 3.17713413669063 -0.00138884448238425 -1.6482802764778 0.797819296067179 0.769026763821277 6.70805773936029
0.783745464476313 -0.11277054913392 0.112813881717648 3.1767222413497 -0.00125402887798572 -1.64920525597468 0.857275530420176 0.804122962732722 6.74633071705861
0.783850565410734 -0.112830843286473 0.112800761027667 3.176329492561 -0.00105671984285055 -1.64860431324129 0.905183151184511 0.830938065557518 6.76435713605045
0.783920658612227 -0.112847649913946 0.112784736351381 3.17594228650909 -0.000803890018284424 -1.64705301506709 0.945405545723938 0.852523709754796 6.77128981862543
0.783970766284925 -0.112839095101775 0.112763980762258 3.17555569501732 -0.000501175867753672 -1.64491382178104 0.980905623387726 0.870969121828826 6.77122108691327
0.784010666539665 -0.112816633745376 0.112736702576913 3.17517038714803 -0.000149631126580693 -1.64237712524472 1.01346358654593 0.887404462230115 6.76408583048012
0.784046699697295 -0.112787762361548 0.112701509559164 3.17479335602315 0.000250243431692514 -1.63951906850161 1.04366828912452 0.90206575329106 6.74510947816015
0.78408302175815 -0.11275855231928 0.11265947062976 3.17444326927857 0.00068457988253021 -1.63635405155894 1.07059686859636 0.914085708181466 6.70209908338114
0.784121637676722 -0.112735884131925 0.112619565929263 3.17416130470384 0.00109342639422777 -1.63290509988885 1.09092130741989 0.920893320570928 6.61063621492629
0.784160655331155 -0.112728913638344 0.112608613804669 3.17402303995195 0.00131442840239431 -1.629332255922 1.09777964921681 0.917545187282514 6.4308650319057
0.784191365809888 -0.112747431689795 0.112678817302365 3.1741284616163 0.00104486150122392 -1.62610217553076 1.08155575622812 0.897560836279099 6.11871350619088
0.784199011037263 -0.112794414022639 0.112889949387098 3.1745347472441 -4.72830242176463e-05 -1.62396754374712 1.03612984794676 0.857549024565529 5.66479564695641
0.7841728719674 -0.112858856322913 0.113258399216246 3.17517067009444 -0.00203158240329165 -1.6234787389615 0.967399619863929 0.802785069519418 5.12898894436082
0.784116348400941 -0.11292243427975 0.113734516552887 3.17587013653233 -0.00460328977242949 -1.62448528971189 0.89085680922572 0.744595601441909 4.60439316496951
0.784042181398086 -0.112973732484915 0.114249044711743 3.17650514530254 -0.0073630055813776 -1.62636753521202 0.819083046363436 0.691383313288323 4.14638539136268
0.783961471175425 -0.113011649918117 0.114759761480918 3.17704011785812 -0.0100779344810176 -1.62858069151258 0.756065269768968 0.645250538711835 3.75826082521467
0.783879892648013 -0.113039927284469 0.11525397064946 3.17749334718534 -0.0126856733081199 -1.6308471841216 0.700496775069254 0.604774408116709 3.42026562724875
0.783799452893066 -0.113062680873548 0.115733095563211 3.17789420881996 -0.015201994706749 -1.63307473094388 0.649821570620315 0.567898501511734 3.11223834053776
0.78372076753786 -0.113083089275087 0.116201953703659 3.1782660661891 -0.0176599848173182 -1.63524868330947 0.601954283488624 0.533048234084755 2.82030686743291
0.783644409682199 -0.113103626266931 0.116664759962077 3.17862442439863 -0.0200887206759522 -1.63737180185538 0.555542586904101 0.499238043970997 2.53623456276234
0.783571633679672 -0.113126623138222 0.117124519981411 3.17897962810969 -0.0225105994496311 -1.6394363148309 0.509772173867807 0.465899785666489 2.25531110553684
0.783504832039556 -0.113154545548921 0.117583733761296 3.17933972684621 -0.0249435263495239 -1.64140442080569 0.464129236071061 0.432718019281136 1.97467167707236
0.783447631793424 -0.113189186777962 0.118045923286734 3.1797119191456 -0.0274004626538649 -1.64317980168795 0.418229765198263 0.399553131880202 1.69239741790312
0.783403693126207 -0.113227889615958 0.118518507783901 3.18010070590691 -0.0298782809753177 -1.64455704875134 0.371750298651884 0.366500784936059 1.40763227521286
0.783371734052888 -0.113253019424514 0.119017990619207 3.1804985718502 -0.0323220016403221 -1.64514775764423 0.324535317779116 0.334173792330472 1.12243570584752
0.783332855591963 -0.113210840119721 0.119576922405946 3.1808632213585 -0.0345494333484582 -1.64433538035558 0.27703467617941 0.304275807266401 0.846419410820246
0.783231057588736 -0.112988664918075 0.120244828013283 3.18108581273415 -0.0361647354200322 -1.64144405553052 0.231099842841347 0.280140247771733 0.602902665386169
0.782970711550669 -0.112435913395438 0.12106436115783 3.18099568788377 -0.0366221185295819 -1.63635336203818 0.190319061669541 0.265896006893951 0.426886764012685
0.782471559387254 -0.111475004136163 0.122022612007914 3.18046747051087 -0.0356151358469296 -1.63016581029782 0.15818398223671 0.263180108146691 0.342061408342565
0.781746116095671 -0.110199926334993 0.123040024474484 3.17955070056037 -0.0334452929259723 -1.62472641362104 0.134944601289737 0.268671227711013 0.335159502745348
0.780887274178017 -0.108800530678321 0.124032113726473 3.17842713940394 -0.0307760151943034 -1.62121852863872 0.117518682587765 0.276735496034115 0.367039343711897
0.779986239869656 -0.107417987178952 0.124961336121694 3.17725870444138 -0.0281165604280309 -1.61968171256361 0.102426258349904 0.283547705927339 0.404520680439146
0.779091002297529 -0.106105130411573 0.1258299311129 3.17612281884673 -0.0256648205896016 -1.61959222949573 0.087604886563434 0.28792401168516 0.432581587040907
0.77821542270986 -0.104862976618312 0.126653835677759 3.17503687547267 -0.0234274669933737 -1.62041614139501 0.0722870692650013 0.290106599913587 0.448414550303723
0.777357735674691 -0.10367673818915 0.127447773440778 3.17399401225583 -0.021345698162087 -1.6217908181228 0.0563782064793604 0.290725180389858 0.453802451080375
0.776511166575542 -0.1025324498782 0.128220813510362 3.17298252238284 -0.0193542151171707 -1.62351658437448 0.0400792309414745 0.290373745294061 0.451166125451975
0.775667586736369 -0.101421951443712 0.128975489084112 3.17199309752797 -0.0173993771399572 -1.62551212322636 0.0238065661063606 0.289531885492623 0.442204178777147
0.774817808876257 -0.100343583383965 0.129706573126328 3.17102129861688 -0.0154456907865499 -1.6277827322844 0.00834012315963439 0.288608011800248 0.42762856522865
0.773951037213605 -0.0993011986718201 0.130398352504055 3.17006931415394 -0.013488655098681 -1.63039984566969 -0.00484204733395512 0.288001498101344 0.407358305437011
0.77305598102157 -0.0983003661721413 0.131022494449923 3.16914790102698 -0.011583821699562 -1.63346361767955 -0.0132136954221604 0.28811271653555 0.381217553634737
0.772126957259152 -0.0973388418528068 0.131544788482526 3.16827529431401 -0.00987923192876752 -1.63700421863947 -0.0135042422789362 0.289205350750209 0.350418231943351
0.771174477095485 -0.0963942252396382 0.131950744909906 3.16746636659465 -0.00858656142394877 -1.64083462740652 -0.00365779092557112 0.291107952558226 0.319110775433468
0.77022698713638 -0.0954264781446468 0.132273932444907 3.16671499439041 -0.0078354736375338 -1.64454066432895 0.0144975935393617 0.293101602418497 0.293363431525498
0.769312016432341 -0.0944043622531134 0.132581523580802 3.16599269396834 -0.00754696237782336 -1.64774909682918 0.0357790779714699 0.294386422090359 0.277016377550591
0.76843725889053 -0.0933247960547502 0.132924886637768 3.16527009281272 -0.00751197830159672 -1.65037134311059 0.0556048203064055 0.2946453411054 0.269473091158987
0.767593605724795 -0.0922032258402064 0.133318185973422 3.16453262171561 -0.00755360347713935 -1.65253902445302 0.0722631810353015 0.294035218223104 0.267777600586742
0.766767712498265 -0.0910563217853946 0.133753343083887 3.16377789390013 -0.00758359078988444 -1.65442248300988 0.0860795813949031 0.292860138421616 0.269202851454982
0.765948566101572 -0.08989463338815 0.1342182920299 3.16300754157577 -0.00757310071298503 -1.65613907924006 0.097982237338019 0.291367049472565 0.272080829340261
0.765127755390592 -0.0887227112737778 0.134705033818604 3.16222218349974 -0.00751476280386827 -1.6577438732112 0.108784538618319 0.289706442723239 0.275581337101104
0.764297407753964 -0.0875409521346602 0.135211111819269 3.16141945613365 -0.0074008486778008 -1.65924335898968 0.119027781599754 0.287956223399921 0.27932877289822
0.763447638411683 -0.0863469505152832 0.135739107691463 3.16059322999523 -0.00721291072318862 -1.66060443745355 0.129026855555005 0.286150438251557 0.283133343428891
0.762563733267089 -0.085136264464627 0.136295984917318 3.15973306235645 -0.00691561646009956 -1.66175330568706 0.138940805035499 0.284298474927222 0.286824321823433
0.761622985844389 -0.0839031944550826 0.13689228410947 3.1588239857625 -0.00645155727631365 -1.66256666188575 0.148811685261125 0.282396093964287 0.290120907439029
0.760591830595077 -0.0826425280887765 0.137540056745521 3.15784778295783 -0.00573851882743364 -1.66286260362838 0.158559510678769 0.280432814629782 0.292493576754649
0.759425891915846 -0.0813535103093268 0.13824748880983 3.15678817056011 -0.00467674008577433 -1.66240855406806 0.167937448338438 0.278400339006422 0.293013131234705
0.75807866388045 -0.0800468348818297 0.139008202624889 3.15564286842279 -0.00318022768620915 -1.66097825898387 0.176477582741086 0.27630568843087 0.290275959516638
0.756525114984101 -0.0787523725299446 0.139787160230422 3.15444178346332 -0.00124249486780442 -1.65848765334801 0.183511424523612 0.274187700904678 0.28262492173014
0.75479518868668 -0.0775192663664884 0.140514952770735 3.15325876180375 0.000988269958556281 -1.65517039856169 0.188380928657356 0.272124045716744 0.268869424436693
0.75298799493415 -0.0763990438949716 0.141107563605988 3.15219471488649 0.00320528793382234 -1.65162577499326 0.190819667312259 0.270209477332659 0.249223111687998
0.751235975979258 -0.0754184935981977 0.14150784139766 3.15133018855213 0.00506800934179602 -1.64858887621576 0.191195981894518 0.2685091033773 0.225543027094986
0.749639948549873 -0.0745669712929233 0.141712861763313 3.15068648067592 0.00636813273227577 -1.64657116506509 0.190324246243717 0.267026718176267 0.200398955373249
0.748233808569194 -0.0738091394876223 0.14176296205134 3.15022991888279 0.00708709504870017 -1.64569633078879 0.18902302763209 0.265715720652441 0.175830126776347
0.746997567378174 -0.0731063118209362 0.141711337114234 3.1499040842595 0.00733084828446711 -1.64580310002248 0.187826719577376 0.264511330655057 0.15281920956624
0.745888405151956 -0.0724284970012458 0.141602558949511 3.14965642578184 0.00723882797604851 -1.64662899135779 0.186968085441374 0.263351009401221 0.131493753418697
0.744862208935522 -0.0717551870025259 0.141466907396051 3.14944732481403 0.00693111729666988 -1.6479289651795 0.186490770228097 0.262172840679214 0.111526348664666
0.743880624032594 -0.0710705009013382 0.141323591919918 3.14924733550618 0.00649439474660418 -1.64951335373483 0.186360698412219 0.260895468941042 0.0924068695300192
0.742908890918966 -0.0703566496662602 0.141186275301303 3.14902981014415 0.00598662622838278 -1.65124082272578 0.186536933789309 0.259380273268869 0.0735447376899823
0.741909462851209 -0.0695868999299599 0.141068141319521 3.14876232558835 0.00544602396057263 -1.6529952730365 0.187010267164533 0.257369668408753 0.0542743085656891
0.740834733949596 -0.0687188756425775 0.140985603377209 3.14839865017479 0.0048975526673248 -1.65466056089662 0.187823188433366 0.254396278637778 0.0338719424595326
0.739623820724745 -0.0676923302675313 0.14095905511645 3.14787564868131 0.00435347891522281 -1.65610259999863 0.189071275190961 0.249684092443514 0.0117518821097676
0.738214912936598 -0.0664435207619711 0.141006319982073 3.14712743079939 0.0038049738766434 -1.65717790082857 0.190862324301039 0.242149878724642 -0.0119072244282385
0.736591007109788 -0.0649556035090879 0.141122741990192 3.14613640279335 0.00320571895487564 -1.65780257321052 0.193191553236972 0.230765656608391 -0.0349792542810856
0.734855807255486 -0.0633419308189439 0.1412524097575 3.14501785856633 0.00246458231466484 -1.65808972486493 0.1957469094238 0.215508284856894 -0.0524264496484568
0.733260979710441 -0.0618769238685553 0.141285179902333 3.1440510042025 0.00148117980098129 -1.6584321576516 0.197849636684724 0.198320685020709 -0.0576745253488868
0.73208243619524 -0.0608627773489131 0.141114990365588 3.14354265997399 0.000219614622545451 -1.659327446913 0.198779218661408 0.182548463956095 -0.0468788330344716
0.731435126595659 -0.0604282209511634 0.140711614066737 3.1436219946054 -0.00126099895603169 -1.66104517702102 0.198232947809815 0.170799183486012 -0.021687787658461
0.731239444887264 -0.0604914206898963 0.140122417673351 3.14420262673113 -0.00285742163155984 -1.66351408154047 0.196381064159888 0.163636946196722 0.0128658102558954
0.73132925549598 -0.060877685133977 0.139421740842852 3.14510200960341 -0.00448240591052207 -1.66647357162552 0.193564935689346 0.16014670622991 0.0520016258646337
0.731543999715043 -0.0614212602333109 0.138674453578021 3.14614378998377 -0.00608010815077809 -1.66963158732573 0.190041237353499 0.159005087942532 0.0927290645775158
0.731749187449273 -0.061990477507686 0.137930601328385 3.14718107712294 -0.00761091815055141 -1.67270610381487 0.18590083228091 0.159037256964051 0.133535565188233
0.731815200141653 -0.0624687071807427 0.137235654388411 3.14807353092321 -0.00902962795903659 -1.67538427766905 0.181082207573392 0.159299149590059 0.173561617772071
0.731586033748134 -0.0627247069584289 0.136643634735197 3.14865310546093 -0.0102655543722814 -1.67725330840047 0.175422083651292 0.158992158313085 0.211820870020469
0.730861512829587 -0.0625936845222897 0.136225248539106 3.14870387224604 -0.0112102038511627 -1.67775877829466 0.168765130052882 0.157427526423016 0.246507063468527
0.72943220750522 -0.0619003897575578 0.136057769965625 3.14799797167793 -0.0117319968964178 -1.67630034559497 0.161198348364213 0.154201040781985 0.27456488256135
0.727215901399076 -0.0605646691082061 0.136178534849875 3.14644090987449 -0.0117508140261387 -1.67260892138506 0.153379431709018 0.149632246239863 0.292299631320241
0.724442649171776 -0.0587521973135752 0.136517393700436 3.1442717013309 -0.0113560155357304 -1.66727481797563 0.146595233535133 0.145081665874041 0.297765962496369
0.721636476353664 -0.0568709756999621 0.136895792574342 3.1420482525036 -0.0108268961957788 -1.66173035846535 0.142107816397189 0.142379407614955 0.293212178742679
0.719283442195956 -0.0553138760242045 0.137138876848792 3.14029444116749 -0.0104607156958354 -1.65734613490153 0.140284137837817 0.142585090982438 0.283998298341596
0.717554926882664 -0.0542315336091162 0.137177036189029 3.13920032833817 -0.010395847913314 -1.6546412904534 0.140563908776689 0.145516724581444 0.27484574064048
0.71635750759976 -0.0535615180377479 0.137035130455995 3.13867094578696 -0.0106128850879509 -1.65339239655586 0.142109212076259 0.150354017708393 0.267873176559983
0.71551645453479 -0.053170493806832 0.136770484784728 3.13852132040716 -0.0110305195940185 -1.65313386049543 0.144276575353747 0.156313734099671 0.26323190545803
0.714886205169108 -0.0529432338550935 0.136433280656867 3.13859539731401 -0.0115731901458672 -1.6534700619537 0.146695703865158 0.162893004743564 0.260320401648503
0.714375598154405 -0.0528042731072252 0.136056503318416 3.13879375838212 -0.0121918154601966 -1.65415260573886 0.14917903655643 0.169842329470712 0.25848158562447
0.713938279751424 -0.0527105340523271 0.135658850806703 3.13906340270254 -0.0128623240205684 -1.65505845210439 0.15162456843787 0.177079934895969 0.257215620896404
0.713558780465784 -0.0526390335039609 0.135249932527203 3.13938223881483 -0.0135797620202785 -1.6561541493895 0.153950076461009 0.184625796484185 0.256166454353082
0.713243349676948 -0.0525770220697267 0.134834419696181 3.13974814048701 -0.014354124346726 -1.65747245269768 0.156049317328288 0.192557454907269 0.255032031095896
0.713015468524245 -0.0525147953256786 0.134414991977735 3.14017274200001 -0.015208150627511 -1.65910114307876 0.157756716953548 0.200963263264191 0.253446981784373
0.712912350995516 -0.0524396830429769 0.133994788515345 3.14067690259647 -0.0161742517119939 -1.66117201895457 0.158818331553143 0.209855786634239 0.250846482607029
0.712975535423162 -0.0523303545051932 0.133579997747136 3.14128281982542 -0.0172846766389822 -1.66382643446207 0.158890139028877 0.219003861363112 0.246339987207971
0.713226099970198 -0.0521533491585034 0.133182298822073 3.14199680579511 -0.0185472380421043 -1.66712516979809 0.157619300152905 0.227686962214164 0.238715354234711
0.713622740873382 -0.0518683234577199 0.132818793771164 3.14278288419705 -0.0199076697172208 -1.67089996860409 0.154867289396604 0.234543490022896 0.226805646640101
0.714032102989588 -0.0514480939572633 0.132505811541986 3.14354773063794 -0.0212289913637711 -1.67465613641621 0.150996121313821 0.237892436872403 0.210294388442777
0.714266741815238 -0.0509028079898121 0.132248092063018 3.14417083825913 -0.0223366434601655 -1.67772133115034 0.146894844656621 0.236648673437884 0.190356391714517
0.714187371136213 -0.0502802267956106 0.132034050978359 3.14457152797417 -0.0231158193525184 -1.67961514123255 0.143540441001964 0.231068059192488 0.169211398160013
0.713769931758904 -0.0496367936799085 0.131843640723904 3.14474648822073 -0.0235644583664029 -1.68027758307776 0.14148067698216 0.222465216130654 0.148855936521413
0.713079604872325 -0.0490104592592044 0.131659771865759 3.14474676748758 -0.0237584078739229 -1.67996222850162 0.140732494901072 0.212306578363889 0.130268849153539
0.712206873126553 -0.0484157487073928 0.131473085740381 3.14463481757393 -0.0237887738969456 -1.67900283487276 0.141019258624047 0.201617861747061 0.113530744944192
0.711227141220338 -0.0478524601282089 0.131280532880035 3.14445997010613 -0.0237267437565307 -1.6776715995989 0.142013592809225 0.190921196864387 0.0982946012136746
0.710191098427857 -0.0473147592669954 0.13108241290416 3.14425413239338 -0.0236177955877256 -1.6761486688527 0.143450766052129 0.180403019529735 0.0841323545559242
0.709129486696547 -0.04679621695326 0.130880284127152 3.14403602215149 -0.0234881374950046 -1.67454177061109 0.145148297587232 0.170076413059013 0.0706819749275763
0.708060416638124 -0.0462916046033775 0.130675944770466 3.14381635166362 -0.0233524858447105 -1.67291358409152 0.1469898023251 0.159873190717598 0.0576780147324113
0.706995184123342 -0.0457969853322195 0.13047101505678 3.14360163660623 -0.0232200874002352 -1.67130312907647 0.148903451702241 0.149677039357148 0.0449431679479341
0.705942440538509 -0.0453089388831375 0.13026663640002 3.14339668237198 -0.0230995283634873 -1.66974145319548 0.150843709079753 0.139321743473411 0.0323892767210856
0.704911900830681 -0.0448230879291359 0.130062820804081 3.14320647940785 -0.0230041646057369 -1.66826680683625 0.152774495680759 0.128580086502525 0.0200695156431074
0.703919145543251 -0.0443318137572073 0.129856906139999 3.14303836224186 -0.0229603187879039 -1.66694610745413 0.154646717275724 0.117187621732411 0.00833550732267532
0.702992235100779 -0.0438216686919817 0.129640794234569 3.14290491876468 -0.0230183527461173 -1.66590574794351 0.156362491396415 0.104990412786642 -0.00186453879186922
0.702176071275643 -0.0432735734450469 0.129398469760076 3.14282610806712 -0.0232573635898414 -1.66535250270718 0.157735208374417 0.0923178300692327 -0.00870278977207668
0.701520882985313 -0.0426721132429777 0.129109543051713 3.14282478766803 -0.0237583139750437 -1.66552017890262 0.158505000160889 0.0804280078253532 -0.00982950347374561
0.70104584659681 -0.0420234200676132 0.128763928387585 3.14291124182725 -0.0245354686197071 -1.66649865202161 0.158486073479894 0.0712930544695812 -0.00396337655720626
0.700711803937949 -0.0413602804592354 0.128375300320237 3.14307057037178 -0.0254965138787351 -1.66810389878658 0.157744342691406 0.0662996068891825 0.00758896612091177
0.700449008119824 -0.0407200943355999 0.127972513100996 3.14327347226357 -0.026506406712815 -1.67000633200369 0.156552713406956 0.0652531623496186 0.0218053978067494
0.700206729298667 -0.0401227436706117 0.127579393576462 3.14349766605734 -0.0274775912554143 -1.67196353204038 0.155174297241626 0.0669284481689777 0.0361702849436047
0.699968471017578 -0.0395708298358894 0.127207061006497 3.14373538949011 -0.0283879560719903 -1.67389202259195 0.153743932706576 0.0701188773360227 0.0495899471200909
0.699739327901221 -0.0390605111840327 0.126858462031373 3.14398865834775 -0.0292507930527804 -1.67580705235791 0.152287399413927 0.0740784561857196 0.0619716907597655
0.699532063895196 -0.0385894511737983 0.126534350144038 3.14426347012057 -0.0300875406736979 -1.67775486200767 0.150769090836919 0.0784768013245415 0.0736357898015679
0.699359268397763 -0.0381605907575364 0.126236641991092 3.14456625831371 -0.03091428147657 -1.67977174257586 0.149109997119739 0.083265151161862 0.0850245502287236
0.69922698997335 -0.0377846295175449 0.125969587350996 3.14490049838011 -0.0317332154109275 -1.68184727539628 0.14716788205283 0.0886236807194056 0.0966565301680591
0.699122550182126 -0.0374831126999033 0.125739127365313 3.14525978580084 -0.0325189962763913 -1.68385638183356 0.144680261666527 0.0950179669308119 0.109198836358718
0.698988949462676 -0.0372911859379023 0.125548960289869 3.14561330110913 -0.0331931066509005 -1.685427424359 0.141184755722445 0.103325793631144 0.123515201991133
0.698687290960259 -0.0372520529980463 0.125389797435621 3.14588450733884 -0.0335946479189548 -1.68577316092332 0.136017235938093 0.114823982051152 0.140379516042855
0.697993726812202 -0.0373836628754285 0.125221874125809 3.14594909834674 -0.0335077583760746 -1.68375782272037 0.128687853254326 0.130440255856897 0.159325003622985
0.696746963315984 -0.0376131002229157 0.124973289329139 3.14571705464321 -0.0328554852261162 -1.67877431231618 0.119861656269445 0.148833595755564 0.176933074972015
0.695118620406114 -0.037766142528495 0.124592926558442 3.14528336800561 -0.0319547499986951 -1.67208240617621 0.111873895587747 0.165413867405768 0.187623327514032
0.693582023108047 -0.0377023419023673 0.124112906048663 3.14491047973259 -0.0313637337161922 -1.66632597258401 0.107091435657237 0.175580029761974 0.188459769031661
0.692504368970561 -0.0374262674471657 0.123617751263441 3.14480056345319 -0.0314091602270508 -1.66327961610589 0.106009272387911 0.178427696050457 0.181480758736356
0.691960487513784 -0.037028482341065 0.123174114113081 3.14499152181494 -0.0320715428178755 -1.66308772801299 0.107688706937847 0.175854982346269 0.170732071368023
0.691867850635313 -0.0365965293183884 0.122814487050173 3.14543205744544 -0.0331895857549145 -1.6651363707584 0.111025527012676 0.170073998120209 0.159569965971521
0.692126493661148 -0.0361906478027322 0.122555439758181 3.14605900182555 -0.0346086907656068 -1.66879016674687 0.115262449546934 0.162621548268836 0.150388880390367
0.692663931872411 -0.0358539409773786 0.122413279911004 3.14682106969897 -0.0362101190148049 -1.67358299765454 0.119951087558777 0.154448394478964 0.145258067305896
0.69342586186172 -0.0356237617356589 0.122408309941138 3.14767216065297 -0.0378881675896953 -1.67914185416207 0.12479895855678 0.146227885843704 0.146405587728749
0.694343672044595 -0.0355323972541442 0.122556582419111 3.14855308480609 -0.0395157238598332 -1.68502501212968 0.129547794988647 0.138587491114253 0.156145481807825
0.695293691197851 -0.0355919394850097 0.122846949519002 3.14937366866161 -0.0409218724975948 -1.69056430528113 0.133913115818569 0.132182654804341 0.175877603723505
0.696081987568232 -0.0357677272831572 0.123212592939879 3.15001725007699 -0.0419179931528869 -1.69487179353446 0.137620260842147 0.127534272457159 0.204209386357638
0.69650841684966 -0.0359702432989989 0.123533854411408 3.15039027546571 -0.0423934548196745 -1.69719434032904 0.140542739571863 0.1246862351152 0.235922293455397
0.696490181652402 -0.0360989899127059 0.123700461191704 3.15048630480183 -0.0424027808481918 -1.69741193924589 0.142805287470843 0.123079916800809 0.26425679191769
0.696107495272812 -0.0361056382623249 0.123678966718358 3.15038554777824 -0.0421229570107054 -1.69607752552784 0.144686792974516 0.121937280856528 0.285083879350049
0.69551675383504 -0.0360060912281624 0.123509682715049 3.15018818711551 -0.0417246801596309 -1.69393633702867 0.146423099893597 0.120743496943834 0.298337780760252
0.694848962525283 -0.0358444769324756 0.123255739172732 3.14996217155701 -0.0413019112077936 -1.69151834088932 0.148121362851035 0.119352324253429 0.306151573219078
0.694178010954988 -0.0356602512203957 0.122966789234175 3.14973814164621 -0.0408847560593664 -1.68907833635031 0.149796508731581 0.117820188031816 0.310754667844304
0.69353548466084 -0.0354777750851916 0.122671662974013 3.14952520631677 -0.0404749992048468 -1.68670418586075 0.15142984692567 0.116246311100859 0.313645213186381
0.692931651087661 -0.0353088753524107 0.122384209696188 3.14932428049314 -0.0400683978323307 -1.68441587055069 0.153001337797111 0.114705317458206 0.315627829968341
0.692368302613972 -0.0351580016517622 0.122110164153792 3.1491343592043 -0.0396623722027381 -1.68221447595381 0.154498678398646 0.113238819152648 0.317080373754814
0.691844395063993 -0.0350260216079822 0.121851520587775 3.14895444847173 -0.0392567572466111 -1.68009849738326 0.155916566988119 0.111865771265074 0.318170199397619
0.691358030453311 -0.0349122937822013 0.121608707641505 3.1487838349794 -0.0388527627469487 -1.67806695382302 0.157254023916988 0.110592992966423 0.318975492503291
0.690907046004312 -0.0348156211191352 0.121381518614153 3.14862197059777 -0.0384520524661643 -1.67611906484523 0.158512374096432 0.109421557041493 0.319540618262612
0.690489181419489 -0.0347346408739532 0.121169473687792 3.14846836344154 -0.0380562602286226 -1.67425369279009 0.159694135836923 0.108349883979428 0.319897684509049
0.690102144347398 -0.0346679735359251 0.120971958531833 3.14832252951251 -0.0376668045655674 -1.67246912081689 0.160802475029274 0.107375075198882 0.320073841044025
0.689743654307857 -0.0346142798795508 0.120788283849713 3.1481839813069 -0.0372848457477475 -1.67076306637755 0.161840928094675 0.106493486064059 0.320093430115194
0.689411478636734 -0.0345722848036803 0.120617718348939 3.14805223081679 -0.0369112983476273 -1.66913279094128 0.162813237400778 0.105701008837255 0.319978525713228
0.689103461350192 -0.0345407881935715 0.120459512379324 3.14792679593875 -0.0365468642364461 -1.66757523689333 0.163723233273169 0.104993242241588 0.319749015246759
0.688817545521793 -0.0345186688703368 0.120312918387515 3.14780720643543 -0.0361920778921373 -1.6660871761173 0.164574735218658 0.104365596260477 0.31942249370365
0.688551791361072 -0.034504882479381 0.120177212403809 3.14769300895653 -0.0358473717533555 -1.66466539155481 0.165371454027097 0.103813323566675 0.319013905606759
0.68830439455179 -0.0344984510726316 0.120051722774521 3.14758377315307 -0.0355131863961709 -1.66330695521186 0.166116869911381 0.103331422915436 0.318534667792544
0.68807371367288 -0.0344984380756572 0.119935877182822 3.14747910551059 -0.0351901779640937 -1.66200973675839 0.16681404404357 0.102914288074291 0.317990781668601
0.687858323512063 -0.0345038953451929 0.119829286811886 3.14737868789775 -0.0348796219395626 -1.66077339996951 0.167465292119627 0.10255484680031 0.317379169589641
0.687657124951876 -0.034513757417596 0.119731896893709 3.1472823795383 -0.0345841842775002 -1.65960134160342 0.168071611931197 0.102242716083768 0.316681233268365
0.687469563391222 -0.0345266409057474 0.119644242882634 3.14719046145747 -0.0343093254138821 -1.65850430176148 0.168631726475287 0.101960572593068 0.315852697023579
0.687296034478273 -0.0345404864338101 0.119567852552027 3.14710416718168 -0.03406569179531 -1.65750666757457 0.169140617741612 0.101677536071439 0.314809701393431
0.6871385767407 -0.0345519667242071 0.119505808184614 3.14702672646022 -0.0338728496334196 -1.65665659731555 0.169587562226037 0.101338074380735 0.313413715373403
0.687001932763022 -0.0345556050345329 0.119463397834936 3.14696520822171 -0.033764439468929 -1.65604051406102 0.169954069684132 0.100845276608655 0.311463167840973
0.68689493423694 -0.0345426599972872 0.119448597933049 3.1469333648076 -0.0337939437252354 -1.65580031449864 0.170212937119098 0.10003938623467 0.308708159309733
0.686831822875456 -0.0345001216753625 0.119471819968375 3.14695520943205 -0.0340383550117605 -1.6561465388239 0.170330909848047 0.0986779022353285 0.304913670618671
0.686832486896385 -0.0344106772983957 0.119544025476951 3.14706789842082 -0.0345941399174606 -1.65735243753186 0.170278672372408 0.0964333727423232 0.299996378081718
0.686919904801493 -0.0342550317454548 0.119672382843088 3.1473207073839 -0.0355578311894866 -1.65970674199754 0.170051236171341 0.0929354188185662 0.294229878913455
0.68711329262096 -0.0340177161600328 0.119853859914955 3.14776591076513 -0.0369873568034992 -1.66341063947462 0.169696178792824 0.0878796444499452 0.28843496837838
0.687417943456765 -0.0336953886226544 0.120069762654888 3.14844034817861 -0.0388549981500222 -1.66844317749373 0.169336138234548 0.0811865359182099 0.283979965690988
0.687817099515747 -0.0333031112061214 0.120286206039851 3.14934480758821 -0.0410220783561625 -1.67447529468757 0.169164755669967 0.0731260797847528 0.282438068322772
0.688272772750744 -0.0328730602771246 0.120462991298054 3.15043531235442 -0.0432642163888386 -1.6809184602218 0.169407526879405 0.0643016219667988 0.284983734023666
0.688736734105513 -0.0324450611099456 0.120566537958129 3.15163464543361 -0.0453400319530406 -1.68710160289595 0.170267526074723 0.0554777966971868 0.291880928638509
0.689164455773923 -0.0320551667144624 0.120578677522626 3.15285629368283 -0.0470589003554173 -1.69246144415336 0.171888366493064 0.047368604511673 0.302379448568274
0.689523334756857 -0.0317293212320129 0.120497161850413 3.15402449145296 -0.0483088960037366 -1.69663376117871 0.174344199056248 0.0405219460162745 0.315008246481243
0.689792646016389 -0.0314838978800232 0.120330379664731 3.15508110573656 -0.0490428961400464 -1.6994292307932 0.177633057328377 0.0353403586570978 0.328034234264466
0.689958392421423 -0.031330277037283 0.12009110899837 3.15598141333007 -0.0492453838147175 -1.70075004941719 0.181632738341102 0.0321896577106178 0.339936521349082
0.690007383413407 -0.0312798194028937 0.119792331573 3.15668585041599 -0.0489017186537292 -1.70050832481219 0.185975897191253 0.031529012225877 0.349963730526328
0.689923765189585 -0.0313465234717108 0.119445851637079 3.15715460311408 -0.0479823615815306 -1.69858534793006 0.189807638711156 0.034006215298296 0.358991216890083
0.689690781581833 -0.0315449278746313 0.11906341104788 3.1573513642676 -0.0464508616273428 -1.69486143192722 0.19143349927026 0.0404470360534063 0.37083964922246
0.689300736571844 -0.031880638178699 0.118659560026448 3.15726227433335 -0.0443047740755346 -1.6893447982074 0.188019443581105 0.051626408917871 0.393734301609339
0.688773199607897 -0.0323336845122466 0.118254446185142 3.15692944395017 -0.0416468973890671 -1.68238690673067 0.175787532648074 0.0677373121289342 0.44049386691968
0.688170803733577 -0.0328447700579081 0.117872910842785 3.15647765554659 -0.038742895519746 -1.67484227550658 0.151237841508394 0.0877484217812147 0.525218009109377
0.687590994998058 -0.0333240572355471 0.11753719568059 3.15609367692842 -0.0359821873197873 -1.66792028665849 0.113125463355473 0.109281572497741 0.656344583808487
0.687126354515066 -0.0336882215290862 0.11725730282446 3.15594793982154 -0.0337200331245329 -1.66268282879064 0.0635510517253595 0.129496068916444 0.831134283719339
0.686823774016962 -0.0338971883385939 0.11702812850247 3.15611927228764 -0.032123826304429 -1.65958456770344 0.00684753388300066 0.146391327876055 1.03736529893134
0.686677652725489 -0.0339589603726938 0.116835735657167 3.15658715792961 -0.0311561113663006 -1.65845036736105 -0.0526891044716591 0.159391598484664 1.26046032396303
0.686652624816462 -0.0339078819661282 0.1166657133201 3.15727830779931 -0.0306689736935371 -1.6587850355191 -0.112237657974859 0.168984868288921 1.4892808491517
0.686708530062923 -0.0337816711068507 0.116507563810913 3.15811437493269 -0.0305017439541823 -1.66007518599937 -0.170540642516909 0.176063454358599 1.71757691974724
0.686813217596719 -0.033609980600234 0.116355048740154 3.15903502825925 -0.0305289155820745 -1.66192882889902 -0.227355159405271 0.181480965780723 1.94273985979938
0.686944943747997 -0.0334124536834734 0.116204857069444 3.1600012436486 -0.0306678041703348 -1.66409062461853 -0.282924218986268 0.185892742585549 2.16410354335411
0.687090192088199 -0.033200776384021 0.11605518664871 3.16099031259812 -0.0308695269949452 -1.66640799705003 -0.337686670344151 0.189757688285788 2.3817845728805
0.687240566927916 -0.0329813575872239 0.115904700820302 3.16198921718666 -0.0311074954594571 -1.66879097923638 -0.392212305628575 0.193394079659963 2.59619526479879
0.687390005124895 -0.0327574845440341 0.115751784840025 3.16298802845476 -0.0313680935708922 -1.67117856581086 -0.447320250823118 0.197035314240017 2.80818883348612
0.687532335073764 -0.0325309094287582 0.115593916927672 3.16397215852343 -0.0316434341915543 -1.67351005739148 -0.504382994134288 0.200861299786665 3.01997349978769
0.687658874303279 -0.0323032302819054 0.115427069182094 3.16491092695043 -0.0319242176890537 -1.6756957735547 -0.565847771317985 0.204984450219915 3.23720803167673
0.687756106140874 -0.0320775224696845 0.11524536530989 3.16574042176827 -0.0321902601952542 -1.67758468494206 -0.635918236485294 0.209357888106025 3.47272372667217
0.687804848260577 -0.0318603874188328 0.115041864147465 3.16634490663419 -0.0323981372799512 -1.67894190870174 -0.720934081446559 0.213577627161768 3.75114803022105
0.687784722945784 -0.0316633632858359 0.114811973523246 3.16655883987302 -0.0324732079820327 -1.67948144394074 -0.828173053928082 0.216647050645046 4.10980184496404
0.68768751472527 -0.0315006049591056 0.114559631816913 3.16622902453466 -0.0323258990412741 -1.67901319333566 -0.961654836841319 0.217017398805697 4.58658696525949
0.687532352969811 -0.0313807639488409 0.114300967583539 3.16533467240586 -0.0319043684645468 -1.67765284571225 -1.11677192125363 0.21328990828957 5.19319366597001
0.687362454540098 -0.0312992062854677 0.114057672185856 3.16404848407275 -0.0312427393716636 -1.67585180476072 -1.28036770210151 0.205218506945428 5.89797577363611
0.687219540387917 -0.0312406280969812 0.113844046719953 3.16263561620642 -0.0304416119891251 -1.67413088367483 -1.43852548457435 0.193871822914748 6.64443051232803
0.68712325924003 -0.0311893507012752 0.113661609140872 3.16129791607578 -0.0296012261730685 -1.67280177526851 -1.58375297647623 0.180773124954486 7.38569449808792
0.687072489071718 -0.0311358842249685 0.113503860111871 3.1601182019087 -0.0287806446972021 -1.67192802873691 -1.71533925409477 0.167080610987663 8.09964571808436
0.687056850443782 -0.0310767793252384 0.113362739747093 3.15909644987445 -0.0280001456550071 -1.67143685963617 -1.83596959215816 0.153383000920521 8.78304254555177
0.687065195169515 -0.0310119628974417 0.113231815538542 3.15819975852929 -0.0272590132331611 -1.67122168304356 -1.9489488095286 0.139845018114718 9.4410739227643
0.687088764209437 -0.030942644317723 0.11310677893432 3.15739111869633 -0.0265492339649422 -1.67118903196978 -2.05705423222183 0.126361852091574 10.0808034883347
0.687121356288414 -0.0308703525012501 0.112984920093945 3.15663910311606 -0.0258620248354882 -1.67126811007388 -2.16238225861184 0.112591510095846 10.7086910303604
0.687158416800058 -0.030796791174825 0.112864467900915 3.1559173471312 -0.0251896149755954 -1.6714041532883 -2.26653881904174 0.0978390987892422 11.3304266426497
0.687195739511079 -0.0307242924927989 0.11274405555349 3.15519836135244 -0.0245240523747019 -1.67154484076751 -2.37076707808442 0.0807875155544411 11.9519720699234
0.68722773669901 -0.0306569490862596 0.112622381951032 3.15444140366107 -0.0238526524994007 -1.67162047124499 -2.47554702211858 0.0591321086402543 12.5814901261342
0.687245041068721 -0.030602668143034 0.112498274927522 3.15357149576437 -0.0231473193021629 -1.67151647710262 -2.57868435519371 0.0294849863581007 13.2319711199307
0.687232095829621 -0.0305757395471553 0.112371791985318 3.15245169520257 -0.0223445194225088 -1.67104834697471 -2.67015964518128 -0.0111917241771529 13.9228516999154
0.687169059004746 -0.0305962340877276 0.112247276901869 3.15088113774811 -0.0213248257554667 -1.66999316837773 -2.72347173243425 -0.0601098137006338 14.6740644413743
0.687047346832031 -0.0306769967719477 0.112136992804935 3.14870943016244 -0.0199420460850973 -1.6682846133375 -2.69378731747542 -0.0992293363866395 15.4823465059039
0.686895011071213 -0.030798527589944 0.112057301040943 3.14608351940781 -0.0181600940878506 -1.66630323571907 -2.54628500082178 -0.0956742943625572 16.2937259498418
0.686769676978616 -0.0309095264863929 0.112013729352954 3.14347792326044 -0.0161613387490585 -1.6647499687989 -2.29966715863437 -0.0273744857038404 17.0293964444819
0.686708806748297 -0.0309707218998789 0.111995121176224 3.14129383950765 -0.014200697133938 -1.6640393362428 -2.01345276351372 0.0963610560332377 17.6547638867067
0.686708920224992 -0.0309792674422153 0.111986316288894 3.13959882641574 -0.0124066824936852 -1.66408963253918 -1.73403336273558 0.250699466915654 18.1909617564727
0.686748260206191 -0.0309517580535483 0.111978224390643 3.13826501331557 -0.0107810118631125 -1.66462146596055 -1.47659507770963 0.416734094233691 18.6747475658414
0.686806799905329 -0.0309055594905314 0.111967525616604 3.13714864051261 -0.00928286878500644 -1.66539544606337 -1.2386450359866 0.585668826580871 19.1334406502564
0.686870507197779 -0.0308536355749319 0.111953504513882 3.13614998285199 -0.0078768038531461 -1.66625550023987 -1.01267810651626 0.754958207980732 19.582645353064
0.686928995099052 -0.0308060480359511 0.111936048287551 3.13520953341262 -0.00654407596171506 -1.66709794131066 -0.790717350827678 0.925025777670821 20.0305215457671
0.686972504714985 -0.030772668525999 0.111914823287665 3.13429254154383 -0.00528039512633704 -1.66783664313131 -0.564301704415354 1.09796172003939 20.4808984790888
0.686989975834104 -0.030765313986221 0.111889065014072 3.1333778673627 -0.00408880740258412 -1.66838129263975 -0.32271359623523 1.27750684399117 20.933673599083
0.686969749783155 -0.0307977900527173 0.111857870156425 3.1324535782103 -0.00296486312502451 -1.66863872729978 -0.051075663731387 1.46950201529257 21.3819980928913
0.686906466315057 -0.0308801294083779 0.111821360431576 3.1315199181374 -0.00186661157545702 -1.66856298029281 0.268659420285169 1.68140443984346 21.8064954924643
0.686816776915026 -0.0310030387401438 0.111782879416899 3.13059768468175 -0.000677164387227913 -1.66827428402113 0.647949863664977 1.91831161701189 22.1722663002678
0.686750788353555 -0.0311227821020583 0.111750088762561 3.1297280209782 0.000781806468472806 -1.66814926450673 1.07315747825104 2.17523117894408 22.4434745211308
0.686768157390298 -0.0311786252092486 0.11173091785967 3.12894551455731 0.00262940175532159 -1.66864415233087 1.50189681883764 2.43510387386622 22.6158077746302
0.686890661263574 -0.0311400372574668 0.111727148785734 3.12824767162596 0.0048198176562307 -1.66993319924249 1.89357432412495 2.68100264124203 22.725004672928
0.687095133685705 -0.0310213963212842 0.111734467791294 3.1276036938048 0.00720836664065338 -1.67184812077835 2.23698124618914 2.90775882098659 22.8141842990128
0.687346057348818 -0.0308542493734423 0.111747492572594 3.12698331930572 0.00967392406036262 -1.6741224719997 2.54336767900361 3.11955055535812 22.9073342235695
0.687618037290553 -0.0306637736332526 0.111762655014741 3.12636888943203 0.0121558705554849 -1.67656403692736 2.82833768581421 3.3225532487653 23.0106625071847
0.687897754257924 -0.0304645033951353 0.111778148145276 3.12575225312015 0.0146324410098825 -1.67907180269738 3.1033945567781 3.52134426967232 23.1228139672842
0.68817898049239 -0.0302641522986625 0.11179308430195 3.12512924485096 0.0170955196276192 -1.68159897230803 3.37539514310159 3.71854131238821 23.2411687842836
0.688458332649774 -0.0300676611680511 0.111806874088989 3.12449617292234 0.0195360814677419 -1.6841206650427 3.64819741257274 3.91535732582765 23.363933491609
0.688732781903373 -0.0298799011348866 0.111818894604093 3.1238479552867 0.0219360450625819 -1.6866144549447 3.92407085361757 4.11203788586701 23.4903504122251
0.688998156812672 -0.0297075199921691 0.111828316803068 3.12317694445357 0.024261318437031 -1.68904796470955 4.20443097024126 4.30796311749891 23.6203761665358
0.689247979380711 -0.029560483175768 0.111834009952904 3.122471979749 0.0264533160390311 -1.69136828441929 4.4899730911009 4.50142569152598 23.7542764113247
0.689472408872436 -0.0294534269615839 0.111834518721896 3.12171778601482 0.028418870384671 -1.69349125102653 4.78028591488556 4.68914404498058 23.892177924402
0.689657580076595 -0.029406300011705 0.111828180336196 3.12089546752698 0.0300221801355044 -1.69529286929382 5.07299243639575 4.86566112727666 24.0335019001584
0.689786250562164 -0.0294429479039135 0.111813500648596 3.11998546878473 0.0310881842373585 -1.69661100827692 5.36261272503885 5.0230196559383 24.1762620010878
0.689841130495082 -0.0295858016828475 0.111789869503642 3.11897433023534 0.0314319300370295 -1.69727086876148 5.63978842234548 5.15144627193911 24.3164487873574
0.689811548095821 -0.0298461342559465 0.111758449888499 3.11786447456835 0.0309229880524075 -1.69714345386464 5.89205380356267 5.24180063277426 24.4480686437178
0.689701166706323 -0.0302136891929539 0.111722654987513 3.11668176244268 0.029565825300553 -1.6962209035516 6.10711283885597 5.28951765286084 24.5644558188182
0.68953102626204 -0.030653955715176 0.111687510405612 3.1154728650337 0.0275401274944025 -1.69465760743733 6.27769604179046 5.29781381578982 24.6606723817968
0.689333545043517 -0.0311184484722272 0.111657941447181 3.11429034097741 0.0251522877205535 -1.69273018487796 6.40479638058718 5.2772992556609 24.7355409828323
0.689140631392753 -0.0315622760195606 0.111637084926926 3.11317469987426 0.0227212589247439 -1.69073449783742 6.49669950430235 5.24178103328285 24.7917785622953
0.688974263100382 -0.0319568221360806 0.111625723686773 3.11214559843907 0.0204795983845432 -1.68889313056181 6.56483398962784 5.20335302372234 24.8343252258803
0.688844345904291 -0.0322915637208914 0.111622859277989 3.11120496568922 0.0185426114978508 -1.68732403949886 6.61969007542339 5.16978395317961 24.8683266575794
0.688752105154238 -0.0325684735395882 0.111626672558703 3.11034602746485 0.016933837851461 -1.68606193776863 6.66881369578785 5.14457515457614 24.8979275777369
0.68869500834287 -0.032795063355409 0.111635258625193 3.10956192662884 0.0156284791182976 -1.68509793117639 6.71670814960923 5.12833430525268 24.9260111868211
0.688670848715955 -0.0329793903382417 0.111646978036715 3.10885168449717 0.0145893292347081 -1.68441364597766 6.76560901315407 5.12021201321941 24.9544794018757
0.688680640833815 -0.033127472477622 0.111660526072776 3.10822415096594 0.0137890357464295 -1.68400354607413 6.81634541544887 5.11888779785254 24.9846962516503
0.688730885201829 -0.0332424319661566 0.111674857295932 3.10770126467208 0.0132219477625788 -1.68388789256774 6.86896382082776 5.1230895706782 25.0179156451786
0.688835759998295 -0.0333247507251492 0.11168905349862 3.10732132061531 0.0129098233363841 -1.68411959770097 6.92306642251952 5.13178700674757 25.0556519878595
0.689019268660351 -0.0333734832810027 0.111702178036409 3.10714156870963 0.0129029189641496 -1.68478503967983 6.97791074074121 5.14418410017639 25.09998830177
0.689316319478041 -0.0333887083452239 0.111713146530664 3.10723720316852 0.0132738101781695 -1.68599384109209 7.03233495432127 5.15958150994262 25.1537668996526
0.689770061035684 -0.0333755831647974 0.111720666871862 3.10769075048724 0.0140970280453039 -1.68784754302068 7.08459988626878 5.177148034821 25.2204880647347
0.690421365192112 -0.0333495243296891 0.111723346170101 3.10856443887287 0.0154071434105575 -1.69037805338452 7.13232009854663 5.19566766544061 25.3036199003293
0.691288242067016 -0.0333397811244647 0.111720064703603 3.10985514321728 0.0171399497458723 -1.69346593452326 7.17275601767762 5.21342195783865 25.4051264476533
0.692342197798344 -0.0333863372958692 0.111710558442119 3.11145286687834 0.0190901386894177 -1.69678975864397 7.20365639835201 5.22843459905218 25.5236688480531
0.693500786825143 -0.0335272638966819 0.111695835949821 3.11314444981275 0.0209386164409828 -1.69988055309672 7.22435890559249 5.23913008746961 25.6538699877113
0.694651839716603 -0.0337826111002416 0.111677961087448 3.11468395073102 0.0223628645942584 -1.70229020225176 7.23631041049154 5.24501827103855 25.7878776562026
0.695697030526244 -0.0341472198991752 0.111659228006764 3.11588786727612 0.0231594963084843 -1.70376291561276 7.24244383029736 5.24683235860882 25.918486248406
0.696582569128658 -0.0345974193298556 0.111641347009304 3.11668525576243 0.0232895338903179 -1.70428510303084 7.2458986747752 5.24602482878312 26.0414984464392
0.697300738160778 -0.0351040587367099 0.111625155264284 3.1171018603695 0.0228363033033534 -1.70401129907927 7.24905222123982 5.2440859901956 26.1560131605751
0.697872950587432 -0.0356422887676291 0.111610806225613 3.11721283495376 0.0219333082056694 -1.70315531675436 7.25326924178966 5.24212081253773 26.263295200182
0.698331576949618 -0.036195122952719 0.111598112535813 3.11710194103723 0.0207110649035051 -1.70191523983588 7.25913212619618 5.24074956221476 26.3654620228095
0.698708708499369 -0.0367528588471026 0.111586818222688 3.1168401514708 0.0192739266105616 -1.7004437281886 7.26678868431649 5.2401854751699 26.4646205896455
0.69903169258866 -0.0373110628134169 0.111576748068755 3.11647947327393 0.0176970937833861 -1.69884685499579 7.27622685368457 5.24035273557806 26.5624794928224
0.699322629431694 -0.0378685939586708 0.111567863692385 3.11605444960854 0.0160323701677049 -1.69719433571477 7.28744085731679 5.24098503418248 26.6602499892666
0.699599486075384 -0.0384260767792505 0.111560263980557 3.11558630981673 0.0143159928088191 -1.69553183967271 7.30051455146645 5.24169877978159 26.7586727507847
0.699877513113732 -0.0389847349097079 0.111554151127737 3.11508755082983 0.0125759097005273 -1.69389214556354 7.31565243990866 5.24205733132947 26.8580819283228
0.7001703435153 -0.03954536838367 0.111549768011199 3.11456637189554 0.0108378931347375 -1.69230477312156 7.33317597428821 5.24164740712086 26.9584745198454
0.700490475970549 -0.0401072979409405 0.11154730555968 3.11403100502049 0.00913046676124921 -1.69080444321761 7.35348983008299 5.24018460000994 27.0595831114339
0.700848977365198 -0.0406672330779231 0.111546782324173 3.11349394293845 0.00748846692992595 -1.68943823641479 7.37701551540216 5.23765212257858 27.1609603029042
0.701254355645215 -0.0412182267741305 0.111547913494645 3.11297559963463 0.00595460533303188 -1.68827019900802 7.40409036210187 5.23445306576774 27.2620779395083
0.701710775792516 -0.0417491194468324 0.111550009938731 3.11250628455161 0.00457804264460862 -1.68738096676524 7.43484013000019 5.23152388178443 27.3624264835606
0.702216136296766 -0.0422450253389263 0.111551967109654 3.11212496084353 0.00340916997490024 -1.68685967735301 7.46905120678469 5.23033038795349 27.4615774351637
0.702760847842227 -0.0426892844262057 0.111552397588849 3.11187368566528 0.00249086725352578 -1.68678710437902 7.50608483650009 5.23267484383611 27.5591624016247
0.703328180085116 -0.043066776490378 0.111549913348631 3.11178822519234 0.00184827409169546 -1.68721280715093 7.54487648510676 5.24030544644923 27.6547464920926
0.703896558542464 -0.0433677405324022 0.11154348655195 3.11188754863907 0.00148059375587072 -1.68813347672922 7.5840388329864 5.25442301713586 27.7476324967206
0.704443342662628 -0.0435907354447296 0.111532757586824 3.11216628585223 0.00135840494474791 -1.68948142220762 7.6220452892032 5.27526204972593 27.8366921782659
0.704948899451055 -0.0437435547130327 0.111518165290944 3.11259350153661 0.00142798519781711 -1.69112914986965 7.65743720892179 5.30191761652323 27.920331772756
0.705399677100225 -0.043841743436609 0.111500851294944 3.11311847284097 0.00162129629070289 -1.69290945229993 7.68899352133783 5.33248716036212 27.9966405370463
0.705789509584244 -0.0439053482925476 0.111482389003524 3.11368119757109 0.00186823429616522 -1.69464422621526 7.71582556690399 5.36446080605803 28.0636792149689
0.706119151068999 -0.0439550961378244 0.111464448271118 3.1142238272905 0.00210747867353857 -1.69617277004549 7.73739348575088 5.39520695980509 28.1198008023685
0.70639460626287 -0.0440091438002046 0.111448505328995 3.11469963666559 0.00229351309202748 -1.69737214624626 7.75346463274997 5.42239763220435 28.1638942535368
0.706625001416485 -0.0440810639321192 0.111435662239783 3.11507779572185 0.00239915942528816 -1.69816642003699 7.76404271090049 5.4442784709507 28.1954910785612
0.706820604839912 -0.0441791701503029 0.111426585974195 3.11534398860146 0.0024143841693133 -1.69852570156105 7.76929251579902 5.45976484847418 28.214736798265
0.706991335970522 -0.0443068893482383 0.111421539696165 3.11549806025886 0.00234281460533766 -1.69845834992034 7.76947622214269 5.46840063493941 28.2222712870268
0.707145849436611 -0.044463737181727 0.111420465323579 3.11555019871331 0.00219740467628368 -1.69800019543662 7.76490810598737 5.47023810060258 28.2190735457134
0.707291117629248 -0.0446464912641812 0.111423081002583 3.11551690887908 0.00199630431300676 -1.69720382685225 7.75592791046399 5.46569257094878 28.2063152171914
0.707432367527084 -0.044850286273935 0.111428969752616 3.11541755086838 0.00175950276637208 -1.69612971133234 7.74288925351325 5.45540788372884 28.1852471970588
0.707573226522706 -0.0450694932491436 0.111437648313563 3.11527176054717 0.00150642029593434 -1.69483977390167 7.72615807607887 5.44014999928779 28.1571257846369
0.707715963669329 -0.0452983486757569 0.1114486143522 3.11509775954811 0.00125437696185948 -1.69339331661593 7.70611632628635 5.42073230139485 28.1231735821165
0.707861751888464 -0.0455313582163965 0.111461375084873 3.11491140417202 0.00101775709974513 -1.6918448051988 7.68316709882691 5.39796843335296 28.0845657248564
0.708010909965537 -0.045763523839299 0.11147546205364 3.11472577574913 0.000807667725073021 -1.69024297534018 7.65773873823584 5.37264567321469 28.0424319056371
0.708163106395113 -0.0459904453460793 0.111490436592415 3.11455112977331 0.000631914153354065 -1.68863078324566 7.63028663650842 5.34551194457193 27.9978667676529
0.708317521066509 -0.0462083394586992 0.111505889506399 3.11439506026228 0.00049515575923188 -1.68704584981721 7.60129244689816 5.31727097783918 27.9519439460777
0.708472967985173 -0.0464140092181321 0.111521437324457 3.11426277770796 0.000399142547109063 -1.68552116988201 7.57126113541159 5.28858184594897 27.9057314141567
0.708627985399327 -0.0466047873778075 0.111536716502375 3.11415743405649 0.000342962834915316 -1.68408595254837 7.54071668702244 5.26006055735334 27.8603074315456
0.708780900974927 -0.0467784712577722 0.111551376281607 3.11408045398251 0.000323253508870146 -1.68276651942479 7.51019738191701 5.23228238330583 27.8167771816445
0.70892988048774 -0.0469332633521587 0.111565070566679 3.11403184931669 0.000334339406749638 -1.68158721588133 7.48025137133185 5.20578409017989 27.7762901234904
0.709072969757276 -0.0470677314109501 0.11157744915987 3.11401050503403 0.000368280905212194 -1.68057129122535 7.4514328280056 5.18106529101457 27.7400572023279
0.709208141658125 -0.0471808029905731 0.111588148964777 3.11401443292876 0.000414822553614796 -1.67974168106784 7.42429824169138 5.15858781184839 27.7093653839577
0.709333363020529 -0.0472718115418222 0.111596786326298 3.11404099477666 0.000461254603526058 -1.67912158329888 7.39940150726196 5.13877140350614 27.6855845356213
0.709446699574531 -0.0473406124523114 0.111602952490062 3.11408710164255 0.000492227476388103 -1.67873466306187 7.37728538114759 5.12198348013335 27.6701586002959
0.709546479543549 -0.0473877857551252 0.111606215165969 3.11414940062703 0.000489599676070649 -1.67860466159847 7.35846581771985 5.10852008294189 27.664569699945
0.709631535696475 -0.0474149340641826 0.111606130169468 3.1142244646157 0.000432452459576097 -1.67875413860657 7.34340496074288 5.09857534707985 27.6702611948189
0.709701537964096 -0.0474250654693377 0.111602267664745 3.114309003386 0.00029746268658245 -1.67920208379079 7.33246872124833 5.09219796141627 27.6885056101946
0.709757409637091 -0.0474230179814513 0.111594256914164 3.11440011347867 5.98688016617732e-05 -1.6799602448264 7.3258667457509 5.08923611977173 27.7202084839053
0.709801786403038 -0.0474158350634463 0.111581850675174 3.11449557634865 -0.000304743261232313 -1.68102829694173 7.32357704777697 5.08927770871476 27.7656527799927
0.709839431172289 -0.0474129507020692 0.111565004669494 3.11459419659615 -0.000817717505140982 -1.68238845393049 7.32526498167143 5.09159953100771 27.8242123153257
0.709877471859588 -0.0474260114807235 0.111543959111444 3.11469614478401 -0.001493803822239 -1.68400072482587 7.33021537382912 5.09514610050101 27.894093613246
0.709925310620505 -0.0474681879425565 0.111519300496335 3.11480323950301 -0.00233734507189607 -1.68580052629223 7.33730382535541 5.09856082429943 27.972192468107
0.709994093743564 -0.0475529377637888 0.11149197757727 3.11491908621948 -0.00333906925012986 -1.68770039425901 7.34503274073653 5.10028536669614 28.0541553250198
0.710095746852121 -0.0476923707628324 0.111463251233151 3.11504900418669 -0.00447454366477242 -1.68959676390429 7.35164471763878 5.09872462671156 28.1346987199194
0.710241741941496 -0.0478955615295632 0.111434575727166 3.11519972492834 -0.00570508042300399 -1.69138122720111 7.35530154403173 5.09244981911885 28.2081624363225
0.710441895267939 -0.0481672495048668 0.111407433163355 3.11537892031679 -0.0069811689418907 -1.69295391957685 7.35429080043403 5.08039245404496 28.2691824183877
0.71070351509456 -0.0485072791688584 0.111383161823186 3.11559467715608 -0.00824763740895203 -1.69423566421486 7.34720829607471 5.06198000486163 28.3133150602652
0.71103109856983 -0.0489108875606715 0.111362821596054 3.11585504194531 -0.0094491644463466 -1.69517585987313 7.33307247117794 5.03718315520686 28.337459375631
0.711426575017334 -0.049369666462547 0.111347124365848 3.11616770648593 -0.010534781693565 -1.69575466738321 7.31135285471225 5.00647517165774 28.3400011783123
0.711889911399887 -0.049872851031185 0.111336433025657 3.11653981924555 -0.0114605700129525 -1.69597995616824 7.28192461559236 4.97073017747685 28.3207005929272
0.712419810231784 -0.0504085760639626 0.111330812285269 3.11697782953878 -0.0121905114661581 -1.69588078810734 7.24498106627152 4.93109771920165 28.2804135844815
0.713014249099591 -0.0509648573043142 0.111330105175514 3.11748722931578 -0.012696055653696 -1.69549954581427 7.20094013436607 4.88888547724922 28.2207581394013
0.713670692284034 -0.0515302128258844 0.111334010938345 3.11807205613651 -0.0129552235853018 -1.69488436034842 7.1503728258888 4.84546748499505 28.1438148693548
0.714385899962278 -0.0520939685009509 0.11134214790407 3.11873405376731 -0.0129520382718234 -1.6940827366276 7.09396871522013 4.80222009761762 28.05191294247
0.715155343532325 -0.0526463638492854 0.111354093867773 3.11947144883625 -0.0126768589840265 -1.69313661797247 7.03254102215058 4.76047721769223 27.9475148531054
0.71597230774621 -0.0531785949361775 0.111369403523091 3.12027739667018 -0.0121279027355908 -1.69207876449603 6.9670638941109 4.72149128335825 27.8331864788247
0.716826835191444 -0.0536829153880944 0.111387607140866 3.12113828325939 -0.0113138970270217 -1.69093025216537 6.89872668847606 4.68638668202713 27.7116224154664
0.717704753925883 -0.0541528771327559 0.11140819751997 3.12203223726597 -0.0102574212870245 -1.68969904301091 6.82898357912279 4.65609673648578 27.5856878476165
0.718587110907868 -0.0545837343580319 0.111430613936513 3.12292836857051 -0.00899808238918963 -1.68837980725405 6.75957229885781 4.63128360687775 27.4584355709106
0.719450370068074 -0.0549729618871201 0.111454232372283 3.12378732831458 -0.00759433191502209 -1.68695535555148 6.69247588963528 4.61225126573551 27.3330615502105
0.72026766490391 -0.0553207659158092 0.111478370008759 3.12456367531298 -0.0061226587810665 -1.68540003012575 6.62980958654789 4.5988724071203 27.2127775372498
0.721011180516737 -0.0556304177006571 0.11150230802771 3.12521016634632 -0.0046732835075336 -1.6836851282755 6.57363321292471 4.59055602710926 27.1006055865276
0.721655407326469 -0.055908251726739 0.111525330312238 3.12568351548597 -0.00334239305401245 -1.68178593875224 6.52571424233595 4.58627842462159 26.9991311900865
0.722180681033302 -0.0561632549232291 0.11154676857847 3.1259506054787 -0.00222213712166753 -1.67968946851304 6.48728817831893 4.5846848032531 26.9102763918809
0.722576272874915 -0.0564063095292234 0.111566039996227 3.12599388061986 -0.0013905289941434 -1.67740170911537 6.45886915157041 4.58424623594427 26.835157403717
0.722842430793679 -0.0566492780399242 0.111582664187284 3.12581489321791 -0.000903534088422937 -1.67495350866488 6.44014876168302 4.58343766923969 26.7740672813607
0.722991146250282 -0.0569041678790083 0.111596252868012 3.12543562501282 -0.00079084625974627 -1.67240466639244 6.42999132921906 4.58089662518988 26.7265821384824
0.723045834355152 -0.0571825567991986 0.111606474832244 3.12489791408174 -0.00105552305187294 -1.66984637664552 6.42650454288378 4.57553200666199 26.691748237184
0.723040338253705 -0.0574953211525655 0.111613008040127 3.12426169179282 -0.00167642983494795 -1.66740217718675 6.42715162262569 4.56657206381278 26.6682839894879
0.723017573252146 -0.0578525430579744 0.111615497209334 3.12360255347665 -0.00261185134017801 -1.66522683395591 6.42888141583298 4.55356032769172 26.6547309707243
0.723027731878316 -0.0582633330918438 0.111613539255072 3.12300849138496 -0.00380282837882519 -1.66350117115264 6.4282822116358 4.53632062185717 26.6495066752014
0.723125430412419 -0.0587352362218738 0.111606719962425 3.1225746829782 -0.00517562256349144 -1.66241922223103 6.42180092975786 4.51491467672609 26.6508420919618
0.723364772096102 -0.0592729431601137 0.111594720330847 3.12239455358927 -0.00664390965386668 -1.66216337232612 6.40609185662306 4.48960969933834 26.656627056607
0.723791465575353 -0.0598762819656927 0.111577493154553 3.1225456839876 -0.00811243584713106 -1.66286527539065 6.37854063310346 4.46086101598266 26.6642357906414
0.724432344186436 -0.0605379577086798 0.111555473565195 3.12307132650085 -0.00948427696079775 -1.66455710812181 6.33792308474411 4.42929986136985 26.6704532964884
0.725284908450037 -0.0612420988390918 0.111529739333948 3.12396231740244 -0.0106726821542096 -1.66712840433734 6.28501164017033 4.39570457148757 26.6716349999066
0.72631169587864 -0.0619649083318664 0.111502011513923 3.12514790621999 -0.0116155072225587 -1.67031182687285 6.22281854347823 4.36093431087635 26.6641589110913
0.727444084198475 -0.0626780752016297 0.111474428695058 3.12650343964503 -0.0122869256066187 -1.67371630876418 6.15620968385879 4.32582419812169 26.645066976938
0.728596183528264 -0.0633541299815214 0.111449142591247 3.12787566545007 -0.0127004552177548 -1.67690416733127 6.09090225065483 4.29107034922328 26.612635432267
0.72968383392828 -0.0639716351436481 0.111427894373043 3.12911650086537 -0.0129010549470054 -1.67948300706082 6.03221416004519 4.25714903658006 26.5666069759283
0.730640928371557 -0.0645181412088708 0.111411743538955 3.13011145741653 -0.0129497835520602 -1.68117492500103 5.98407149420157 4.2242994237573 26.5079956816983
0.731427613166318 -0.0649902011094544 0.111401022901313 3.13079334170659 -0.0129077063421093 -1.68184163503094 5.94858741454291 4.19256566351691 26.4385988892497
0.732029949878301 -0.0653912384710161 0.111395471880904 3.13114084095027 -0.0128244127868025 -1.6814694259732 5.92618950227533 4.16186897605744 26.3604496824336
0.732454308742187 -0.0657286852979229 0.111394441859778 3.13116799520315 -0.0127327859320293 -1.68013323060126 5.91605253590515 4.13207793676933 26.2753880672308
0.73272044959009 -0.0660115180522274 0.111397082146548 3.13091158430359 -0.0126486691594472 -1.67795928863849 5.91657497768962 4.10305820828968 26.1848111947577
0.732855973087337 -0.0662487109532097 0.111402461133961 3.13042108241018 -0.012573084488616 -1.67509794975523 5.92573549145182 4.07469700081553 26.0895756337794
0.732893235832753 -0.0664486659910535 0.111409616228259 3.12975298800217 -0.0124951369693504 -1.67171022805056 5.94127192707491 4.04690488598148 25.9899958816654
0.732868754589582 -0.0666194930817663 0.111417546427774 3.12896947413347 -0.0123947331686742 -1.66796715225608 5.96069081364729 4.01959831897788 25.8858962435231
0.732824569016265 -0.0667700023713005 0.111425169540631 3.128140387228 -0.0122451946866283 -1.66405909619032 5.98114678324838 3.99266381247429 25.7767043068047
0.732810596975507 -0.0669112725734749 0.111431273195283 3.12734697248562 -0.0120166223695304 -1.66021092837844 5.99925718664542 3.96590316218228 25.6616088556707
0.73288629485398 -0.0670585094314156 0.111434502994886 3.12668463197016 -0.0116813935948088 -1.65669582960215 6.01096548265504 3.93896297281296 25.539831797866
0.733118837667094 -0.0672324746853923 0.111433450278317 3.12626035607616 -0.0112230573829842 -1.6538351375128 6.01164411396736 3.91126604954218 25.4110593176266
0.733574347102778 -0.0674591155569602 0.111426902911181 3.12617941111306 -0.0106482309411551 -1.65196661678791 5.99667985254851 3.88198781449103 25.2759995726421
0.734300533838052 -0.0677657684850588 0.11141425837989 3.12651868444697 -0.00999723695096522 -1.65136895946861 5.96266510309566 3.85014124730759 25.1368566590316
0.735305463027468 -0.0681736225138496 0.111395943842621 3.12729387874136 -0.00934503551215585 -1.65215771178667 5.90888419372081 3.81480706062188 24.9973287462233
0.736545097987616 -0.0686893529677674 0.111373542269558 3.12844008558215 -0.00878534622134455 -1.65420846498911 5.83822396814727 3.77544276629145 24.8618243749101
0.737931990914118 -0.0693013495132974 0.111349409544817 3.12982495945502 -0.00840174560748223 -1.657172202557 5.75663297948662 3.73209263653303 24.7341111463495
0.739363498096075 -0.0699838140409273 0.111325932063371 3.13129217384309 -0.00824184055701126 -1.6605902549136 5.6712056154425 3.6853471863802 24.6161626219735
0.740752568130988 -0.0707061305735454 0.111304866409122 3.13270906398676 -0.00830946851110466 -1.66403929918824 5.58804438448188 3.63608434238095 24.5078733782398
0.742044565054801 -0.0714415724834104 0.11128708823021 3.13399282494901 -0.00857536020272128 -1.66722492997524 5.51105824752869 3.58517279303948 24.4076192619656
0.743217073861352 -0.0721715635659843 0.111272728610844 3.13511039881245 -0.00899516100343732 -1.66999800816852 5.44193658200518 3.53328874009778 24.3131241071184
0.744270191403862 -0.0728857033500885 0.111261473696784 3.13606355551356 -0.00952428694337956 -1.67232082167521 5.38079731833042 3.48087299758169 24.2221499963397
0.745215637283369 -0.0735796979068732 0.111252836707289 3.1368720436998 -0.0101258624438579 -1.67422072055491 5.32693381413148 3.42817462617323 24.1328540009462
0.746068878383431 -0.074253028366946 0.11124632931508 3.13756132981501 -0.0107729927295107 -1.67575319712049 5.27936359826642 3.37532076585361 24.0438825187648
0.746844847854414 -0.0749071944102299 0.111241540045745 3.13815585969537 -0.0114479734251453 -1.67697978856723 5.23713214216995 3.32237843461822 23.9543291003855
0.74755629752396 -0.0755446589371506 0.111238153003191 3.13867638003661 -0.0121404241237804 -1.67795795289159 5.199434261633 3.26939769217785 23.8636479708147
0.748213649312533 -0.0761683267313816 0.111235936535223 3.13913957807988 -0.0128453763821016 -1.67873829233248 5.16563009402373 3.2164374487285 23.7715691167626
0.74882552008695 -0.0767813403074028 0.111234720329165 3.13955877085859 -0.0135616737370803 -1.67936538607326 5.13521249624405 3.16357867797309 23.6780293496676
0.749399429530264 -0.0773870115226288 0.111234370022886 3.13994489403993 -0.0142906863772389 -1.67987982402201 5.10776005357474 3.1109296688352 23.5831177831221
0.749942428446297 -0.0779887474786837 0.111234762376076 3.14030739591768 -0.0150351785364175 -1.68032002746296 5.08289435501152 3.0586271995065 23.487027636844
0.750461505288869 -0.0785898446753882 0.111235760518228 3.14065483218706 -0.0157980784162702 -1.6807229980449 5.06025206572737 3.00683759085319 23.3900044861169
0.750963672694125 -0.0791930097289069 0.111237186735705 3.14099502804553 -0.01658082188911 -1.68112335430365 5.03947957142405 2.95576319764112 23.2922820199031
0.751455631756824 -0.0797994224770577 0.111238789232227 3.14133466824212 -0.0173808515982364 -1.68155002301458 5.02025855587026 2.90566329389133 23.1940003275829
0.751942883982607 -0.080407108640707 0.111240199781457 3.1416781294889 -0.018187788607243 -1.68201989641079 5.00237281100093 2.85690296693173 23.0951107360474
0.752428145213329 -0.081008395662769 0.111240882996894 3.1420253384095 -0.0189778925838994 -1.68252789238066 4.98582669229122 2.81004695349213 22.9952885457988
0.752908991216454 -0.0815864319856892 0.111240088460267 3.14236854270021 -0.0197070055724099 -1.68303366783953 4.97101733945243 2.76601032216826 22.8939035016911
0.753374988242279 -0.0821114166316888 0.111236837831331 3.14268836029774 -0.0203037547642659 -1.68344761154413 4.95893409833084 2.72625077246447 22.7901338329003
0.753805336205167 -0.0825385654318077 0.111230007765565 3.1429506192841 -0.0206677541172336 -1.6836235076168 4.95129638686723 2.69292144502815 22.6833283329245
0.754169232957497 -0.0828116086846949 0.111218582347897 3.14310723927543 -0.0206808501468375 -1.6833712106414 4.95045586439614 2.66880449068127 22.5736583627722
0.754431791420432 -0.0828758334181349 0.111202090527253 3.14310528203035 -0.0202386306250594 -1.6825030142366 4.95886323260799 2.65679796746272 22.4628796367992
0.75456628656909 -0.0826999825769511 0.111181072832194 3.14290518406747 -0.0192977976771581 -1.68091056575227 4.97809256356606 2.65890734410165 22.3546959401348
0.754567892185651 -0.0822966442102028 0.111157240059987 3.14250086268364 -0.0179146103512768 -1.67863548176833 5.00785624504494 2.67515913564046 22.2541476745173
0.754459524734652 -0.0817254932723039 0.111133067635525 3.14192783387425 -0.0162422017647459 -1.67587930477296 5.04573062453361 2.70320863532704 22.1660402788146
0.754284364609805 -0.0810739129779486 0.111110993817397 3.14125158372459 -0.0144808134444938 -1.67293481727213 5.08791274665223 2.73905357123631 22.0933144407217
0.754090186010634 -0.0804277551968615 0.111092731505919 3.14054410655186 -0.0128134078124854 -1.67008408011648 5.13050087313983 2.77838599356262 22.036382873093
0.753915943347384 -0.0798505340449746 0.111079052041646 3.13986415504942 -0.0113655372085143 -1.66752665592409 5.17047266463242 2.81770690806843 21.9936047778535
0.753786424515443 -0.0793783795573108 0.111069987339518 3.13924965652741 -0.0102009986424943 -1.66536247214979 5.20597724968955 2.85474425519743 21.9622748478944
0.753713757576317 -0.0790261244626622 0.11106518602669 3.13872033986803 -0.00933990242559551 -1.66361233552986 5.23610167984549 2.8883003571249 21.9394713269678
0.753701862949686 -0.0787969239290233 0.111064222475677 3.13828474118438 -0.00878197588917503 -1.66224936751951 5.26043598302644 2.91786497922709 21.9225050172612
0.753751024228445 -0.0786908025483432 0.111066794855587 3.13794743902599 -0.00852590116560873 -1.66122559078969 5.27864313267996 2.94323057386729 21.9090193881371
0.753861585366616 -0.0787108377298668 0.111072825372999 3.13771507696815 -0.00858274071080911 -1.66049008723114 5.29009019912743 2.96419390356538 21.8968812635632
0.754036855387841 -0.0788671122896594 0.111082482279169 3.13760119217114 -0.00898394817508925 -1.66000155440069 5.29352688567243 2.98034628872498 21.883979807472
0.754285480185263 -0.0791782080680349 0.11109610688261 3.13762980775624 -0.00978272304351778 -1.6597399582114 5.28682135324707 2.99095045692314 21.8680315886502
0.754622928746115 -0.0796683342047619 0.111113972882483 3.13783621996928 -0.0110426748204502 -1.65972106923802 5.26689051302392 2.99495800463537 21.8465313730011
0.755070306601051 -0.0803560528265494 0.111135775143711 3.13826057725875 -0.0128025382817825 -1.660012793325 5.23019519663068 2.99131347030628 21.8170950318499
0.755647157040014 -0.0812314093694156 0.111159872316223 3.13892811509469 -0.015010241314159 -1.66074025797055 5.17432568488575 2.97971212624389 21.7784716603763
0.756356634213345 -0.0822291346530552 0.111182756477534 3.13981705691092 -0.0174529278689312 -1.6620527398087 5.10064306247719 2.96166059690568 21.7320613639673
0.757170763586242 -0.0832252363097879 0.111199691182857 3.14083675307196 -0.019762720821739 -1.66403904490108 5.01617120576302 2.94094705280881 21.6826865131955
0.758032783389972 -0.0840813840785789 0.111206799011215 3.14185035526363 -0.0215581132929642 -1.66664157183747 4.93188103810029 2.92245311260163 21.6370030590536
0.758881302167637 -0.0847107527323974 0.111203014785018 3.14273726482212 -0.0226302799224434 -1.66965697160594 4.85761251909824 2.9098415669232 21.6001620799034
0.759674918783067 -0.0851049815244531 0.111190061746076 3.14343942694932 -0.0230028435690758 -1.67282648654645 4.79816165710557 2.90420562540216 21.5736959540156
0.76039705670473 -0.0853082495411443 0.111170871010146 3.14395711425165 -0.0228425607415217 -1.67592253003918 4.75346710181416 2.90457270541401 21.5560670577261
0.761045332186043 -0.085377158007268 0.111148145885026 3.14431695864536 -0.0223414108305973 -1.67877196694951 4.72114942591178 2.90917671958927 21.544431486408
0.761619603367502 -0.0853571049515381 0.111123827687171 3.1445452583258 -0.0216535144791479 -1.68123512156306 4.69869994001767 2.9163527573463 21.5359505832823
0.762115407959912 -0.0852769194421276 0.11109918403768 3.14465665777722 -0.0208849481709651 -1.68317845831609 4.68444646999563 2.92483615508409 21.5282798982169
0.762522417773859 -0.0851525196127732 0.111075084451903 3.14465359099001 -0.0201068075284018 -1.68446008869682 4.67764985586576 2.93371830781174 21.519574294854
0.762825992421146 -0.0849928431275256 0.111052242021655 3.14453071457901 -0.0193716325793768 -1.68493238151556 4.6782076496569 2.94229642515786 21.5083558411149
0.763010753178536 -0.0848054172806739 0.11103136227768 3.14428144030651 -0.0187257328247252 -1.68446174879417 4.68621577791626 2.9499328142753 21.4934235451345
0.763065824024463 -0.0846009307174722 0.111013196608061 3.14390555801525 -0.0182157574649632 -1.68296467793032 4.70147907231509 2.95596598759871 21.4738679734579
0.762991262482424 -0.0843964827204989 0.110998505045442 3.14341708986725 -0.0178893874695052 -1.68045533603035 4.7230284352636 2.95969032191809 21.4491917677702
0.762804267183856 -0.0842168330772141 0.110987937673388 3.14285051507126 -0.0177904787892681 -1.67709187245787 4.7487510479083 2.96041127780701 21.4194892946065
0.762542576318166 -0.0840927919109486 0.110981865353549 3.1422624178117 -0.0179501132517483 -1.67319945686626 4.77529842137642 2.95756598512653 21.3855915436222
0.762262231558159 -0.0840564978328498 0.11098022371807 3.14172591436435 -0.0183769717194796 -1.66924717225953 4.79841586960683 2.95086882215912 21.3490604804652
0.762028686310789 -0.0841347749664152 0.110982450322623 3.1413178937668 -0.0190517997190198 -1.66577162082195 4.81368013362011 2.94041561919521 21.311960787653
0.761903677817746 -0.0843431129212941 0.110987562547587 3.1411031004604 -0.0199295423507998 -1.66326836107119 4.81740333866382 2.92668730050533 21.2764483128032
0.761932922429499 -0.0846827613310312 0.110994349546636 3.14112129474517 -0.0209488211309169 -1.66209280793319 4.80734021764489 2.91044295888592 21.2443226056471
0.762139136770299 -0.085141684604227 0.111001586965623 3.14138188087439 -0.0220444097557671 -1.66240610347146 4.78294767019107 2.89255207442927 21.2167043428037
0.762521479488358 -0.0856979466826263 0.111008176092357 3.14186577310328 -0.0231572043407315 -1.66417269796471 4.74521243554419 2.87384148927041 21.1939035495847
0.763058977902399 -0.0863229959223491 0.111013154586216 3.14253038565574 -0.0242381267876912 -1.66718775703622 4.6962824969017 2.85501365367815 21.175419247614
0.763714038092575 -0.0869826207694206 0.111015582285934 3.14331262713091 -0.0252452278974825 -1.67110148679889 4.63919552068064 2.83665550424473 21.1599383722976
0.764432865054509 -0.087634428980973 0.111014348547476 3.14412635407103 -0.0261351030192757 -1.67541479228596 4.57792524409291 2.81933110118938 21.1452074433021
0.765141921990079 -0.0882223496478332 0.111007998311121 3.14485435966203 -0.026850981858782 -1.67944218670713 4.51781778075338 2.80373708182035 21.1277391987374
0.765744041625713 -0.0886719784218957 0.110994780745002 3.1453422569728 -0.0273130324964473 -1.68228065488467 4.4661920318653 2.79086760948643 21.1025469478977
0.766125881440547 -0.0888969820521561 0.110973273895527 3.1454146679009 -0.0274240130753864 -1.68289878386796 4.4322491873319 2.78204208703811 21.0635567694906
0.766195170649701 -0.0888316719712255 0.110943839513197 3.14494305641642 -0.0271097638135604 -1.68051502719171 4.42470544948839 2.7785300315273 21.0057468337625
0.765948849700422 -0.0884886402493972 0.110910210507095 3.14396030606352 -0.0263936457668872 -1.67524746696392 4.44646354814241 2.78065868969289 20.9290888276757
0.765516980805464 -0.0879924255253025 0.110879140828836 3.14272198514371 -0.0254420085507023 -1.66847918316503 4.48999885407537 2.78702675777438 20.8411404264837
0.765108981821689 -0.0875286087040894 0.110857140037988 3.14159742662097 -0.0245009423657614 -1.66226763713538 4.53986094841947 2.79491674894566 20.7540388177079
0.764895443819787 -0.0872419581716449 0.110847140358 3.14086565227383 -0.0237652039665256 -1.65819546099693 4.58144238353175 2.80177688411336 20.6777413797065
0.764942263742017 -0.0871839193407456 0.110848248820981 3.14061652891603 -0.0233088342080222 -1.65679189340668 4.6072131416916 2.80628592412863 20.6162139158262
0.765230786736942 -0.0873337848153281 0.110857735768936 3.1407988051253 -0.0231110803196416 -1.65778233761117 4.61638220566695 2.80830959776678 20.5685586454576
0.765706908561007 -0.0876421630075204 0.110872830625222 3.14130891852042 -0.0231123655200275 -1.66057911522842 4.61152157455478 2.80834396277743 20.5318394547546
0.766314155899538 -0.0880589736435997 0.110891459393286 3.14204658480227 -0.0232511459717435 -1.66459087798162 4.59581710757156 2.8070704738375 20.5030160606221
0.767005296762925 -0.0885425942646371 0.110912281689836 3.14293247474426 -0.0234768279511021 -1.66931609408039 4.57174321936045 2.80516230327981 20.4796633845892
0.767741328273989 -0.0890583361565119 0.110934478467835 3.14390507403338 -0.0237493529316589 -1.67431245475279 4.54060972118281 2.80324482369708 20.4599792650471
0.768484551738442 -0.0895721885017151 0.11095748570374 3.14490813480827 -0.0240335732083001 -1.67910659802893 4.50242536156284 2.80188745197911 20.4424503254757
0.769188584309359 -0.0900425576850289 0.110980682739611 3.14587224868196 -0.0242923576869298 -1.68307512843529 4.45589212114075 2.80150202954279 20.4252702318887
0.769788882917578 -0.0904137721179792 0.111002990245399 3.14669380870418 -0.0244822042995446 -1.68535603801542 4.39882703188809 2.80198921895841 20.4055200149899
0.770206233156704 -0.090622742537102 0.111022496150526 3.1472292607416 -0.0245599681125418 -1.68497563999169 4.32985014875692 2.80205322890062 20.3785201184515
0.770385620737873 -0.0906361034531615 0.111036707200107 3.14734698532796 -0.0245112718480701 -1.6814627511304 4.25174383541228 2.79870031827386 20.3387821577256
0.770362611367128 -0.0905038616401808 0.111044091034545 3.14704597209204 -0.0243851016859478 -1.6757001427652 4.17352468000288 2.78831958022014 20.2837465723664
0.770271111630689 -0.0903526743409788 0.111045716309122 3.14650952749895 -0.0242784271585227 -1.66976925360409 4.1060428447199 2.76942016792185 20.2170075668714
0.770247448353391 -0.0902950200605322 0.111044513538432 3.14597453704854 -0.0242658735529871 -1.66546243574305 4.05434408789696 2.74376146891572 20.1457586398798
0.770348414131844 -0.0903661196984344 0.111043009507087 3.14557518902223 -0.0243611888508859 -1.66329802025959 4.01637722770552 2.71440544803182 20.0754896256271
0.770562474484506 -0.0905441526819498 0.111042329435323 3.145328663303 -0.0245396373706892 -1.66288414991759 3.98737486737367 2.68365730452185 20.0082172291302
0.770855233187438 -0.0907926713843642 0.111042609267235 3.1451987555494 -0.0247703315894326 -1.6636123299523 3.96328292799852 2.65264866616733 19.9438222190209
0.771196107100024 -0.0910820678538104 0.111043608841273 3.14514330058675 -0.0250301913128965 -1.66499712386355 3.94155816743566 2.62176097300861 19.881555927887
0.771565002366765 -0.0913931903343535 0.111045032116962 3.14513054186703 -0.0253049588329067 -1.66672693649369 3.92077641208506 2.59104488415757 19.8207657991936
0.771951008288879 -0.0917146813268245 0.111046611710491 3.14513988965369 -0.0255864056565189 -1.66861622529583 3.90009741109429 2.56044171564285 19.761105510166
0.772349908438178 -0.0920396651255786 0.111048078738037 3.14515829390863 -0.0258696003844881 -1.67054858567823 3.87886003190763 2.52986790570559 19.7025635049221
0.772762627780947 -0.0923631651634582 0.111049071059961 3.14517635266932 -0.026151002235565 -1.67243079208876 3.85627893356798 2.49923622917138 19.6454687693819
0.773194846854258 -0.0926801704197877 0.111048978156648 3.14518491107104 -0.0264272586201863 -1.67415414229335 3.83116801349432 2.46845708253769 19.5905079549462
0.773657259402847 -0.092984083486104 0.111046697912542 3.14517195490657 -0.0266946245153767 -1.67555632017631 3.80166611502388 2.43744669924337 19.5386918935577
0.77416495952593 -0.0932657211850557 0.11104031668593 3.1451199992414 -0.0269493669738939 -1.67638598388075 3.76509235699983 2.40617102638409 19.4910701087009
0.774732436544991 -0.0935141808000876 0.111026916785729 3.14500608566152 -0.027190184695721 -1.67630088828835 3.71840057535059 2.37476190450961 19.4477993898278
0.775359101398128 -0.0937224063612079 0.111003163649703 3.14480984724783 -0.0274236124425068 -1.67498112622016 3.660103247776 2.34370752179385 19.4062515202433
0.776007427081269 -0.0938986033180123 0.110967538717118 3.14453415052273 -0.0276697263146702 -1.67243153246839 3.59381755361997 2.31395073321627 19.3591666694124
0.776598929515805 -0.0940738093190786 0.110923320390791 3.144224563331 -0.0279582240806307 -1.66928449037456 3.530106801784 2.28653664881892 19.2962754429144
0.777056204197583 -0.0942882464296728 0.110878243463951 3.14395357390964 -0.0283096765719191 -1.66659720466306 3.48147871333106 2.26185047759358 19.2108772108633
0.777355912793017 -0.0945642920894931 0.110839470289907 3.14377262537848 -0.0287207092563346 -1.66515358846812 3.45395168966497 2.23932006235778 19.1046203912884
0.777529284290081 -0.0948979097075857 0.110809668681153 3.14368801217248 -0.029171168552706 -1.66508481598655 3.44518351423194 2.21797328962859 18.984581914745
0.777624409389788 -0.095271775877221 0.110787764671063 3.14367779074118 -0.0296398141407871 -1.66609439847915 3.44917167291248 2.19706127365609 18.8576849431662
0.777679853303614 -0.0956686074434208 0.110771428642203 3.14371561954531 -0.0301113156896038 -1.66780474892145 3.46045839796287 2.17621548381542 18.7282574501507
0.777720157927299 -0.0960755806682016 0.110758561689729 3.14378139696513 -0.0305748188154991 -1.66991977531226 3.47536031388893 2.15532899135315 18.5983450615751
0.777761013664484 -0.0964832886990271 0.110747655104808 3.14386189938051 -0.0310197744209085 -1.67224126344729 3.4915787831374 2.13441612817605 18.4686521567878
0.777815773547637 -0.0968831007626621 0.110737651643987 3.14394794867939 -0.031431424478747 -1.67463435042744 3.50745216476637 2.11351867783029 18.3391630666
0.777901566358577 -0.0972642283348046 0.110727673935674 3.14403081760955 -0.0317858511154802 -1.67698613425623 3.5212318650073 2.09263113535844 18.2093238079444
0.778045675939657 -0.0976106122630417 0.110716716136098 3.14409798284152 -0.0320443626016554 -1.67916610330349 3.53034988487655 2.07159427529214 18.0778380561855
0.77829212113353 -0.097898153851277 0.110703304015124 3.14412769317532 -0.0321491897826379 -1.68098878674964 3.53063263814469 2.04990386543757 17.9421115709861
0.778704248593447 -0.0980950511500919 0.110685208829529 3.14408331830546 -0.0320283095003157 -1.68219185247419 3.51577484105141 2.0264197517117 17.7975182491319
0.779350976174035 -0.0981718442290833 0.110659586486004 3.1439135116045 -0.0316255273794874 -1.68247614296348 3.47822665877563 1.9991398374186 17.6372755100255
0.780261693423364 -0.0981269955506883 0.110624194344826 3.14357057618325 -0.0309656700579816 -1.68167265551376 3.41320704801032 1.96556238377204 17.4546129166475
0.78136716695913 -0.0980139753192811 0.110579593350875 3.14304969161386 -0.0302113841849489 -1.67998625047012 3.32488830321889 1.9241258686479 17.247878469762
0.782501759700082 -0.0979293214117395 0.110530067971453 3.14241297354026 -0.0296126700180712 -1.67802570273931 3.22772031367364 1.87579433040836 17.0241880263589
0.783501288567816 -0.0979543659007896 0.110481198233612 3.14175583066711 -0.0293534978414162 -1.67644676032259 3.13810179576627 1.8236907531717 16.7956907714264
0.784293518599031 -0.0981133010592183 0.110436511473585 3.141147942056 -0.0294628050937029 -1.67557812663508 3.06498485812389 1.77097039634629 16.5719224260824
0.784895013714319 -0.0983847234585603 0.110396667232286 3.14061185804311 -0.0298620162436651 -1.67539642323773 3.00879155394195 1.71939694801473 16.356552339115
0.785359287102304 -0.0987332804996858 0.110360673385248 3.14013922010424 -0.0304493667826386 -1.67571035583934 2.9657563571412 1.66944346379613 16.1491277009455
0.785739356455733 -0.0991286735236211 0.110327124903084 3.13971154499761 -0.0311435083107237 -1.67630603272444 2.93163095269064 1.62095574167495 15.9476933826097
0.786075733651475 -0.0995500092050915 0.11029477370684 3.13931099727875 -0.0318892841689184 -1.67699564052818 2.90315604638688 1.57365201540112 15.7502351007696
0.786397489067745 -0.099983689197422 0.110262664891613 3.13892315056141 -0.0326488123970715 -1.67761007024251 2.87820784232447 1.52737241805105 15.5550555263266
0.78672646843506 -0.100419931220326 0.11023016976076 3.13853632182172 -0.0333902309891934 -1.67797308210404 2.85550345734885 1.48220699799855 15.3605864840608
0.787080191094959 -0.100849430859278 0.110197144093754 3.13814020516089 -0.034077201909777 -1.67787750140954 2.83422961713981 1.43861119238457 15.1648907168818
0.787470984959361 -0.101260309038094 0.110164393361185 3.13772529042404 -0.0346598916633249 -1.67708413416104 2.81364811016329 1.39754581979262 14.9649135613536
0.787898799966641 -0.101635890814957 0.110134545455005 3.13728449198204 -0.0350713667512123 -1.6753823817857 2.79263499819508 1.36055968881893 14.7556430850228
0.788336891624001 -0.101955764971542 0.110112988248568 3.13681838728453 -0.0352409466678845 -1.67276354297559 2.76922275944816 1.32952362771924 14.5299314556506
0.788719752031087 -0.102204233601504 0.110107461972453 3.13634257479568 -0.035138025110536 -1.66967902558684 2.74058461885013 1.30560535138876 14.280574564077
0.788958315985874 -0.102385096123253 0.110124487101368 3.13588828705274 -0.0348293886439134 -1.66711819743251 2.70411642987314 1.28772491714881 14.0052741615528
0.788993197304426 -0.102527732161291 0.11016417749649 3.13548670398263 -0.0344794186607947 -1.6661703190719 2.65921855616278 1.27216715072825 13.7104132909547
0.788838719051177 -0.102670870648985 0.110219355683066 3.13514759175774 -0.0342579892114613 -1.66733928470734 2.60778349262024 1.25455699258839 13.4078541209872
0.78856680243456 -0.102839455234697 0.110280539348935 3.13485556394704 -0.0342488586248546 -1.67035866387574 2.5526364242912 1.23224878257059 13.1074650495442
0.78825909126342 -0.103037987397994 0.110340811896531 3.13458355268702 -0.0344459105321588 -1.67457809802104 2.49582640853408 1.2047575897458 12.8133866534645
0.787979395966284 -0.103258327553971 0.110396774166775 3.13430505517532 -0.0348021737059705 -1.67936661803171 2.43817248498081 1.17273841693839 12.5253676375874
0.787773222339102 -0.103488453072366 0.110447198132369 3.1339975439873 -0.0352694328438508 -1.6842586268131 2.37963967773161 1.13701407314625 12.2414172283051
0.78767711381238 -0.103716749512043 0.110491610988664 3.13364075780406 -0.0358132572353474 -1.68893140116039 2.31981261410971 1.09815469019262 11.9595427254767
0.787726330529281 -0.103933070474889 0.110529506136469 3.13321428389143 -0.0364138321925779 -1.69314307290576 2.25822446545422 1.05643730053587 11.6785421334101
0.787957402844275 -0.10412874238939 0.110560079932588 3.13269657495453 -0.0370622629104197 -1.69668893268544 2.19459274978973 1.01197551733652 11.3983938508441
0.788404510764436 -0.104296860679022 0.110582321475644 3.13206652187673 -0.0377562803541012 -1.69939137249946 2.12905913967141 0.964930198559359 11.1205937362511
0.789088658263428 -0.1044335334675 0.11059539330077 3.13130855976243 -0.0384960070665095 -1.70112717691103 2.06247599000513 0.915776547372295 10.8484905544518
0.789999998753785 -0.104540139832462 0.11059927518938 3.13042156101363 -0.0392795402798672 -1.70188953465038 1.99667571913232 0.865582668225993 10.5873808618058
0.791078925364848 -0.104625743422319 0.110595505631053 3.12942912834852 -0.0400987025305564 -1.70186323678741 1.93451881508618 0.81616757221184 10.3439021186906
0.792209316316934 -0.104707658361671 0.110587583829746 3.1283847012979 -0.0409366727967304 -1.70146076055092 1.87945174714749 0.769933120243141 10.1243720650573
0.793238561245979 -0.104808091988919 0.110580490011995 3.12736349727087 -0.0417698155139556 -1.70125759143738 1.8345199885724 0.729264674653414 9.93244858579942
0.794023305063717 -0.104947199656221 0.11057924526416 3.12644049197157 -0.0425739949934769 -1.70182113920905 1.80127400731858 0.695730051136031 9.7674349929143
0.79447596603198 -0.105136326682971 0.110587269007551 3.12566609024153 -0.0433318701794888 -1.70352284629211 1.77928408227743 0.669578973780746 9.62452038986684
0.794583170217789 -0.105375558018748 0.110605556660935 3.12505463991864 -0.0440364394807258 -1.70644875010655 1.76656922743688 0.649859644101793 9.49681203562151
0.794391012641327 -0.105656068152327 0.110632988053148 3.12458995283218 -0.0446893422412637 -1.71043867969702 1.76053463151187 0.634977841606798 9.37769616874218
0.793975469194788 -0.105964419020198 0.110667243852433 3.12423966384339 -0.0452962502557957 -1.71519005749233 1.75878535383254 0.623279119161846 9.26224572830407
0.793417639647602 -0.106285928112206 0.110705665386685 3.12396847301281 -0.0458623745159938 -1.72034947802922 1.75950878219407 0.613391106672753 9.14746335174125
0.792791357848421 -0.106606099696147 0.110745756323509 3.12374590620551 -0.0463895051738972 -1.72555883312777 1.76148723737163 0.604316974941669 9.03184373056356
0.79216094723643 -0.106910552215164 0.110785363360975 3.12354922012229 -0.0468745310276913 -1.73046189385062 1.76392862297662 0.595389178813232 8.91476857695883
0.791583993633062 -0.107184310579955 0.110822694789555 3.12336371547476 -0.0473089584744725 -1.73469166339674 1.76625842343301 0.586184819974922 8.79600259872452
0.791114800106642 -0.107411269887168 0.110856319382924 3.1231822832135 -0.0476792146976187 -1.73785883933399 1.76794161131272 0.576457699929198 8.6753590210243
0.790805572727895 -0.107574513856896 0.11088523253264 3.12300504118399 -0.0479679572261509 -1.73955876517411 1.76836041946858 0.566104965164825 8.55251917385014
0.790703478896915 -0.107658032783443 0.110909016192842 3.12283906369206 -0.0481568683588069 -1.73941053641232 1.7667639115358 0.555164318974922 8.42698075443439
0.79084306037192 -0.10765001270186 0.11092804982203 3.12269760383345 -0.0482311902996312 -1.73713282880043 1.76230683919445 0.543823935376723 8.29812136477424
0.791235783610435 -0.107547048552105 0.110943654741133 3.12259800530398 -0.0481853496824521 -1.7326416710425 1.75418429725564 0.53241831549432 8.16536145162557
0.791861365717547 -0.107357572731866 0.110958017474187 3.12255795423596 -0.0480277005568942 -1.72613043644965 1.74183077768036 0.521384929211787 8.02837920643799
0.792666713389859 -0.107102346777596 0.110973804453173 3.12259082501058 -0.0477817517033635 -1.71808176354593 1.72510181976786 0.511175969602508 7.88728803901341
0.793575426551643 -0.106810956106515 0.110993554980264 3.12270190991246 -0.0474824376283942 -1.70918639684566 1.70434000107008 0.502150952220537 7.74268263881761
0.794504716140667 -0.106515539089597 0.111019100566821 3.12288723048829 -0.0471687595550948 -1.70019735515267 1.68027969185249 0.494495093866759 7.59552159409073
0.795382099059856 -0.106244648542364 0.111051255284201 3.12313522817401 -0.046876285993634 -1.69178689676766 1.65383637598045 0.488195511740913 7.44690479189732
0.796155222709561 -0.10601974392975 0.11108985185056 3.12343007718464 -0.0466326955989532 -1.68446466387922 1.62588074991517 0.483072604394495 7.29784711620473
0.796793115195234 -0.105854932626812 0.111134017740409 3.12375488631663 -0.0464573373557148 -1.67857162154916 1.59707861639742 0.47883768046464 7.14911863051975
0.797281521674683 -0.105758924105968 0.111182525046526 3.12409369948948 -0.0463637231180552 -1.67432569288243 1.56781911985718 0.4751463392131 7.00115719483247
0.797616307898896 -0.10573764569653 0.111234099699073 3.12443214467244 -0.0463631401112765 -1.67188273990752 1.53820880269337 0.471632138695261 6.85401510985086
0.79779795222305 -0.105796293035498 0.111287657882584 3.1247571776363 -0.0464678703478651 -1.67138386245408 1.50809765660415 0.467921258788799 6.70729448351449
0.797828661993613 -0.105940094247726 0.11134249008044 3.12505654530017 -0.0466930199350617 -1.67297158718235 1.47711571752114 0.463638577914968 6.56004703087865
0.79771258126594 -0.106173427371851 0.111398421878444 3.12531855353727 -0.047056251099089 -1.67676586014636 1.44471835684678 0.458419129397548 6.41065166623257
0.797458861100203 -0.106497227381738 0.111455953970053 3.12553260736639 -0.047574859323583 -1.68279796114506 1.41025437050668 0.451937992597497 6.25673204165816
0.797086580965215 -0.106905122476672 0.111516336401783 3.12569076754751 -0.0482600723596708 -1.69091313245993 1.37307576613277 0.44396537304187 6.0952238993845
0.796629387722741 -0.107379596333788 0.111581489699246 3.12579011420136 -0.0491096011512551 -1.70067436158448 1.33269410199826 0.434439419391923 5.92271238837156
0.796136748689668 -0.107890340271302 0.111653692461809 3.12583503397178 -0.0501012217376396 -1.71132160074462 1.28895290273155 0.423529150984631 5.73607764497048
0.795669179277651 -0.108396887033637 0.111735050267306 3.12583803931942 -0.0511912831251406 -1.72183880966813 1.24214598414803 0.411646690373858 5.53329843355692
0.795287608334967 -0.108855801003961 0.111826914716493 3.1258180387623 -0.0523207175994854 -1.73113539585326 1.19300611306571 0.399380861480163 5.31407377052136
0.795040887558068 -0.109229862218071 0.111929510340796 3.12579629284209 -0.0534271551034759 -1.73827726981446 1.14254372465614 0.387365751272208 5.07992288610605
0.794957090374331 -0.109495144104075 0.112041939793068 3.12579172753993 -0.0544579101811633 -1.74266426746015 1.09180040366692 0.376138635549359 4.83368425068122
0.795041915220887 -0.109643201538266 0.112162525696945 3.12581757776346 -0.0553783499270488 -1.74408407597531 1.04162472239732 0.366045079707231 4.57866066089305
0.795283279274177 -0.109678562539707 0.112289290395402 3.12588030625941 -0.0561735456458557 -1.74264781778574 0.992545236477002 0.357213529422497 4.31778037757994
0.795658551449135 -0.109613834568991 0.112420381110926 3.12598042067071 -0.0568449754056572 -1.7386657558683 0.944746251311676 0.349580817149745 4.05301609918935
0.796141024757445 -0.109464903690954 0.11255436651653 3.12611418324503 -0.0574057717854278 -1.73252599446301 0.898104832464403 0.342931965003446 3.78510042132527
0.796703839583127 -0.109247721228259 0.112690453279351 3.12627538327019 -0.0578776648870213 -1.72461503183566 0.852243559349501 0.336923059226254 3.51347580588293
0.797321013149523 -0.108977244906362 0.11282874044758 3.12645688961258 -0.0582917648236718 -1.71529727143142 0.806580232824045 0.331071809870689 3.23647753604964
0.797965985701815 -0.108668738905867 0.112970631299313 3.12665225086772 -0.0586943705170981 -1.70496386040531 0.760398693966376 0.324721470114436 2.95195245358269
0.798608697902774 -0.10834150377496 0.113119404961003 3.12685797073008 -0.0591570223337117 -1.69415901291661 0.713017953071497 0.31702007991293 2.65878745081738
0.799213691338185 -0.108024080355207 0.113280574353481 3.12707687539151 -0.0597841594360519 -1.68375845628955 0.6641696146319 0.307019519205851 2.35982384255679
0.799744196348006 -0.107756667326275 0.113461005264995 3.12732133117254 -0.0607010581469569 -1.67506218807564 0.614584357543916 0.294039530865004 2.06547341813089
0.800176519769811 -0.107582793925144 0.113665710645039 3.12761198081311 -0.062002958148039 -1.66953007075142 0.566383799014762 0.278274065533744 1.79449188694184
0.800517874420805 -0.107528032483853 0.113893533039729 3.12796793627915 -0.0636833345579752 -1.66806577130687 0.52251242227536 0.261140118800444 1.56729824478322
0.800807433256846 -0.107582523852672 0.114136157725446 3.1283938609252 -0.0656142398985744 -1.6703969933013 0.485167902021072 0.244731133737293 1.39436464736423
0.80109343972905 -0.107708111731508 0.114382590180717 3.12887708693103 -0.0676172216788678 -1.67527378193512 0.45463579864435 0.230682945103854 1.27089564872083
0.801408437306814 -0.107862564784275 0.114624639261021 3.1293970689667 -0.0695540060599342 -1.68127069533464 0.429617701831101 0.219541156102017 1.18259940765501
0.801762366187587 -0.108016503938037 0.114858731680934 3.12993596049184 -0.0713579689547047 -1.68737512107282 0.408352804545203 0.210975860807724 1.11465057817746
0.802148953858289 -0.108155004039919 0.115084581479371 3.13048275139942 -0.0730115443760074 -1.69306861829119 0.38942551627823 0.20428858571883 1.05637386931275
0.802553052533541 -0.10827132364029 0.115303291601368 3.13103236604693 -0.0745099770252418 -1.69814265909133 0.372016882265756 0.198743105835147 1.00153405279138
0.802953373223579 -0.108359581286279 0.115516177766492 3.13158314203149 -0.0758308932301914 -1.70248898716111 0.355877724309783 0.1936583093773 0.946929648139687
0.803320743916168 -0.108407842226039 0.115724412476662 3.13213401337331 -0.0769082549563136 -1.70593557112375 0.341266101570752 0.188365587887271 0.890986221368662
0.80361400638492 -0.10839045488396 0.115929362626426 3.13268076120189 -0.0776054409027764 -1.70811459954745 0.328919829685095 0.18213139323624 0.832821232132774
0.803777858049297 -0.108259311373306 0.116133695336205 3.13320979812065 -0.0776929221628528 -1.70835939760842 0.31997978902284 0.174145687254595 0.771780694433605
0.803752463107251 -0.107939160908048 0.116343348535615 3.13368895113451 -0.0768648095175778 -1.70571552997948 0.315605861471373 0.163736564285633 0.707442180108597
0.803510227220716 -0.10734342982249 0.11656950296671 3.13406065254549 -0.0748688951022539 -1.69929232291619 0.315924054733084 0.150999077206014 0.640150370484467
0.803118998991992 -0.106430681060763 0.116827313752231 3.13425422233732 -0.0717923399696172 -1.68912835529419 0.318463295267876 0.137668117588102 0.571841707397087
0.802770355056291 -0.10527781311237 0.117127966286597 3.13422995322117 -0.068294793181417 -1.6770116940336 0.317788901681868 0.127151269858115 0.506047372908433
0.802689489788502 -0.10407435928794 0.117469198068492 3.13402125841013 -0.0653675550660641 -1.6659283317748 0.308210216381193 0.122723557697341 0.446094716246324
0.802989097706904 -0.103005847825895 0.117836562045744 3.13371629287477 -0.0637077284216575 -1.65820131744751 0.287415354001801 0.125410085348369 0.3930446015882
0.803631734397282 -0.102155313566152 0.118214594248458 3.13339731613689 -0.0634085954235174 -1.65440302885052 0.256898323783819 0.133971785395501 0.345740981691207
0.804504333735774 -0.101510432101664 0.118594789828078 3.1331063988712 -0.0641674237105229 -1.65384953094229 0.219684054377158 0.146415100432173 0.302368682968155
0.805490228817774 -0.1010180449816 0.118976152895576 3.13285004024219 -0.0655925128858726 -1.65551625776574 0.178454574775684 0.161109175525283 0.261637724734304
0.80649138296426 -0.100620585048405 0.119363066381205 3.1326141199893 -0.0673473558678475 -1.65852899960486 0.135068786043177 0.177032672628389 0.223171487275203
0.807419157087446 -0.100264713194576 0.119764103317704 3.1323716059215 -0.0691591210454274 -1.66225455950672 0.090877738472885 0.193589446470946 0.187589386654521
0.808176789113642 -0.0998939190438164 0.120192179237236 3.13208136357423 -0.0707763632641634 -1.66622772472649 0.0473081373558592 0.210328040024606 0.156649028464925
0.80864903506952 -0.0994352023818821 0.120664545013088 3.13168267243886 -0.0719296985250683 -1.67005413160651 0.00653369547824102 0.226654362472305 0.133433566155495
0.808718412354373 -0.0987909477705913 0.12119936690515 3.13109553267306 -0.0723406456584521 -1.6733567932495 -0.0279931010029397 0.241576913232393 0.122096880397403
0.808331158483195 -0.097856505250268 0.121804957996856 3.1302445145691 -0.071831039026555 -1.67582624824106 -0.0518747686714555 0.253678044507169 0.126220723840344
0.807593606439113 -0.0965797190346638 0.122464523558492 3.12911404019479 -0.0705154979849232 -1.67739079762212 -0.0618771648215637 0.261649574278002 0.145574759490307
0.806784557720637 -0.0950227688927998 0.123134278597118 3.12779084019534 -0.0688683429963432 -1.67834422173567 -0.058823706972393 0.265259837081903 0.174109479260295
0.806200759376982 -0.0933386997871446 0.123767766301384 3.12642335605405 -0.067466247084546 -1.67918976706826 -0.0477315311987921 0.265685602451898 0.202924323185643
0.805983676536213 -0.0916702915923196 0.124342961392764 3.12512774192775 -0.0666398427392021 -1.6803112627548 -0.0343602307478365 0.26464749063071 0.225754058151717
0.806106869194321 -0.0900852311380921 0.124864088356271 3.12394401319109 -0.0664013504436933 -1.68182643458597 -0.0222045247387613 0.263400469473047 0.241003155151004
0.806470651110235 -0.0885875034165521 0.125346658178794 3.12285938689294 -0.0665984726042466 -1.6836706421218 -0.0122832683459415 0.262486359477712 0.249979780891662
0.806978178869916 -0.0871541972139245 0.125805472275696 3.12184515789823 -0.0670601604029984 -1.68572173442124 -0.00430171935108134 0.261992939640889 0.254673554381677
0.807560739750322 -0.0857594473609866 0.126250584321558 3.12087713014766 -0.0676536555290952 -1.68786422767803 0.00239018868916362 0.261837534121195 0.256654031898133
0.808175006831332 -0.084382372954006 0.126687605609496 3.11994153411177 -0.0682849840206867 -1.69000070955207 0.00837483519095457 0.261918843128632 0.256831076524508
0.808792868850811 -0.0830066615856141 0.127119111037805 3.11903504190583 -0.0688804553534447 -1.69203973196677 0.0140722627088939 0.262169398086556 0.255540456977696
0.80939185628891 -0.0816172442834407 0.127545905581491 3.11816397987233 -0.0693656893098785 -1.69387701485281 0.0197694277458237 0.262562941666643 0.252673018143439
0.809947589061333 -0.0801963001714725 0.127967998734001 3.11734446226245 -0.0696463557342836 -1.69537684621449 0.0256701715813279 0.263107421744945 0.247769321594998
0.810428056570125 -0.0787194325336863 0.128385498756363 3.11660324486971 -0.0695922931021641 -1.69635897420294 0.0319256604027202 0.263834226477822 0.240100665104575
0.81079041090176 -0.0771530837625884 0.128799682397385 3.11597759801025 -0.0690304818925202 -1.6966013540879 0.0386298232824256 0.26478333997893 0.228809020777989
0.810983067572931 -0.0754556374763111 0.129214315294171 3.1155108315409 -0.067759951785512 -1.69587718971904 0.0457742514824283 0.265979732938756 0.213204342972187
0.810957575063481 -0.0735859932829355 0.129636795758995 3.11523936230857 -0.0656062987212959 -1.69404458927675 0.0531746100894156 0.267399257052542 0.193273685515115
0.81069181891132 -0.0715214412231071 0.130077963817691 3.11517097531537 -0.0625183062221643 -1.69117683845112 0.0604188678026588 0.268935844201219 0.170256835668704
0.810214817959424 -0.0692779817617386 0.130549334310702 3.11526474612432 -0.0586613744421764 -1.68765463052124 0.0669209183789202 0.270399718604752 0.146834534752486
0.809611485682727 -0.0669162187157429 0.131058312786255 3.11543217316868 -0.0544194800253005 -1.68410626787118 0.0721162119782586 0.271571054455332 0.126465161188923
0.808994585787779 -0.0645214481962528 0.131604603101722 3.11556766788047 -0.0502644695775698 -1.68118148305991 0.0756948436271646 0.272286745837724 0.112073843284806
0.808461403933922 -0.0621699615748193 0.13218070617619 3.11558852988983 -0.0465770840481414 -1.67931317817021 0.0776965398262676 0.272497275363936 0.105030685073204
0.80806674158499 -0.0599062389849708 0.13277560744538 3.1154558238546 -0.0435486849346462 -1.67863278278547 0.0784185142579187 0.272258347614691 0.105090412549638
0.807823603792609 -0.0577413603573589 0.133378325574221 3.11516940414003 -0.0411988945884316 -1.67904435801694 0.078248403759694 0.271682543599014 0.111043366195366
0.80771936396303 -0.0556642420767947 0.133979275949951 3.11475092495175 -0.0394506773144695 -1.68035091292001 0.0775426891788912 0.270894368075132 0.121434547381905
0.807732258435493 -0.0536540538701824 0.134569551701371 3.11422886764616 -0.0382005128511269 -1.68234967202691 0.0765835279681409 0.270008468619244 0.134994071614085
0.807841808772081 -0.0516886463016279 0.135138958592336 3.11363054014415 -0.0373609789402704 -1.68487746523528 0.0755887282759851 0.269127884377066 0.150776437946212
0.808033446457101 -0.0497493741871553 0.135673345989139 3.1129801055634 -0.0368800366101789 -1.68782028193015 0.0747433257827271 0.268352508930946 0.168129234872976
0.80829932961575 -0.0478247268632522 0.13615151482106 3.11230050238955 -0.0367468467255076 -1.69110277545439 0.0742335507660729 0.267789370592743 0.186583628441669
0.808636461194841 -0.0459152105367887 0.136542428887337 3.11161774827102 -0.0369888107514715 -1.69466464709016 0.0742710827586667 0.267556861660984 0.205702405057306
0.80904184413575 -0.0440408137098559 0.136805062749334 3.11096623902072 -0.0376563903066862 -1.69842396064189 0.0750912227182268 0.267771684811234 0.224893581368505
0.80950402988741 -0.0422490723118758 0.136895771334341 3.11039195703315 -0.0387859589337386 -1.70223029578483 0.07689848638512 0.268504046595145 0.243226220001218
0.809993040196583 -0.0406151305485312 0.136788346716651 3.10994739125611 -0.0403371067465195 -1.70583061520801 0.0797413996134235 0.269698991589551 0.259382326980025
0.810456927943014 -0.0392206546330762 0.136502396368977 3.10967269719145 -0.0421338680344012 -1.70889824067078 0.083365638005078 0.27110844449835 0.271955096726764
0.810835551691356 -0.038111676684345 0.136116361163126 3.10957042244808 -0.0438786350732831 -1.71115598977961 0.0871969730339974 0.272327060595027 0.280103175261318
0.811087767122485 -0.0372664007155817 0.135740490649636 3.10959746115719 -0.0452708261619391 -1.71252021311241 0.0905637014498022 0.27296491886485 0.284074528268604
0.81120886027497 -0.0366070736501323 0.135464904404558 3.10968731900756 -0.046142312182763 -1.71312857380942 0.0930095059111754 0.272827164746387 0.285040763685912
0.811223483743627 -0.0360439097922889 0.135328183093371 3.10978262259409 -0.0464922117166813 -1.71323125356464 0.0944257120743612 0.27194672858909 0.284406105082415
0.811165965655271 -0.0355099116117297 0.135323821246097 3.10985129494583 -0.0464230507298458 -1.71306267975962 0.0949562026045203 0.270486975822511 0.283241140688095
0.811065767660167 -0.0349689756061091 0.135423729466168 3.1098836548996 -0.0460614964443539 -1.71278178826956 0.0948349669025291 0.268632505021551 0.282136509768193
0.810942869525039 -0.034407788917661 0.135596972288635 3.10988255571588 -0.045513832761398 -1.71247419331807 0.094279109244228 0.266532185135818 0.281320603227108
0.810808988118359 -0.0338252139529435 0.135818252060992 3.10985534117575 -0.0448546317304918 -1.71217681133699 0.093451098071144 0.264287779737011 0.280824280861995
0.810670328813758 -0.03322492758603 0.13606955321065 3.10980957376067 -0.0441312364883096 -1.71190060086058 0.0924594884382882 0.261963010706594 0.280597769860304
0.810529932448427 -0.0326116040080042 0.136338928038113 3.10975149580598 -0.0433719844301491 -1.71164497694104 0.0913720415572184 0.259597429329574 0.280572708865523
0.810389257662893 -0.031989368357686 0.136618537372646 3.10968599643586 -0.0425934020078576 -1.71140511928219 0.0902290139370238 0.257221233305109 0.28068857963164
0.810249251032601 -0.0313613700327891 0.136902466326698 3.10961754260138 -0.0418056862297851 -1.71117456776265 0.0890532054306597 0.254876086830254 0.280901240779149
0.810111370370965 -0.0307296596741606 0.137183671841501 3.10955237928626 -0.0410177725258355 -1.71094449084295 0.0878579491689829 0.252656731147043 0.281183513114723
0.809979216894263 -0.030094484275372 0.137448155716024 3.10950326038733 -0.0402451219002215 -1.71069981865698 0.0866591227097162 0.250801659262033 0.28151837642324
0.809861626877807 -0.0294512439892977 0.137662983244612 3.10949867170672 -0.039526313602269 -1.71041244584997 0.085507987211104 0.249869221397307 0.281869445074031
0.80977747366809 -0.0287816983823239 0.137755662827097 3.1095962831554 -0.0389566131320487 -1.71003619689468 0.0845802844924827 0.250981538325265 0.282084696466486
0.80975803571064 -0.0280371133537078 0.137597298491296 3.10988633889138 -0.0387318482913333 -1.7095234173831 0.0843510093823668 0.255829688315797 0.281676601051461
0.809831413667773 -0.0271289648697839 0.137048619557944 3.11043817653775 -0.0391246328727778 -1.70889967155173 0.0857115240667952 0.26552199616468 0.279596433149547
0.809976793046904 -0.0259788215814293 0.136136097807058 3.11116349573355 -0.0402460582714565 -1.70836491093643 0.0895070096796178 0.277916185129836 0.274631864446915
0.810104457023861 -0.024622422587303 0.135172238439954 3.1117785102759 -0.0417624923513705 -1.70821143861334 0.0954785848731931 0.287212374889759 0.266701029001366
0.810130150125502 -0.0232005439255537 0.134506870527459 3.1120458390047 -0.0431263330455505 -1.70854845668853 0.102268582771947 0.288955422133413 0.257177651823055
0.810040061273833 -0.0218254082331015 0.134243528453191 3.11195294846162 -0.0440503322467346 -1.70925346862656 0.108731126909964 0.283249464184915 0.247457835416181
0.809863626587113 -0.0205280709107237 0.134300627685883 3.1116100733096 -0.0445431556038443 -1.71015737110532 0.114509692712001 0.272415877129045 0.238062600488654
0.80963077562023 -0.0192954796711572 0.13457078502939 3.11112174539819 -0.0447041321962202 -1.71115175799184 0.119694442840236 0.258414366448726 0.228860966436122
0.809357621147897 -0.0181045452697492 0.134985186345852 3.11055245619528 -0.0446022174409255 -1.71218909361799 0.124459421645313 0.242179502620534 0.219418809951604
0.809047320407969 -0.0169315628185776 0.135515361986752 3.10993776793102 -0.0442464525877508 -1.71326114924033 0.128895040065259 0.22375503984337 0.209113468250772
0.808694657999909 -0.0157471528209751 0.136156560070657 3.10930421219223 -0.0435932015031274 -1.71438962631087 0.132892268932699 0.202505116750498 0.197160341428123
0.808296398196407 -0.0145042689757483 0.136893873144873 3.10869404208686 -0.0425951527939009 -1.71562775378683 0.135955120476505 0.177545184461841 0.182898811743533
0.807876928238148 -0.0131328757322762 0.137632534588188 3.10819290392515 -0.0413527077542649 -1.71704929184465 0.137021704314058 0.149149574167653 0.16690598611375
0.807518156132337 -0.011579019198359 0.138136435521405 3.10791743958451 -0.0403273300969164 -1.71867873846209 0.134902451140202 0.121152752773074 0.152671992635125
0.807321615003497 -0.00988776967578053 0.13816026173943 3.1079058682938 -0.0401774543714118 -1.72039907619778 0.129733798117411 0.100221178027787 0.145393606767171
0.807301565572614 -0.0081861310505705 0.137717567484058 3.10804782501633 -0.0410960130444828 -1.72202786345168 0.12333322297029 0.0894687055794006 0.146770838270759
0.807383944417819 -0.0065535250440426 0.137028294474342 3.10820670265773 -0.0427029756370032 -1.72348830377136 0.117297591950215 0.0862056903185172 0.154026118950236
0.807495918659983 -0.00498846860273123 0.136272797633623 3.10832370629647 -0.0445647703044123 -1.72480616976055 0.112012383933158 0.086526070034351 0.163944779670742
0.807598585220363 -0.003460979153747 0.135528281429723 3.10839440649677 -0.0464359263224564 -1.72602169919682 0.107243397772156 0.0881288385415505 0.174851988186168
0.80767187113153 -0.00194515105477252 0.134819639699446 3.10842560098405 -0.048194998277672 -1.72715177416915 0.102703059037759 0.0900940513796706 0.186188399721857
0.807698135436854 -0.000423679660870184 0.134161178857955 3.10841800591851 -0.0497509852093391 -1.72818989227486 0.0982118989592858 0.0921376206256777 0.197831332614013
0.807653701593434 0.00111573938842263 0.133574169381867 3.10836351557431 -0.0509913161842962 -1.72911431230496 0.0937016036091315 0.0942034566357457 0.20972119381547
0.807505437060545 0.00268327848327677 0.13309303006163 3.10824670154215 -0.0517583628893907 -1.72989814680296 0.0892132573300805 0.0963179848445028 0.221645526674494
0.807212301578401 0.00428681936436556 0.132765738946618 3.10804882455628 -0.0518499539004338 -1.73052663669217 0.0849342931834128 0.0985597733372422 0.233022827031804
0.806736615632014 0.00592772772567414 0.132644990207221 3.10775714879798 -0.0510639864839211 -1.73102893794229 0.0812659386173164 0.101066304273337 0.242650103105584
0.806071079659515 0.00759273182303587 0.132762026175049 3.10738219057828 -0.0493181604135901 -1.73152169425135 0.0788551097653606 0.104031544059623 0.248574284548122
0.805275283611357 0.00924713616965536 0.133084511537275 3.10697658272339 -0.0468257815665778 -1.73223081838282 0.0784561392790097 0.107652111369743 0.248478956637247
0.804486699271157 0.0108411332590898 0.133491019562391 3.10663336865904 -0.0441738293473121 -1.73343107565226 0.0805491196010944 0.1120153257495 0.240819800008465
0.803867809185603 0.0123340179178839 0.13381010768589 3.10644650541423 -0.0421107070884821 -1.73530146736973 0.0849630568314973 0.117016486147641 0.22598355578266
0.803519534007948 0.013717258632665 0.133909727280806 3.10646095733969 -0.0411487366172737 -1.73782147461028 0.0909357013722516 0.12241515591712 0.206155819457202
0.803444296178123 0.0150135698988765 0.133751838517977 3.10666122168095 -0.0413619717519159 -1.7408136709082 0.0975830281896543 0.127986542129733 0.183929781424746
0.803578824476897 0.0162582026696676 0.13337364808457 3.10699955120024 -0.042506770807032 -1.74406375370492 0.10429178674983 0.133621006195405 0.161104295141977
0.803843709311226 0.0174834533725492 0.132839598125965 3.10742702057348 -0.0442429932778419 -1.74739884661314 0.11078771669786 0.1393245154932 0.138444707934677
0.804170379373377 0.0187141588337318 0.132208818761453 3.1079070477446 -0.0462675383135118 -1.75069842351256 0.117015061741246 0.145175446443479 0.116022986015893
0.804505345266396 0.0199698815122453 0.131524734132694 3.10841501947322 -0.0483471246124476 -1.75387218065641 0.123002458252537 0.151286619031163 0.0936137694996885
0.804804257075658 0.0212686419153159 0.130816469224069 3.1089325740355 -0.0503035550796667 -1.75683371578615 0.128775036739741 0.157781904401255 0.0709639824387812
0.805024299493145 0.0226297388693122 0.130103444311367 3.10944104428372 -0.0519913498730696 -1.75948062510489 0.134303961402551 0.164776891465632 0.0479661585561073
0.805118752083017 0.0240746271560477 0.129399404725919 3.10991536758008 -0.0532860575859076 -1.761684225447 0.13947386006653 0.172349330557599 0.0248061643938566
0.805036164195938 0.0256248508681436 0.128714800726236 3.11031922784375 -0.0540915116096657 -1.76329370830916 0.144060873686178 0.180487767473574 0.00212236825021361
0.804727036326993 0.0272958471133502 0.128057322453738 3.11060352835478 -0.0543697037277336 -1.76416346485368 0.147732608173063 0.189017531456599 -0.0188549671886453
0.80416010186167 0.0290866122993793 0.127430775591683 3.11071206205694 -0.0541871952604838 -1.76420996788564 0.150097377972564 0.197529379810925 -0.0363070971336239
0.803344714761387 0.0309690600241039 0.126833213098961 3.11059744008395 -0.0537515642726213 -1.76348577199684 0.15082478926891 0.20537237522897 -0.048148039311799
0.802345872130993 0.0328856052298998 0.126256264136782 3.11024349455428 -0.0533940167404373 -1.76222578292845 0.149809884905766 0.211777277252642 -0.0527091829845867
0.801274797477063 0.0347621635671447 0.125687549741458 3.10968042204126 -0.0534749030322373 -1.76081126016069 0.147281626657705 0.216095778848988 -0.0494846819264432
0.800253433422611 0.0365321372896166 0.125115767730557 3.10897884637184 -0.0542545448153656 -1.75964988654721 0.143757539097798 0.218016112610311 -0.0394065488034488
0.799374841509106 0.0381557902714782 0.12453536724779 3.10822511212406 -0.0558140599311997 -1.75904679767368 0.139863937442723 0.217604224893153 -0.0244231531808609
0.798684324872011 0.0396235893920446 0.123948083230882 3.10749545568557 -0.058067887305572 -1.75914674879463 0.136150611778569 0.215167292155784 -0.00673146846030674
0.798185315741555 0.0409463795707503 0.123361443083236 3.10684336622071 -0.0608338397504898 -1.75995717195128 0.133002497490924 0.211067179577459 0.0118173772886744
0.797856709052108 0.0421426265351894 0.122786154172648 3.10630043955542 -0.0639033199304407 -1.76140621375537 0.130648898620455 0.205596637221817 0.0299298874850723
0.797668379705633 0.0432297382008224 0.122233854148765 3.10588315197753 -0.0670828206653239 -1.76339230591359 0.129214628415178 0.198943697718739 0.0468074240228776
0.797589872963121 0.0442207432155559 0.121715564354131 3.10559909354797 -0.0702087545938327 -1.76580996875528 0.128766215308466 0.191215160105084 0.0619929899557342
0.797593221086651 0.0451247005172201 0.121240563424764 3.1054501537544 -0.0731486918436288 -1.76855613537752 0.129335073020204 0.182483868181484 0.0752417446703292
0.79765259722081 0.0459488818186338 0.120815375942757 3.10543288108648 -0.0757996650893737 -1.77152683547919 0.130919136438091 0.172836785518634 0.0864497789610027
0.79774311860987 0.0467012975026928 0.120442816390931 3.10553733831966 -0.0780884407347123 -1.77461261788204 0.133472384063105 0.162411295571215 0.0956318204739612
0.797840209354538 0.0473926355926007 0.120121283102824 3.10574596133079 -0.0799740254070903 -1.77769789903244 0.136893247727838 0.151412486232434 0.102923246654692
0.797920089776663 0.0480370505694184 0.119844616017037 3.10603364049863 -0.0814500633223984 -1.78066614964357 0.141021274761287 0.140107993834608 0.108581502247177
0.79796126150377 0.0486516143412569 0.119602746707315 3.10636960872272 -0.08254417570039 -1.78340979560674 0.145647237433242 0.128802175606379 0.112969876013833
0.797946373812657 0.049254670517564 0.119383107344408 3.10672089187277 -0.0833124584913959 -1.78584147104543 0.150535972334622 0.117797516465047 0.116518975459822
0.797863707222141 0.0498636892850479 0.119172466279633 3.10705638241313 -0.083829521032944 -1.78790262311477 0.155455791844866 0.107355253602874 0.119673520582606
0.797707725865093 0.0504933282040734 0.118958698385345 3.10735037235259 -0.0841763652692233 -1.78956666886206 0.160205956701122 0.0976665580260281 0.122838930509873
0.797478580714188 0.0511542130223403 0.118732064678623 3.10758470665554 -0.0844290396509486 -1.79083615917353 0.16463539238476 0.0888405295914776 0.126340972071389
0.79718084469304 0.0518525877759373 0.118485805592252 3.10774934713441 -0.0846502159754531 -1.79173539690071 0.168650086507178 0.0809088786574608 0.130404429685187
0.79682195896503 0.0525906383128285 0.118216099846145 3.10784170681948 -0.0848843398067289 -1.7923007804152 0.172210774238737 0.0738430045103868 0.135147906930741
0.796410865480896 0.0533670842858187 0.117921592122919 3.10786540221409 -0.0851557068120777 -1.79257078516744 0.175324698539283 0.0675789154822959 0.140585037207527
0.79595720951427 0.0541775534700452 0.117602723174456 3.10782906844131 -0.0854682870326094 -1.7925765932282 0.178035020609477 0.0620486386889808 0.146618353473974
0.795471436593339 0.0550142317530469 0.117261049544582 3.1077456902247 -0.0858065476232893 -1.79233377010451 0.180409390465282 0.0572218057704677 0.153010230533081
0.794966097286343 0.0558643270394054 0.116898678540846 3.10763256183733 -0.0861380262548588 -1.79183593630654 0.18252589068895 0.0531650655033833 0.159317582333649
0.794458498596009 0.0567072568466261 0.11651791108966 3.10751137331592 -0.0864211034081795 -1.79105402963296 0.18445083020093 0.0501228225136821 0.164793946830883
0.793973904983162 0.0575118507596169 0.116121183589896 3.10740682365177 -0.0866243364482064 -1.78994963481712 0.18620177091293 0.0485951093178087 0.168317378976724
0.793546104607172 0.0582378165171079 0.115711354684626 3.10734104581302 -0.0867615289347396 -1.78851315620683 0.187699657794073 0.0493232298253442 0.168505532757544
0.793209719930154 0.0588478627158737 0.115292134447217 3.10732263280027 -0.0869288942655762 -1.78682226737458 0.18874511409486 0.0530399132670975 0.164223526362125
0.792982677243639 0.0593301014831055 0.114868037028105 3.10733650625706 -0.0873014800942779 -1.7850745347502 0.189079501090817 0.0599770945336092 0.15538932105512
0.792851323779106 0.0597129838482291 0.114443360614365 3.10734778782579 -0.0880569122894306 -1.78353198185554 0.188532552517897 0.0695077501182259 0.143371341998019
0.792776063326922 0.060052780519385 0.11402085505338 3.10732215858895 -0.0892775783193453 -1.78239961105509 0.187132730908143 0.0803784327796159 0.130349071731135
0.792713992671565 0.0604032809505852 0.113601381210069 3.1072448840183 -0.0909239923903308 -1.78175135110781 0.185069858341169 0.0913564424403373 0.118163743389349
0.792636670038137 0.0607960684841859 0.113184724614189 3.10712372023013 -0.0928866851294909 -1.78155667959042 0.182569404344669 0.101674140502687 0.10770446743376
0.792532847665313 0.0612405608424347 0.112770654864182 3.10698090146444 -0.0950487241342523 -1.78175119092484 0.179798945776818 0.111042268056772 0.0990387676353318
0.792402751141971 0.0617329733482092 0.112359649611164 3.10684551413109 -0.0973162415657213 -1.78228905347924 0.176840961756627 0.119450257888023 0.0918202896847984
0.792252032668709 0.062263916613108 0.111953361729972 3.10675055413597 -0.0996207421377466 -1.78316481925861 0.17370054995551 0.126975476804681 0.0856199103147592
0.792088253545315 0.0628216931688572 0.11155509477408 3.10673318391638 -0.101909721164026 -1.78441599638949 0.170317380154933 0.133666238653355 0.0801248482293058
0.791919502690733 0.0633920593646482 0.111170402000993 3.10683495343875 -0.104136057121345 -1.78611412242686 0.166572013377365 0.139482098375517 0.0752768564116258
0.791754006379741 0.0639558733756542 0.110807607840953 3.10709800185927 -0.106250939184966 -1.78834106267447 0.162292963556877 0.144270731706996 0.0714150611769375
0.791599647500593 0.0644864392272862 0.110477536938399 3.10755250415808 -0.108204048739621 -1.79113992600846 0.157282842402463 0.147785764703127 0.0694222568442423
0.791462509410343 0.0649497356488503 0.110191202768155 3.10819292406243 -0.109955338216538 -1.79443717632817 0.151386937874343 0.149773775099877 0.0707570823724021
0.791344281786611 0.0653117525826741 0.109954673707507 3.10895179091635 -0.111498484255676 -1.7979685604189 0.144605268413939 0.150144134594591 0.0771465098303531
0.791240087931489 0.0655533617103198 0.109763189969509 3.10969701562243 -0.112881953411214 -1.80129039840747 0.137183475919173 0.149145113622068 0.0898370143104977
0.791139535642254 0.0656831269592845 0.109600040355683 3.11027542382387 -0.11420229473224 -1.80393331819683 0.129571461207737 0.147373579857434 0.108806474537408
0.791031521275897 0.0657346038223736 0.10944334974709 3.11058088805465 -0.115563408172673 -1.80561141888676 0.122232447194217 0.145540669125879 0.132670268095401
0.790909103218879 0.0657488005930687 0.109275707135232 3.11059087488319 -0.11703328566367 -1.80631165872218 0.115452379195445 0.144173826933454 0.159426012885623
0.790770815348359 0.0657573466877268 0.109088927804511 3.11034912023031 -0.118631099173661 -1.80621558604186 0.109293055364627 0.14349116097818 0.187337481581732
0.790618857089319 0.0657769392218252 0.108882599906556 3.10992471419042 -0.120342231694692 -1.80556321416531 0.103668478990043 0.143468935571446 0.215337536904404
0.790456681587586 0.0658126086130529 0.108660238146835 3.10938157378684 -0.122139482706705 -1.8045619846731 0.0984428377072541 0.143971589166005 0.242964234437647
0.790287454108257 0.0658632003835338 0.108426221866624 3.10876670909082 -0.12399713727855 -1.8033577729055 0.0934922761274695 0.144847706399356 0.270132777891888
0.79011344307034 0.0659254656265428 0.108184264838245 3.10811032705464 -0.125896998608981 -1.80204096197256 0.0887289754129252 0.145974806204762 0.296950685258628
0.789935926599331 0.0659962527053282 0.107936957001546 3.10743015522487 -0.127829986024879 -1.80066278425347 0.0841044816727713 0.147271243504321 0.323640393903893
0.789755308095615 0.0660734491595584 0.107685841664429 3.10673634912856 -0.129796130986357 -1.79925088245233 0.0796040030807732 0.148693821498497 0.350578937375608
0.789571408174344 0.0661563448769548 0.107431799487366 3.10603666690529 -0.131803430718423 -1.79782272774449 0.0752314349450994 0.150229695428959 0.378475370165234
0.789384237887816 0.0662457661756394 0.107175873345074 3.1053437251468 -0.133862751934412 -1.79640061459983 0.0709699334045938 0.151880291129303 0.408727236457419
0.789195937326181 0.0663438755605816 0.106920976500445 3.1046870478422 -0.135971473929866 -1.79503387459967 0.0666870471168557 0.153624023944479 0.443929137260059
0.789014455316679 0.0664529112609712 0.106674717722234 3.10412907058275 -0.138076853520985 -1.79382808571692 0.0619641178742848 0.155341338885926 0.488134372041055
0.788857137448921 0.0665719291542264 0.106451522793269 3.10376900079117 -0.140029543151401 -1.79295470587267 0.0559511013067586 0.156725410914839 0.545695599916524
0.788747086080189 0.0666929632065151 0.106268491416694 3.10370020372329 -0.14159466452266 -1.79258101825952 0.0475875791280024 0.157312615073527 0.617663710169676
0.788697492752859 0.0668025613894502 0.106132738996277 3.10392611613994 -0.142591860799558 -1.79272406172041 0.0363683016080923 0.15676434840977 0.698497709811963
0.788699114345729 0.0668907090858701 0.106033554970164 3.10433612671838 -0.14304727623737 -1.79320152563949 0.0228787988817595 0.155156013378647 0.778702917586482
0.788728922260234 0.0669568186885137 0.105951442966717 3.10479066345655 -0.143152181321591 -1.79377309861468 0.00831047895849139 0.152878094010672 0.851346418887847
0.788767029009524 0.0670064978889132 0.105871357448758 3.10520371699889 -0.143104018817718 -1.79428513210245 -0.00633811612794819 0.150319438417867 0.914536603623361
0.788803133764132 0.0670459242623646 0.105786421476644 3.10554973981468 -0.143023213270593 -1.7946870475808 -0.0205091872595171 0.147712601193886 0.969315849839823
0.788834040894951 0.0670793143221386 0.105695044823954 3.10583494055902 -0.142961298536421 -1.79498372884356 -0.0339156785830664 0.145162279456287 1.01716406925708
0.788859861246131 0.0671088419814775 0.105597602944204 3.1060745212144 -0.142933048603359 -1.79519598327529 -0.0463304762639324 0.142726333994737 1.0588033814933
0.7888817007898 0.067135247888764 0.10549443818082 3.10628250096501 -0.142939785336738 -1.79534215537787 -0.0574795129439152 0.140499396074492 1.09393461160135
0.788900559517709 0.0671584615824848 0.105384610735887 3.10646814294725 -0.142982120795424 -1.79543181022297 -0.0670922567136065 0.138725373784689 1.12155325474629
0.788916619735594 0.0671783896741579 0.10526452397189 3.10663343463799 -0.14306794108176 -1.79546376904029 -0.0752702548693623 0.138004599750393 1.14125853150477
0.788928224187334 0.0671965722837372 0.105125847003205 3.10676786921422 -0.143220110748709 -1.79542621360759 -0.0835828831661979 0.139673777259931 1.1570709040785
0.788930151484058 0.0672197422262384 0.104953353882551 3.10683889945117 -0.143483367802019 -1.79530272896302 -0.0974458252653739 0.146307442942604 1.18610504009561
0.788912240331986 0.0672647732781324 0.104727087391218 3.10678534503489 -0.143917331416468 -1.79509446417278 -0.12910317820248 0.161679410971345 1.27058820922703
0.78886284989298 0.0673576506884839 0.104437220988478 3.10654087017242 -0.144550081003161 -1.79485817036134 -0.195891686480201 0.188596798399695 1.4747974281027
0.788780143683999 0.067515350343727 0.104105606636151 3.10610207166634 -0.145311578808544 -1.79470862076774 -0.307125590197436 0.22486754024843 1.83982611602529
0.788678150051493 0.0677258219163435 0.103778188519756 3.10555925103769 -0.146057931420696 -1.79473489515279 -0.451889875919053 0.263310462996883 2.33475703222459
0.788574751350026 0.0679592165469192 0.103486825955383 3.10501936250521 -0.146689619997082 -1.79493094104497 -0.608997272301759 0.297786907089504 2.88567690577684
0.788479093779825 0.0681931258679506 0.103234348702065 3.10453272859941 -0.147196609937821 -1.79523402348185 -0.764228207116143 0.326674418119913 3.43835300190369
0.788392207636626 0.0684189765727461 0.103009425032332 3.104100644907 -0.147611052264175 -1.7955856369966 -0.913433103630751 0.351090235176104 3.97373945746498
0.788312350194262 0.0686354502142056 0.102800469159326 3.10370816755786 -0.147962981288775 -1.79594876546659 -1.05750410199231 0.372558452547213 4.49194141152785
0.788238157692083 0.06884242701335 0.102599741984369 3.10334143045872 -0.14826558536919 -1.7962995992409 -1.19852974028415 0.392105311966723 4.99832167440385
0.788169728083502 0.0690379359935062 0.102402864191139 3.10299118894447 -0.148512973285639 -1.79661567761846 -1.33843721926869 0.410183530327632 5.4980495957782
0.788109081279673 0.0692163540847685 0.102207618397806 3.10265069334939 -0.148677401929979 -1.79686526646185 -1.47885854160754 0.426805552639949 5.99522719675067
0.788060742020265 0.0693664428970018 0.102013219845623 3.10231089836424 -0.148701402862852 -1.79699639707244 -1.62134927527067 0.441695994061122 6.49369985073512
0.788032513088022 0.0694689437702213 0.101820251174283 3.10195234527375 -0.14848532705175 -1.79692521552773 -1.76756639299277 0.45451312724621 6.99851237794831
0.788035649519362 0.0694954041186769 0.101631253551424 3.10153233159744 -0.147879457683417 -1.79653074581971 -1.91910060812448 0.465320496448062 7.51763188117408
0.788082113985034 0.0694137662861304 0.101451638030491 3.10097103336207 -0.146709359000202 -1.79567941331301 -2.07653881825256 0.475499414455435 8.06289843552822
0.788175697553141 0.0692091946429333 0.101289501077201 3.10015589771695 -0.144880361248356 -1.79431448512973 -2.23758933799433 0.488815893269184 8.64734266284848
0.788299424203112 0.0689161813350717 0.101151966369359 3.09899527143753 -0.142547163111915 -1.79259123995157 -2.39573669490238 0.511126749254747 9.2762651219086
0.788415125295461 0.0686241235780889 0.101038909852971 3.0975037879624 -0.140157092880556 -1.79089569036977 -2.54261194472583 0.547184869774639 9.93813017285553
0.788486028124353 0.0684256140966718 0.100941424773489 3.09581535776042 -0.138194837582533 -1.78962070650875 -2.67360394477666 0.597008907925487 10.6091569048838
0.788499221685744 0.0683591583570784 0.100848310266276 3.09408692709491 -0.136879417578507 -1.78892524775197 -2.79030282562691 0.656437565869772 11.2694212502131
0.788463811068099 0.0684088069867314 0.100752513491193 3.09241129997253 -0.136146127728421 -1.78873907599238 -2.8975743427282 0.720721337807805 11.9115964886503
0.788396260964419 0.0685379337431513 0.100651892378333 3.09081181378024 -0.135813271217309 -1.78891016348161 -3.00001149523158 0.786783233338089 12.5376581437082
0.788310860782529 0.0687132328433941 0.100547025305676 3.08927554894952 -0.135706951136577 -1.78930818138952 -3.10065601860983 0.853316960297956 13.1528424372986
0.788217680609892 0.0689109937176893 0.100439378738676 3.08777919873005 -0.135695908652637 -1.78985313198922 -3.2011905235839 0.920156967070286 13.7623064284319
0.788123880199386 0.0691148412719792 0.100330548156819 3.08629941890444 -0.135680634183522 -1.79050984494184 -3.30234503254469 0.987831428397495 14.3702092667084
0.78803566655741 0.0693115750662449 0.100222199587336 3.08481393753344 -0.135571143409863 -1.79127692921438 -3.40394828104725 1.05747052536199 14.9797276498644
0.787960089104164 0.0694872618305082 0.100116357560352 3.08329897910894 -0.135266119621105 -1.79217832530014 -3.50438316786822 1.13100913117283 15.5930131732121
0.787906452149483 0.0696240757276145 0.10001585032874 3.08172619861461 -0.13463920827852 -1.79325478776207 -3.59921710025784 1.21158124281006 16.2104489594971
0.787886696477375 0.069698975487897 0.0999246919098617 3.08006232431603 -0.133544331635547 -1.79454624175229 -3.67891474643645 1.30385544562197 16.8286537059272
0.787912971292676 0.0696874519775777 0.0998478527435276 3.07827695534518 -0.131864938657147 -1.79605239471712 -3.72652302348431 1.41363277775522 17.437194564754
0.787990106904338 0.0695769281162134 0.0997894635035475 3.07636423917897 -0.129628865850377 -1.79767068310869 -3.71868773878727 1.54556005857942 18.016130089237
0.788104788664889 0.0693874752446118 0.0997492091248518 3.07437136669521 -0.12713826434254 -1.7991577128972 -3.6350028951469 1.69874853809368 18.5399567372667
0.788222943924126 0.0691791639674257 0.0997197360871864 3.07240064998375 -0.124941201327091 -1.80020354088673 -3.47373331451748 1.86381622587772 18.9913659038323
0.788305980632383 0.0690244767908383 0.0996895009295408 3.07055957934874 -0.123547623334113 -1.80061363651723 -3.25793579830795 2.02660417678047 19.3744894583612
0.7883330277862 0.068966625533365 0.0996495509405295 3.06890061300842 -0.123140182533256 -1.80041891364948 -3.02138425371834 2.17643150577859 19.7116692479142
0.788306449125261 0.0690065583879353 0.0995972082233896 3.06741230475218 -0.123572050013382 -1.7998070665741 -2.78951487552406 2.31032914363261 20.0278056197899
0.788241498527087 0.0691202016321098 0.0995345883065462 3.06605293189501 -0.124559636842511 -1.79899248182202 -2.57302815939958 2.43101029592696 20.3394444125396
0.78815546893681 0.0692784983266595 0.0994656341030833 3.06478217069525 -0.125836020252809 -1.79814866911321 -2.37219399444199 2.54318296221933 20.6537567489074
0.788063156346423 0.0694566156118092 0.09939436237903 3.06357414557349 -0.127197814824924 -1.79740702193691 -2.1827223709266 2.65141407275079 20.9718197484971
0.787976836013979 0.0696348003682209 0.0993244353109206 3.06241873796755 -0.128491927074958 -1.79688100664462 -1.99918126019648 2.75959927515206 21.2915212780655
0.787907803964756 0.0697960859283272 0.0992593684287858 3.06131968386353 -0.12958777702733 -1.7966905784358 -1.81617209051652 2.87117545462743 21.608922664801
0.787867879442486 0.0699237605743323 0.0992028638324736 3.06029308867268 -0.130354863670156 -1.79697808202121 -1.62837668003454 2.98947247134986 21.9184471612119
0.787870052629127 0.0699999210839841 0.0991589587817823 3.0593664006382 -0.130653410211703 -1.79791011242657 -1.43030718548253 3.11788319951026 22.2125147467958
0.787927473297173 0.0700061847513798 0.0991317024097393 3.05857573976151 -0.130345434587075 -1.79965556803616 -1.21633227237838 3.25960846219154 22.4813108658558
0.788049872317596 0.0699277828881371 0.0991240634773679 3.05795813697655 -0.129334875511525 -1.80232781395369 -0.981464949156357 3.41675776186976 22.7135971442699
0.788237388321987 0.0697612971227904 0.0991360542195519 3.05753613387786 -0.127635479000783 -1.80589292420593 -0.723154893027373 3.58884580538985 22.8995030501405
0.788474572086965 0.0695228328364242 0.0991629143487589 3.05729832755593 -0.12543429823165 -1.81008754841685 -0.443492920338359 3.77143421616618 23.0351797660157
0.78873038254304 0.0692492426347273 0.0991951231456014 3.05718928177599 -0.123086781942503 -1.8144309188143 -0.150059808605035 3.95635960974892 23.1267647056571
0.788967874908219 0.0689869758449448 0.0992213560547669 3.0571229581774 -0.121005842390976 -1.81837731238368 0.146223124334061 4.13433407480683 23.1897443721418
0.789158575429238 0.0687739337769863 0.0992328494240239 3.05701532527659 -0.119504119215299 -1.82152592510286 0.435406399416216 4.29850496333593 23.242904345447
0.789291246673666 0.0686272991695105 0.0992260373719318 3.05681262459323 -0.118703115390469 -1.82373705870869 0.711916785216572 4.44640932130457 23.3011761903011
0.78937069184628 0.0685437520868009 0.0992021459234497 3.05649811704886 -0.118553314579954 -1.82510031466107 0.975090596017043 4.5794056470317 23.3721505686596
0.789411004125676 0.0685072840981868 0.0991650938163372 3.05608142268787 -0.118913467066727 -1.82582719135608 1.22760219405227 4.70081455480894 23.4568325710162
0.78942928125458 0.0684970603496627 0.0991195325956778 3.05558394003653 -0.11962248234177 -1.82615666486016 1.47355221801371 4.81426997295373 23.5522323556609
0.789442296749193 0.0684918564161875 0.0990697820447623 3.05502872133899 -0.12053773528967 -1.82630686389061 1.71718934320903 4.92283963883657 23.6536840427422
0.789465651474603 0.068471402184721 0.0990195197193817 3.05443602853575 -0.121545748182315 -1.82646330261181 1.96231029238191 5.02875374906956 23.7562170852843
0.789514082309822 0.0684162081794652 0.098971837778782 3.05382269830273 -0.122559262063417 -1.82678388254706 2.21201671279596 5.13341615271145 23.8551805673747
0.789601819495319 0.0683072905438203 0.098929362799038 3.05320331582063 -0.123511063858388 -1.82740574097506 2.46851848275018 5.23747140090486 23.9465336674858
0.789742236542337 0.0681268057267276 0.0988942600021377 3.05259186802801 -0.124350036687527 -1.82844527212887 2.73279532691097 5.34082981619243 24.0271387774733
0.789946318054799 0.0678602437810943 0.0988680361947734 3.0520030283984 -0.125041662385176 -1.82998706108731 3.00407276484001 5.44264821137078 24.0952448820954
0.790219867599918 0.0675002832488126 0.0988511454248408 3.05145241299677 -0.125572941725437 -1.83206189312238 3.27924545437998 5.54133242832348 24.1511613767882
0.790560116472052 0.0670513951181458 0.0988425273731884 3.05095531487692 -0.125959276199922 -1.83462061098081 3.55258201284595 5.6346687344958 24.1978831997345
0.790953367445837 0.0665329640434207 0.0988393499083995 3.05052392708035 -0.126248340045483 -1.83751832065882 3.81615157191927 5.72017181876334 24.2412099577615
0.791375778586413 0.0659780858396089 0.0988372661359766 3.05016399049944 -0.126515287822281 -1.84052591892316 4.06121779424749 5.79562352297004 24.2889137184229
0.79179838347156 0.0654266168663834 0.0988312977612562 3.04987260194114 -0.126847129826255 -1.84337557675894 4.2802921157476 5.85960830105667 24.3489289822861
0.792195047038261 0.0649143271793215 0.0988170738670413 3.04963866629599 -0.127320865132436 -1.84582605888028 4.46897719146479 5.91177041833314 24.4271784056476
0.792550111051318 0.0644626124245219 0.0987918961237917 3.0494459975517 -0.127984588275903 -1.84771910126837 4.62672329148127 5.9526395993257 24.5259534993346
0.792862848119104 0.0640726492560183 0.0987552268067128 3.04927752716715 -0.128848689592256 -1.84900400166133 4.75626343609449 5.98311841330359 24.6434050095857
0.793148062115943 0.0637248146157669 0.0987085806837266 3.04911877130136 -0.129887559214026 -1.84972815566096 4.86221899063093 6.00388829586564 24.7740092304956
0.793434034611277 0.0633816581289183 0.0986550885420534 3.04895961889301 -0.131047141520712 -1.85000748969448 4.94960556858934 6.01497453266377 24.9094863360149
0.793759136381578 0.0629925706603248 0.0985990045372398 3.04879458586061 -0.132253553671756 -1.84999252792487 5.02272514092622 6.01560175830573 25.0397726373423
0.79416725306831 0.0624998822743653 0.0985452453508503 3.0486221721347 -0.133421179317738 -1.84983814096014 5.08457791198878 6.00439043338147 25.1540406057443
0.794701051863789 0.0618476430315496 0.0984988607607129 3.04844386149431 -0.134461950311805 -1.84967743235834 5.13673343921636 5.97990734788296 25.2420637924925
0.795392317193213 0.0609941144926032 0.098464279922995 3.04826299238101 -0.135298520028523 -1.84959829063406 5.17957431251843 5.941509866887 25.2961828067687
0.796250805159373 0.0599261372287214 0.0984443293577255 3.04808352767329 -0.135881409329139 -1.84962516771291 5.21283879249259 5.89024305517012 25.3136278246106
0.797256403102971 0.0586692249326969 0.0984393361220004 3.04790880505523 -0.136204680398787 -1.8497142508838 5.23632657147124 5.829335487515 25.2981998270142
0.798360543769207 0.0572857213712226 0.0984468570007528 3.0477405657273 -0.136310720575543 -1.84976973482273 5.25050937321809 5.7638554163085 25.2600157201487
0.799498666115925 0.0558587087729031 0.0984623717648383 3.04757864112088 -0.136278229376256 -1.84967839457293 5.25676529560307 5.6995234702005 25.2128780332167
0.800608177596802 0.0544688180680747 0.098480677077907 3.04742141534423 -0.136197969259552 -1.84934688170497 5.25715144691305 5.64126034563503 25.1704105190367
0.801642842977988 0.0531756488205155 0.098497264809656 3.0472667788624 -0.13614873751167 -1.8487245808399 5.25391062786912 5.59220971529949 25.1429058234472
0.802578159479588 0.0520108236620861 0.0985090970269477 3.04711316517308 -0.136183784905621 -1.84780635680812 5.24901700202855 5.55356765277555 25.1360958311627
0.803408666109844 0.0509814649835178 0.0985146835983561 3.04696053617205 -0.136329280850679 -1.84662221716146 5.24394560075866 5.52502479219509 25.1516923702559
0.804141569703837 0.0500784539020193 0.0985137352330059 3.04681162151281 -0.136589953243638 -1.84522523363691 5.23966932752664 5.5054208830715 25.1887916680025
0.804790635452044 0.0492843982032643 0.0985067210984143 3.04667410836649 -0.136955900549869 -1.84368639726376 5.23679325826372 5.49331879463635 25.2453142723927
0.805372398024931 0.0485786841062274 0.0984945455442971 3.04656476350479 -0.137406338496729 -1.84210124574798 5.23573720208036 5.487394897928 25.3190508152949
0.805905403036717 0.0479387207950126 0.0984784458365041 3.04651646668996 -0.137907744545481 -1.8406106076636 5.23691014589653 5.48666017280904 25.4081453491603
0.806412738274409 0.0473370148945166 0.0984601583694208 3.04658795616149 -0.138404879113558 -1.83943366513877 5.24082925102233 5.49054375378768 25.5108304193117
0.806927609061457 0.0467341740276016 0.0984423428971738 3.04687142018179 -0.138805775843874 -1.83889694577337 5.24809300606323 5.49881054974844 25.6240344612921
0.807499059183245 0.0460709519198055 0.0984290250070032 3.04748211141709 -0.138971296422416 -1.83940703890372 5.2590403306721 5.51119323802588 25.7405744692403
0.808188387374807 0.0452705836221191 0.0984252733419747 3.04850337174549 -0.138738556778155 -1.84127667489381 5.27298276480473 5.52665751849355 25.8461202163778
0.809043237172496 0.044268428925916 0.0984350410854402 3.04988549175675 -0.138009680277592 -1.84439005972445 5.2874406186935 5.54269989820515 25.9203557555078
0.81005704718865 0.0430626658773613 0.0984578239294767 3.05138727030907 -0.136864299203219 -1.84799184344409 5.29859617665154 5.55575535593967 25.9466243693174
0.811158298387325 0.0417328240042129 0.0984878096930669 3.05267868134089 -0.135558659233662 -1.85100263905962 5.30338363319794 5.56305079086552 25.9237768936376
0.812252628169388 0.0403928141940608 0.0985173951767584 3.05353354727478 -0.134374633121597 -1.85265423086731 5.30122459645069 5.56410342990443 25.866520479877
0.813271127569381 0.0391309492047534 0.0985411931365315 3.05390897204915 -0.133483136190812 -1.85277396051411 5.29365321630041 5.56033379488859 25.7946297224104
0.814181124675926 0.0379930177592721 0.098556944249121 3.0538820116745 -0.132933976232738 -1.85159520759007 5.28286226029438 5.55375281523316 25.7240011826793
0.814970239748587 0.0369993323850403 0.098564257079913 3.05356145515281 -0.13271543837825 -1.84947175602343 5.27075077332913 5.54612811135285 25.6650137049195
0.81562848514499 0.036166141386559 0.0985632326448169 3.05304214388637 -0.132806603122307 -1.84672523104429 5.25872454861021 5.53883487989401 25.6247849196355
0.816137733490119 0.035518951319016 0.0985537335984498 3.05239665390762 -0.133201479614463 -1.84361560578101 5.24783624378607 5.53301592821819 25.6096726293628
0.816468658449989 0.0350967866604956 0.0985352581006446 3.0516838349359 -0.133910962166056 -1.840368723202 5.23894072300807 5.52975845890652 25.6265778997829
0.816586055173306 0.0349458238530754 0.0985073477243969 3.05096201729595 -0.134946804892115 -1.83721813528593 5.23271099295311 5.53013120093216 25.6824051307072
0.816466768544192 0.0350968627259786 0.098470581252577 3.05029993645374 -0.136286153281506 -1.83443287509158 5.22943261113592 5.5349549464827 25.7808940698643
0.816131448993525 0.035524953184741 0.0984279551493492 3.04977639726426 -0.13782348909613 -1.83229607089859 5.22859994076393 5.54424735623564 25.9168293099125
0.815672804557495 0.0361131186870537 0.0983855623832624 3.04945888743904 -0.139347415861725 -1.83100712429374 5.22862785689684 5.55662353326301 26.0712117913136
0.815241519655347 0.0366697573604764 0.0983509422899683 3.04936792768838 -0.140597951769989 -1.83055531034365 5.22723930446083 5.56940292287597 26.214740630181
0.814976704897045 0.0370169980391357 0.0983294130628491 3.04946124003401 -0.141392833701014 -1.83070055194579 5.2225841806047 5.57982251218983 26.3214798840306
0.814938407408013 0.0370771047793899 0.0983216798818936 3.04966102612119 -0.14170912054247 -1.83111536658856 5.21413513099451 5.58640608785417 26.3812657665883
0.815103730163088 0.0368781132798208 0.0983248350162617 3.04989755797959 -0.141647896965752 -1.83155114960798 5.20256083415403 5.58923680667709 26.3996183662723
0.815410462995956 0.0364985994755625 0.0983349560970753 3.05013065111586 -0.141344526245831 -1.83189350451632 5.18898449540721 5.58925491239794 26.3889971817927
0.815797378469163 0.0360162940985776 0.0983488574328872 3.05034567668408 -0.140908553415307 -1.83212369156711 5.17440113309678 5.58750057701437 26.3611917084355
0.816220750365707 0.0354868527636707 0.0983645184375397 3.05054135626274 -0.140409246971428 -1.83226302440562 5.15948448966592 5.58475602247263 26.3244155055687
0.81665443285663 0.034943612915094 0.0983808378267324 3.05072066438061 -0.139884242278823 -1.83233856226836 5.14462550719133 5.58150332530794 26.2834758438815
0.817084500797064 0.034404354164018 0.0983972711694939 3.05088662228929 -0.139352084436788 -1.83237039311297 5.130030762375 5.57800379304511 26.2408805768186
0.817504105166171 0.0338778318395373 0.0984135627069019 3.05104114426752 -0.1388214626897 -1.83237028683254 5.11580450721149 5.57438683486219 26.1978395892564
0.817910037354961 0.0333681533628288 0.0984295906797109 3.05118513412464 -0.138296516193121 -1.83234406081518 5.10199978373231 5.57071295670218 26.1549135401832
0.818300810059582 0.0328772275335088 0.0984452904585135 3.05131886819051 -0.137779460935914 -1.83229414027449 5.08864560230562 5.56701024086391 26.112367699666
0.818675708600752 0.0324059770428758 0.09846062041001 3.05144231367112 -0.137271751287497 -1.83222130885749 5.07575983556705 5.56329284133825 26.0703430812355
0.819034366488583 0.0319548815414366 0.0984755481882529 3.05155532068939 -0.136774544093982 -1.8321256771131 5.06335476571759 5.55956941296156 26.0289313367384
0.819376591856041 0.0315241998785232 0.098490045775701 3.05165771945153 -0.136288865314544 -1.83200714678909 5.05143925533036 5.55584659972882 25.988204611449
0.819702302116343 0.0311140537701813 0.0985040879127052 3.05174936363136 -0.135815662028738 -1.83186560934677 5.04001952061111 5.55213034686244 25.9482263620315
0.820011500698785 0.0307244575388507 0.0985176516855145 3.05183014767916 -0.135355815551657 -1.83170102228775 5.02909940098983 5.54842634975658 25.9090549428377
0.820304267908808 0.030355329760832 0.0985307163903163 3.05190001238117 -0.134910145686482 -1.831513434612 5.01868051168235 5.54474020933073 25.870744936957
0.820580754641289 0.0300065013334458 0.0985432632735386 3.05195894464466 -0.134479420129123 -1.8313029924564 5.0087624720666 5.54107753772174 25.8333484076941
0.82084117384861 0.0296777266200858 0.0985552748333783 3.05200697318982 -0.134064380822483 -1.83106993814938 4.9993433721239 5.53744414563917 25.7969174306832
0.821085786093286 0.029368702589024 0.0985667332442722 3.05204415985996 -0.133665804360397 -1.83081461149059 4.99042070669449 5.53384643199097 25.7615094427986
0.821314874842071 0.0290791018558966 0.0985776171920235 3.05207058569605 -0.133284624705709 -1.83053746717733 4.98199315414294 5.53029213502281 25.7271977066182
0.821528705679263 0.0288086276068942 0.0985878960016998 3.05208633188763 -0.132922163167844 -1.83023913804286 4.97406379646922 5.52679166271673 25.6940903450543
0.821727462478544 0.0285571000147777 0.0985975194578138 3.05209145934513 -0.132580531075056 -1.82992060471269 4.96664564627912 5.52336026463703 25.6623626724282
0.821911154598056 0.028324582531411 0.0986064013280563 3.05208599896038 -0.132263288650931 -1.82958358404293 4.95977057486048 5.52002127753054 25.6323082910605
0.822079495426469 0.0281115482135122 0.0986143947033147 3.05206998003823 -0.131976444137763 -1.82923132272816 4.95350271744612 5.51681046860794 25.6044133064012
0.822231768602439 0.0279190649152183 0.0986212586067341 3.05204354812525 -0.131729830526933 -1.82887006494878 4.94795676643747 5.51378095831283 25.5794527007665
0.822366728967027 0.0277489368480568 0.0986266190969865 3.05200725195185 -0.131538754366155 -1.82851150440043 4.94331960170319 5.51100714754846 25.5585949479266
0.82248263272169 0.0276036756766806 0.0986299357596262 3.05196259716398 -0.131425508622641 -1.82817641706123 4.9398696305993 5.50858440955736 25.5434766551395
0.822577545039238 0.0274861002106516 0.0986304967392512 3.05191293552666 -0.131419840573965 -1.82789920307821 4.93798156971741 5.50661933556274 25.5361730739965
0.8226500943544 0.0273983318946895 0.0986274793258242 3.05186462161964 -0.131556867696803 -1.82773202314837 4.93809666984952 5.50520432926639 25.5389548242033
0.822700748615514 0.0273400745712224 0.0986201169479424 3.05182807083351 -0.131870689830487 -1.82774563792099 4.94063568377777 5.5043731626172 25.5537242142255
0.82273338486426 0.027306472636939 0.0986079849073219 3.05181795214334 -0.132382969502709 -1.82802283286944 4.94584630692346 5.50404425406378 25.5811313276682
0.8227564397773 0.0272864983622121 0.0985913382952369 3.05185157232032 -0.133088866765572 -1.82864152197009 4.95361874079191 5.50397546304123 25.6196195335805
0.822782617809515 0.0272632579713726 0.0985713342123345 3.05194508868571 -0.133946960257833 -1.82965017096414 4.96335860359287 5.50376649696633 25.6649307426954
0.822826571535704 0.0272170428331066 0.098549947052313 3.05210864749017 -0.134881168615491 -1.83104601550852 4.97402210517224 5.50293213665036 25.7106001670431
0.822901238622644 0.0271302485645152 0.0985295315545064 3.05234284756412 -0.135797222070892 -1.83276912982413 4.98434305035071 5.50102636205868 25.7494605800459
0.823014620285149 0.0269917715216877 0.0985122272195555 3.05263851570225 -0.136606515136985 -1.83471704130893 4.99315245741599 5.49775697844832 25.7754664762804
0.823168528448898 0.0267987926548056 0.0984995050181404 3.05297963537221 -0.13724520702285 -1.83677113864798 4.99962970316144 5.49303516624671 25.7849246857352
0.823359424066328 0.0265557321967828 0.0984920298477566 3.05334735428117 -0.137680967217209 -1.83882000122117 5.00338867963575 5.48695081459622 25.7766982060456
0.823580290235014 0.0262717661832664 0.0984897981137415 3.05372284278564 -0.137908298088578 -1.84076964262367 5.00441721023012 5.47970631402293 25.7516057500629
0.82382233081439 0.025958532110327 0.0984923981517447 3.0540878634831 -0.137938141356191 -1.84253893190498 5.0029500403339 5.4715491846082 25.711518525448
0.82407579834777 0.0256289752074631 0.0984992603321907 3.0544229066854 -0.137786920405971 -1.84404277878769 4.99934564183347 5.46272865502705 25.6585382336822
0.82432980392542 0.0252975475195542 0.0985098274226056 3.05470319873206 -0.137467582539143 -1.84516615995912 4.99399658360903 5.45348708280479 25.5944220385581
0.824571420850019 0.0249813546445002 0.0985236082245248 3.05489364289724 -0.136983935448827 -1.84573515045298 4.98726810943022 5.44409444932061 25.5203341535073
0.824785227491412 0.0247007481241089 0.0985400603817673 3.05494676631707 -0.136331361761568 -1.84550773669495 4.97943964910513 5.43493324529414 25.4371199519629
0.824956149539419 0.0244756167371479 0.0985582424577089 3.05481455359681 -0.13551117895884 -1.84424436815161 4.97062561472319 5.42660445095303 25.3464732736687
0.825079208927759 0.0243126461925865 0.0985763792344841 3.0544877069639 -0.134563311715472 -1.84192914623066 4.96070475200337 5.41990547559308 25.2529124062163
0.825172366645785 0.0241885097460123 0.0985919997397666 3.05404585304775 -0.133593390115814 -1.8390403850845 4.94939067907126 5.41545154138736 25.1645212295997
0.825274212931983 0.0240528468974862 0.0986032009474086 3.05364600259819 -0.132739507481747 -1.83646580289286 4.9365196692558 5.41310305247038 25.0894833407448
0.825419065626893 0.023860809137372 0.0986098915503489 3.05342251279456 -0.132087149188217 -1.83493733956913 4.92227665318283 5.41193374994224 25.030771621193
0.825617396189887 0.0235986976668649 0.098613397309242 3.05341119134411 -0.131633280348022 -1.8346262720082 4.90706314527333 5.41086754460154 24.985545377007
0.825860895178251 0.0232773962112099 0.0986151612523388 3.05357138739498 -0.131327742425266 -1.83528687019608 4.89122190652267 5.40916514751263 24.9489452332135
0.826136684777517 0.0229138246137311 0.0986160243106605 3.05384195222732 -0.13112263159389 -1.83657407518983 4.87491720488016 5.406395101827 24.9170928849972
0.826435554754762 0.0225202151532116 0.0986161927542957 3.05417116239457 -0.130992193530585 -1.83820819543379 4.85816134607241 5.40218553270627 24.8877199499753
0.826754039060371 0.0221014974738169 0.0986153870984712 3.05452022080934 -0.130934040185946 -1.83999415843234 4.84088394032023 5.39599559022792 24.8596754347811
0.827094347935648 0.0216555988259645 0.0986129022493895 3.0548556595916 -0.130966771105973 -1.8417845010235 4.82301808591434 5.38693618199006 24.8322741444625
0.827464224226284 0.0211740295907501 0.0986075490851045 3.05513838535174 -0.131128934074372 -1.84343020007549 4.80465176337029 5.37363331523567 24.804669216026
0.827876507937508 0.0206430840435062 0.098597577829776 3.05531157325136 -0.131475926556293 -1.84472994047483 4.78634083225346 5.35424136247255 24.7750983858239
0.828345907614107 0.0200487087836148 0.0985808729597212 3.05529210656631 -0.132062876701322 -1.84539156145615 4.76966532589406 5.32696747559101 24.7399156475119
0.828878380221827 0.0193900142427162 0.0985559830008934 3.05498216242399 -0.132894927283412 -1.84506030196695 4.75782243445988 5.29169121852077 24.6929591945525
0.829452609618978 0.0187001779969075 0.0985242589832542 3.05432623066678 -0.133849650923721 -1.84350551606692 4.75526604005515 5.25250056938332 24.627068919199
0.830011858305328 0.0180512178547824 0.0984913193123645 3.05339462916637 -0.134659298256204 -1.84091750727735 4.7651883179188 5.21824568348347 24.5390790626125
0.830492713678873 0.0175148237791348 0.0984645056150306 3.05238264548277 -0.135056616983758 -1.83793812754521 4.7864736505516 5.19771925799435 24.4340256637849
0.83086895354769 0.0171124491769637 0.0984478340924313 3.05147904018483 -0.134960701342283 -1.83522911131901 4.81431326903565 5.19356303036492 24.3219167885758
0.831157304360784 0.0168155249578304 0.0984405317215439 3.05075928798132 -0.134476103184014 -1.83308610915725 4.8438955506319 5.20233801671796 24.2106679314938
0.831390497906983 0.0165808151523812 0.0984395834147649 3.05020410525704 -0.133760889442776 -1.83147435350622 4.87253449235929 5.21887936098532 24.1034481054888
0.831596456817772 0.0163739024431263 0.0984421578809401 3.04976439841454 -0.132938742246705 -1.8302419630409 4.89926746604293 5.23917537899313 24.0003593001108
0.831793798515748 0.0161724215594423 0.0984463599609784 3.04939969744285 -0.13208630553545 -1.82925470342617 4.92377533318025 5.26076367733558 23.9005548940884
0.831994858126804 0.0159612283149283 0.0984510665607489 3.04908775607978 -0.131250292582405 -1.82843306190549 4.94565749838246 5.28214416874176 23.8033083082894
0.832209583798249 0.0157272805627545 0.0984555886714574 3.04882254190481 -0.130465295406541 -1.8277468678867 4.96407476625541 5.30215568337899 23.7083104556603
0.832448440258021 0.0154560370156564 0.098459413079223 3.0486105595359 -0.129765582682167 -1.82720169337254 4.97755423519594 5.31952364231819 23.6156548925358
0.832724275072967 0.0151292429861885 0.098462047619581 3.048468268836 -0.129191673954614 -1.82682740777909 4.98384582911046 5.33253956738045 23.5257345927127
0.833053157779062 0.0147241319220679 0.0984629493296051 3.0484201168785 -0.128792468720153 -1.82666837512027 4.97984933727765 5.33884143224094 23.4391003246887
0.833453679651703 0.0142148499043348 0.0984615315011317 3.0484953592776 -0.128621745733775 -1.82677104499511 4.96175474106841 5.33535627571188 23.3562507471149
0.833943704715699 0.0135775476508188 0.0984572674104523 3.04872133223902 -0.128726350293429 -1.82716445873519 4.92563972511389 5.31857674215436 23.2773126595565
0.834533833419357 0.0128000380629347 0.0984499018996142 3.04911176153948 -0.129124759039404 -1.82783316156829 4.86873259431789 5.28537944701035 23.2016356503261
0.835218867529367 0.0118938439354283 0.0984397163892639 3.0496525033908 -0.129781647580273 -1.82869185102791 4.79116991131136 5.23437913837012 23.1274772356934
0.835972105835217 0.0109014414467582 0.0984276835105575 3.05029309965279 -0.13059469472001 -1.82958204480561 4.69735121140168 5.16726089893469 23.0520919033622
0.836748721609827 0.00988996902066265 0.0984153175035219 3.05095432209468 -0.131411852732542 -1.83030746474901 4.59559290419818 5.08905699940916 22.9724161035775
0.837499266105367 0.00893076268092574 0.0984042112692973 3.05155232537706 -0.132078261604064 -1.83069717392696 4.49568103361515 5.00676227083927 22.8860778002027
0.83818557571373 0.0080765767116057 0.0983955292288957 3.0520253742659 -0.132485238337736 -1.8306577184448 4.40568942194909 4.92699956890994 22.7920946717113
0.83878928542595 0.00735042773600393 0.0983897659302931 3.05234678547718 -0.132591587900377 -1.83018366149844 4.33004597449353 4.85422493446476 22.6908635510715
0.839310293845345 0.00674905237948611 0.0983868319524192 3.05252066548666 -0.13241287947758 -1.82933136350331 4.26956288026181 4.79029488176827 22.5836236147703
0.839759777156952 0.00625372841017182 0.0983863013474957 3.05256902084254 -0.131995984575147 -1.82818220635647 4.22266349476364 4.73507757916913 22.4718409733048
0.840153281046596 0.00584043288745465 0.0983876406339057 3.05251964406483 -0.131396408450387 -1.82681515923127 4.18672881713487 4.68736001494513 22.3567972042939
0.840506492591913 0.00548583877253287 0.0983903410623811 3.05239879874982 -0.130665348527328 -1.82529333276267 4.15899984497158 4.64555895228458 22.2394123613637
0.840833769967924 0.00516928563830365 0.0983939539133857 3.05222843283824 -0.129845581170424 -1.8236605685638 4.13697696868115 4.6081083034144 22.1202185544847
0.841148637634797 0.0048719976975236 0.0983980468469739 3.05202631449305 -0.128973215669084 -1.82194316851048 4.11845835981367 4.57358125196937 21.9994120560386
0.841465526154141 0.00457460687467551 0.0984020824346477 3.05180781712929 -0.128083360833422 -1.82015434214056 4.10136107739128 4.54063718017058 21.8769790646046
0.84180211485482 0.00425380321707282 0.0984052001118518 3.05158869383406 -0.127219054427534 -1.81830216806753 4.08343202958354 4.50786426974865 21.752978202185
0.842180951142351 0.00387971773653997 0.0984059042792608 3.05138821781842 -0.126442209955873 -1.81640470574887 4.06199613507788 4.473601533855 21.628143603902
0.842627041317926 0.00341821995297425 0.0984018117954984 3.05123077482297 -0.125839980211135 -1.81451535731211 4.03408144989719 4.43593069787288 21.5049080638953
0.843156359631443 0.00284496675238001 0.0983899501314574 3.05114142775797 -0.125509238427933 -1.81274922842224 3.99748050058659 4.39318968291831 21.3883785718288
0.843755952051019 0.0021714724327611 0.0983682185637121 3.05113164530745 -0.125502185697275 -1.81127393872648 3.9528173185513 4.34517095432595 21.2856713839501
0.844374491707856 0.00145988686816445 0.098337447720894 3.0511836406688 -0.125761556495019 -1.81022891436558 3.90481503973385 4.29410640609149 21.2022586958397
0.844945883159695 0.000795533936859632 0.0983016705033813 3.05125460921593 -0.126128330010053 -1.80962576481632 3.86023887902059 4.24384048172686 21.1378952702323
0.845428451322436 0.000236197115708487 0.0982656550387575 3.05130270208546 -0.126437633453093 -1.80934570811542 3.82387358092558 4.19757682036552 21.0869808321463
0.845818466239791 -0.000208293235026067 0.098232394935418 3.05130677334763 -0.126598941829837 -1.80923129341469 3.79679238154754 4.15661283942278 21.0427413874345
0.846135082329496 -0.000558919576849398 0.0982027077231549 3.05126509133875 -0.126597220840808 -1.80916239704402 3.77763621107803 4.12083387610494 21.0003874619107
0.846402026071939 -0.000844172895268752 0.0981761342669739 3.05118460577313 -0.126454504562174 -1.80907054820445 3.76447235838879 4.08974792641091 20.957547379392
0.84663879640339 -0.00108803826093856 0.0981517975736066 3.05107267744822 -0.126198396679347 -1.80892064057344 3.75581302105957 4.06316252141535 20.9133973616704
0.846859247313306 -0.00130743442001851 0.0981288213840795 3.05093325412443 -0.125847345995915 -1.80868976844348 3.75090442439882 4.04145898347558 20.8677531414612
0.847072937374259 -0.00151338799881429 0.098106441750156 3.05076535341459 -0.125405802371664 -1.80835205621328 3.74972631655171 4.0256519014649 20.8204251565933
0.847286750519692 -0.00171265728675598 0.0980839930552439 3.0505620022984 -0.124862823089862 -1.8078685439263 3.75293910762852 4.01728557437513 20.7706863811119
0.847505848642157 -0.00190854774500128 0.0980608849217931 3.05030898453483 -0.124192043952046 -1.80718115161023 3.76179461603468 4.01798061423759 20.7166151055368
0.847733420196964 -0.00210041814114632 0.0980366597386304 3.0499842294789 -0.123355584798549 -1.80621493233839 3.77782745560003 4.02813608276941 20.6541475177801
0.847968574202456 -0.00228173495723943 0.0980112341349895 3.04956116197792 -0.122320072304465 -1.80490207586691 3.80192102986325 4.04407293671809 20.576035098154
0.848202269373007 -0.00243779442212503 0.0979853808270787 3.04902225109182 -0.121095770419556 -1.80324696989394 3.83233293543152 4.05367434946387 20.4719205159692
0.848414272796284 -0.00254729732637623 0.0979611746558533 3.04838524855689 -0.119791704744017 -1.80142248138307 3.86234593461368 4.03401189187768 20.3320132001533
0.848578586235205 -0.00259296285327866 0.0979415638620521 3.04772257285704 -0.118626771439665 -1.79979636593703 3.88067202340701 3.95848538318951 20.154937235358
0.848679435130861 -0.00257601864622653 0.0979286505862018 3.04713569548107 -0.117827151040648 -1.798762589572 3.87728831040934 3.81390579726356 19.9526531050318
0.848722370999298 -0.00251719244837444 0.0979222491276819 3.04669261007173 -0.117482620401738 -1.79849149855219 3.84996415736593 3.61007400750675 19.7439496417108
0.848726976102652 -0.00244151840717051 0.0979204330154428 3.04639706799176 -0.117525041240478 -1.79888122570334 3.80393228395962 3.36976060895519 19.5427604786333
0.848712391685856 -0.00236538292595573 0.0979210884715789 3.04621227040514 -0.117822717556716 -1.79971239053817 3.74656445570484 3.11320173520708 19.3538196951436
0.848690438659256 -0.00229514092715136 0.0979227755136867 3.04609536229775 -0.118263237895857 -1.80079073194757 3.68356281412557 2.85192621441089 19.1758057443363
0.848666322963115 -0.00223134775735956 0.0979247332382507 3.04601335053459 -0.118777404738284 -1.80199064701169 3.61828793521504 2.59039841475311 19.0054631514791
0.848641405344706 -0.00217249440413042 0.0979265881627168 3.04594369277117 -0.119330970613175 -1.803241467505 3.55251266381399 2.32926712579844 18.8397791576254
0.848615267059573 -0.0021168597707246 0.0979280876421271 3.04586937425873 -0.119911072101781 -1.80450179888468 3.48729141853784 2.06752360959227 18.6766002712141
0.848586791594303 -0.00206311593132979 0.0979289049869733 3.04577316916596 -0.120516504320422 -1.80573757579613 3.423606628669 1.80347885535949 18.5146100423175
0.848554704771294 -0.00201039438352083 0.0979284699148433 3.04563187966385 -0.121151897246712 -1.80690363308612 3.36286562304976 1.53509479259531 18.3532065341742
0.848518015909503 -0.00195819685691271 0.0979257766310309 3.04541014547162 -0.121823562530839 -1.80792477246862 3.30737826283317 1.26012702004917 18.1925036862219
0.848476698132632 -0.00190630761363746 0.0979191544894057 3.04505389547784 -0.122534656937867 -1.80867370701035 3.26087356327202 0.976418964686772 18.0335361223115
0.848432834793125 -0.00185475610353255 0.0979060556503286 3.04448545107252 -0.123277700223661 -1.80894847443302 3.22895459845106 0.682645884979665 17.8786583926702
0.848392194343598 -0.00180382792727209 0.0978830417710637 3.04360587025916 -0.124023835358683 -1.80846257972462 3.21911435530545 0.379726226570363 17.7319780001557
0.848365552856744 -0.00175408092378691 0.0978463033504443 3.04231379338589 -0.124712009987292 -1.80687574616759 3.23961746792303 0.0727363610286236 17.5993844827526
0.848368151937711 -0.0017062787680222 0.0977930106638176 3.04054735392364 -0.125247666310399 -1.80389596415308 3.29663652126741 -0.227728439962464 17.4874953985344
0.848415574617374 -0.00166115157956856 0.0977232206696017 3.03833753114184 -0.125523509884141 -1.7994428576223 3.39024684830179 -0.506685337083151 17.4011926027922
0.848516756055676 -0.00161900719526066 0.097641072742173 3.03583457265084 -0.12546266018082 -1.7937776863684 3.51194047254232 -0.749480024000338 17.3407867322173
0.848668737734263 -0.00157939381908993 0.0975538648433355 3.0332716950028 -0.125059316926386 -1.78747398084877 3.6465473725932 -0.947859748897121 17.3010714821659
0.848857812733607 -0.00154100948497292 0.0974692671915047 3.03088271970814 -0.12438557817239 -1.78122301277074 3.77790989055927 -1.10288333997669 17.27343361562
0.849066232602803 -0.00150179960748266 0.0973926549859855 3.02883463582896 -0.123562831813795 -1.7756226958751 3.89408232249694 -1.22276865282645 17.249442666984
0.849279460727779 -0.00145900869339269 0.0973260544591026 3.02721292164408 -0.122725484316438 -1.77108499792633 3.98893971032618 -1.31823588610461 17.2234443590213
0.84949057013456 -0.00140907278429552 0.0972684781499014 3.02604543166515 -0.121999666855381 -1.76786043402087 4.06074808435958 -1.39876300943094 17.1932981280367
0.849701850537915 -0.00134747983670408 0.097216675264806 3.02533164975581 -0.121497345204594 -1.76609825669296 4.1099050718239 -1.4709593262162 17.1599473621426
0.849924806831767 -0.00126888171521688 0.0971657431358709 3.02505730762648 -0.121314180592126 -1.76587643660476 4.13735534216856 -1.53847600248853 17.1266521619786
0.850178792795839 -0.00116775403298457 0.0971096736417824 3.02519174633399 -0.12152106117373 -1.76718209090794 4.14406615016807 -1.60259245255309 17.0981553344908
0.850487552164016 -0.00103970581904529 0.0970421764184695 3.02567587806241 -0.122147434097017 -1.76986178013127 4.13132177424364 -1.66301345846818 17.0796550739706
0.850873328206625 -0.000883092559563327 0.096957937018032 3.02641347760952 -0.123164343016706 -1.7735860863305 4.10133049941981 -1.71872790703571 17.0755103206923
0.851350044915858 -0.000700111419360312 0.0968539826409535 3.02727716968464 -0.124480732556762 -1.77787364249863 4.05757037280486 -1.76882154073087 17.087981302715
0.851918722037142 -0.00049659138643637 0.0967304654720255 3.02813079662971 -0.12596134345356 -1.78218410623387 4.00451278761058 -1.81305153686061 17.1165891622173
0.852567555307154 -0.000280468255096675 0.096590389768835 3.02885713627674 -0.127459782444427 -1.78603737950188 3.94683704361813 -1.85201454553127 17.1584569579255
0.853276084723119 -5.98314554391782e-05 0.0964384954145868 3.02937576270915 -0.128849454019783 -1.78909629027649 3.88862961059014 -1.88693160776636 17.2093926482549
0.854020431980842 0.000158409646968085 0.0962800019283385 3.02964396314688 -0.130038596339086 -1.79118099521231 3.83302334474791 -1.91925491299094 17.2650844098326
0.854776749795464 0.000368784359227595 0.0961198114537513 3.02964489378194 -0.130968298647284 -1.79223007877502 3.7823959059261 -1.95030728358841 17.3219179805708
0.855521894429681 0.000566651187203734 0.0959623264334405 3.02937211682326 -0.131601796104404 -1.79224550669019 3.73896642624769 -1.98103759709132 17.3773302258037
0.856232055119794 0.000747224556637471 0.0958116792099938 3.02881819249183 -0.131915075065654 -1.79125321133708 3.7055441528415 -2.01185575022473 17.4298978531521
0.856881034874057 0.000904786200383346 0.095672017149143 3.02797203040577 -0.131896320524689 -1.7892969499248 3.68616688050255 -2.04247792966229 17.4794056859054
0.857440469165423 0.00103267751881538 0.0955474421426083 3.02682779523169 -0.131558082712344 -1.78647079523021 3.68626633667594 -2.0717719637566 17.5270093349213
0.857884445365929 0.00112469047868523 0.0954412507099546 3.02540528202494 -0.130959796302133 -1.78297964455731 3.71185043728105 -2.09772156626432 17.5753668687391
0.858199325603298 0.00117799955987612 0.0953544609004109 3.0237738380086 -0.130226829401275 -1.77918903129504 3.76736531810772 -2.11774744320953 17.6283543900943
0.858394663448194 0.00119637201181318 0.0952843908820689 3.02206089561985 -0.129541782097858 -1.77560121704201 3.85286377985393 -2.12953194391812 17.6899851694359
0.85850610598893 0.0011909915994215 0.0952246783147152 3.02042692852374 -0.129093861521368 -1.77272395879839 3.96242677838737 -2.13205233628518 17.7627425314928
0.858584363824729 0.00117722713093343 0.0951673937796018 3.01901401142238 -0.129009293778846 -1.77089501620859 4.08559800382111 -2.12610931966597 17.8463339113527
0.858676383774052 0.00116919883251421 0.0951060175952234 3.01790306647228 -0.129310952875825 -1.77018671395738 4.21112505455206 -2.11392014762426 17.9377646959288
0.8588116874429 0.00117591920389524 0.0950372910675636 3.01710730756403 -0.129929983541594 -1.77044497072171 4.33028337709987 -2.0981540708173 18.0324883495033
0.859000064431318 0.0012007527331941 0.094961248450549 3.01659564774963 -0.130747467642565 -1.77140219826246 4.43796605068798 -2.08112933008085 18.1256215591228
0.859236886782224 0.00124305557036045 0.094880211032004 3.01632209624486 -0.131632639658108 -1.77277705375059 4.53189894526999 -2.06450943962007 18.2125618439351
0.859509736072818 0.00130014054707803 0.0947977312057568 3.01624523387746 -0.132463127676827 -1.7743246058187 4.61126014170896 -2.04937921660586 18.2890450804946
0.859802993572662 0.00136858792387074 0.0947179087272134 3.0163354331735 -0.133130994757459 -1.77584677876872 4.67558894506239 -2.03645248118861 18.3510016882206
0.860100114101221 0.00144480733686776 0.0946450183501591 3.01657370963889 -0.133543869548151 -1.77718569831059 4.72425890715713 -2.02624762123535 18.3945379472982
0.860384602424793 0.00152512679155345 0.0945832174293711 3.01694627623073 -0.133628292486525 -1.77821667681369 4.75647697478938 -2.01916962782243 18.4162343712037
0.860640803393539 0.00160572808239962 0.0945361331247418 3.01743757384792 -0.1333382340124 -1.77884867094851 4.77168265833039 -2.0154957368277 18.4138077845162
0.860855209455246 0.0016826827367267 0.0945062641927775 3.01802397169684 -0.132667237235178 -1.77903271909741 4.77017171348408 -2.01529338636605 18.3869987204247
0.861018347815435 0.00175223138833101 0.0944943280805607 3.01867041939189 -0.131658335217978 -1.77877289120212 4.75368309696555 -2.01832449088495 18.3383256318146
0.861126604123478 0.0018112840164336 0.0944988574082576 3.0193319467046 -0.130403869625623 -1.77813059201665 4.72563024884962 -2.02400464385852 18.2732262692755
0.861182958267987 0.00185793951257629 0.0945163524911864 3.01996009338536 -0.129030502665438 -1.77721459102191 4.69075870460754 -2.03146779893386 18.1992804617505
0.861195961886152 0.00189175154372316 0.0945420470655423 3.0205116773651 -0.127672803847782 -1.77615684597083 4.65430138197997 -2.03972989490015 18.1246876271995
0.861177249340482 0.0019135892737806 0.0945709912677479 3.02095585170321 -0.126446105920942 -1.77508316532202 4.62099767459034 -2.04788355257105 18.0566289369342
0.861138684730547 0.00192517383450932 0.0945989901773584 3.02127659820991 -0.125429503500585 -1.77409062914225 4.59439623944568 -2.05524023856897 18.0001849684112
0.861090268967938 0.00192852590456868 0.0946230818335568 3.02147063842688 -0.124663081575834 -1.77323854536599 4.57664244441609 -2.06137571523784 17.9580896443874
0.861039302004439 0.00192554143834411 0.0946415308528645 3.02154289093272 -0.124155936017574 -1.77255187193687 4.56866912905969 -2.06608979018932 17.9311431802628
0.86099063181884 0.00191778937672021 0.0946535170451629 3.0215019201809 -0.123898382947081 -1.77203146105353 4.57056539518098 -2.06932155522687 17.9188978917313
0.860947522982651 0.00190651284462028 0.0946587323829887 3.02135690340781 -0.123872956195046 -1.77166548807819 4.58191780205053 -2.07105957881564 17.9202878061754
0.860912714121965 0.00189276626936839 0.0946570313032756 3.02111657926676 -0.124061570880194 -1.77143874985109 4.60201131657802 -2.07127000170403 17.934035370503
0.860889391500241 0.00187762029435722 0.094648198630332 3.02078998869748 -0.124448423079817 -1.77133877005617 4.6298629440433 -2.06985080523775 17.9588042638569
0.860881927278793 0.00186238007750694 0.0946318491594276 3.02038854084833 -0.125019273741763 -1.77135888477448 4.66411453006626 -2.06661361043892 17.9931403963421
0.86089627199861 0.00184876855639428 0.0946074524984819 3.01992878476266 -0.12575814371602 -1.77149883411516 4.70284383930686 -2.06129334450906 18.0352749864651
0.860939884593911 0.00183902124624635 0.0945744681645582 3.01943506169982 -0.126642667632026 -1.77176333301623 4.74337983516691 -2.05358641827262 18.0828832841403
0.861021097851167 0.00183583501045796 0.0945325620531192 3.01894096799093 -0.127639681835411 -1.77215905132045 4.7822295498757 -2.04321539747817 18.1329111040468
0.861147920957943 0.00184213046244324 0.0944818496738215 3.01848850123853 -0.12870292346172 -1.7726906216034 4.81522118897627 -2.03001035923721 18.1815856852148
0.861326493511087 0.00186064178496708 0.094423083839098 3.01812421730033 -0.129774540850441 -1.77335667876168 4.83791471543519 -2.01398627676545 18.2246898233537
0.861559646161491 0.0018934291684694 0.0943576991429724 3.01789281210161 -0.130791036324694 -1.77414721616726 4.84622228757087 -1.99538903465298 18.2580839497203
0.861846120734784 0.00194147322604747 0.0942876638873784 3.01782985567992 -0.131692435642144 -1.77504332132428 4.83706107309679 -1.97468850944432 18.2783396854188
0.862180821741802 0.00200450328172771 0.094215164461115 3.01795609387647 -0.132431868032107 -1.77601950671944 4.80881064208495 -1.95251710489962 18.2832737022291
0.862556069068739 0.00208111988880247 0.0941422150172215 3.01827516326655 -0.1329825027572 -1.77704777809186 4.76141728292643 -1.92957603202318 18.2722040408182
0.862963445890263 0.00216914958231351 0.0940703009270913 3.01877499895281 -0.133340194509552 -1.77810194984377 4.69614198970424 -1.90654423173341 18.2458787456579
0.863395717858448 0.00226609398246778 0.0940001202639678 3.01943165833659 -0.133522290142302 -1.77916087656736 4.61508865764012 -1.88401909190496 18.2061646187266
0.863848459970793 0.00236954135360384 0.0939314185665133 3.02021360475962 -0.133564525494658 -1.7802099779234 4.52069916699494 -1.86250037430343 18.1556514494243
0.864321295289966 0.00247747117027645 0.093862862711161 3.02108479755473 -0.133518159522456 -1.78124115545804 4.41536413405232 -1.84241106395482 18.0973072974393
0.864818827672295 0.00258845079170068 0.0937918936049492 3.02200575079019 -0.133448678621964 -1.78225157072566 4.30122517618438 -1.82413833208272 18.0342508583863
0.86535132979286 0.00270176293816846 0.0937145377570314 3.02293258943314 -0.133436066693202 -1.78324175218193 4.18018479390401 -1.80807373055601 17.9696323602915
0.865935007312493 0.00281750320151129 0.0936252432188304 3.02381492962879 -0.133575062302146 -1.78421331498984 4.05410620040627 -1.79462972245518 17.9065568492643
0.866591247685453 0.00293665133633464 0.0935169324810805 3.02459427701095 -0.133972129464096 -1.78516644551648 3.92515804094859 -1.78420770016536 17.8479472784717
0.867343865396111 0.00306105732279669 0.0933815970890645 3.02520557610627 -0.13473461075542 -1.78609740885405 3.79620547385624 -1.77709590064377 17.7962395784336
0.868213451490631 0.00319322026391581 0.0932117690412884 3.0255848793418 -0.135948469249572 -1.7869967522742 3.67105626531053 -1.77329749301285 17.7528622227386
0.869209220122302 0.00333574238533941 0.0930028739826403 3.02568427600198 -0.137646744186364 -1.78784936622306 3.55429352443613 -1.77234096094497 17.717616999679
0.870321307050493 0.00349049558044373 0.0927557143119791 3.02549011604887 -0.13978127202249 -1.78863743887827 3.4505104047455 -1.77318773869288 17.688300121289
0.871518483276737 0.00365781787293151 0.092477615493532 3.02503468006372 -0.142217555872117 -1.7893459279871 3.36311433461997 -1.77435704439598 17.6609721888737
0.872754568351981 0.0038362125190648 0.092181058319389 3.02439155571927 -0.144764610950532 -1.78996807805903 3.2932974426226 -1.77427382535885 17.6309754816456
0.873981210108608 0.00402278498259198 0.0918801840101005 3.02365462760425 -0.14722847336257 -1.7905078759156 3.23980673796622 -1.77167700515871 17.5942528346937
0.875160153682785 0.00421416117784978 0.0915870590155245 3.02291205077288 -0.149460876920596 -1.79097838054089 3.19962642090941 -1.76587244127522 17.5482784388011
0.876269332348894 0.0044073658129496 0.0913094975685716 3.02222837694623 -0.151381200590137 -1.79139774717097 3.16909679406033 -1.75673906730048 17.4922343958216
0.877302175166599 0.00460031127691747 0.0910508657040822 3.02163988355322 -0.152970846716444 -1.79178583529581 3.14488333261655 -1.74455973951507 17.4265835468037
0.878263195848701 0.00479188514868755 0.0908111286730853 3.02115971114652 -0.15425336411739 -1.79216335705353 3.12452123263631 -1.72980635810605 17.3524225581183
0.879163184408292 0.00498181575144236 0.090588193172547 3.0207868607254 -0.155273737052921 -1.79255429024328 3.10659247780206 -1.71296425073792 17.2709038427327
0.880015770880403 0.00517049203278803 0.0903789789298706 3.02051506444525 -0.156083541987794 -1.79299191500407 3.09072204819374 -1.69441324219951 17.1828247549857
0.880835659682997 0.00535882124270226 0.0901800799332876 3.02034036645262 -0.156732842115708 -1.79352922699948 3.0775420607654 -1.67434112183412 17.0883710773197
0.881638024978379 0.00554810258760267 0.0899881292684597 3.02026801347395 -0.157266984975041 -1.79425476852004 3.06866018477521 -1.65265207800025 16.987005455585
0.882438115156561 0.00573978288413708 0.0898001083688364 3.02031960505846 -0.157725807861216 -1.79531348014815 3.06650976124675 -1.62883891902834 16.8775966906054
0.883249601445276 0.00593482321399301 0.0896139337691783 3.02054007565484 -0.158142638714751 -1.79692570469969 3.07372709400923 -1.60182065522863 16.7590806449219
0.88407960321254 0.00613230909342396 0.0894296906822127 3.0209998487219 -0.158540281212937 -1.79938102718873 3.09143828709533 -1.56984068349282 16.6321388282885
0.884918919877008 0.00632722706203323 0.0892515566668797 3.02178013386252 -0.158921975970107 -1.8029592835378 3.11596569587176 -1.53070288848302 16.5021479370584
0.885731052161439 0.00650865063140181 0.0890892142677799 3.02292692251787 -0.159260498580895 -1.80773649953824 3.13504887241434 -1.48274128134631 16.3820886141098
0.886453495727879 0.00666151308949456 0.0889558709386943 3.0243844644566 -0.159498919912521 -1.81335093328751 3.12792258733974 -1.42643332652005 16.2913790215445
0.88702436221568 0.00677384077762814 0.0888614426797219 3.02597198080237 -0.159577107328381 -1.81899277431649 3.07365724139063 -1.36528741553255 16.2474147673329
0.887419129233891 0.00684431234835911 0.0888058965582491 3.0274604857841 -0.159469921836574 -1.82377936447076 2.96312168761037 -1.30445026108999 16.2552411100253
0.887660684268826 0.00688213930859297 0.0887798776549108 3.02869047580134 -0.159199570599347 -1.82720347900729 2.80257637586942 -1.24800376512079 16.3059833998309
0.887796368542348 0.00690019096352776 0.0887712702858763 3.0296187103259 -0.158813941842251 -1.82923763563545 2.60644741066474 -1.19756319839843 16.384550218909
0.88787093255184 0.0069089533665337 0.088770643570597 3.03028285462955 -0.158359444317719 -1.83013301750061 2.38844720515175 -1.15280981493271 16.477528262049
0.887914593178334 0.0069147602925089 0.0887727095651517 3.0307480733833 -0.157868586438407 -1.83019435566248 2.15738250316165 -1.11266469325407 16.5761521941077
0.887943261430022 0.00692069249294434 0.0887754802986363 3.03107520276688 -0.157360221419334 -1.82966415516373 1.91682013121587 -1.07613354064698 16.6757509674468
0.88796249805506 0.0069280496228319 0.0887791095366732 3.03131108718272 -0.156844340039933 -1.82869491120677 1.66585158122743 -1.04273766498654 16.774272166747
0.887970659081054 0.00693757887537482 0.0887851981456074 3.03149049633014 -0.156327136300994 -1.82735889313519 1.39939398409478 -1.01278482528833 16.8711409188131
0.887960208853941 0.00695048240396518 0.0887965864009231 3.03164265063924 -0.155815777677894 -1.82566882466532 1.107672728451 -0.987705312095409 16.9667056356499
0.887917799743991 0.00696945040267969 0.0888173500629892 3.03179992980018 -0.155323761342389 -1.823607355443 0.775396174415915 -0.970537872292238 17.0622022785855
0.887824944215728 0.0069997677767482 0.0888524259433894 3.03200752325693 -0.154877180060718 -1.82117930914471 0.382436182907979 -0.966352719636855 17.1600900760948
0.887662854870089 0.00704979621102553 0.0889058958201197 3.0323290036343 -0.154518747689565 -1.81850119569867 -0.0901826530594202 -0.981773581116179 17.264373978045
0.887425048527291 0.00712896537586543 0.0889772641828295 3.03283503977332 -0.154300064618312 -1.81589826659407 -0.645562556385458 -1.0221905481767 17.3799978328057
0.887132831680079 0.00724196720817647 0.0890578096463265 3.03356533366704 -0.154253520031014 -1.81388476596309 -1.25432202877395 -1.0867411013511 17.5104129308692
0.886834472125727 0.0073830892816066 0.0891325070781862 3.03448887741083 -0.154360597385324 -1.81291905118022 -1.85832703342946 -1.16570704528687 17.6546296053107
0.886578516017923 0.0075383209409414 0.0891886230360333 3.03551521664964 -0.154556489512044 -1.8131152815511 -2.40310997301911 -1.24535641732419 17.807333334028
0.886387328646825 0.00769418257500905 0.0892223019364197 3.0365531972074 -0.15477210124393 -1.8142365363526 -2.86679789604073 -1.31597098902221 17.9624759225296
0.886256311485844 0.00784360780902307 0.0892371498604507 3.03755252479247 -0.154966370029928 -1.81592784766926 -3.2582432661359 -1.37475672818219 18.1162797134923
0.886168816336457 0.00798542947690017 0.0892392474384636 3.03850220217794 -0.155126945306883 -1.817904914133 -3.59848043616844 -1.42340939388622 18.2675010034208
0.886107951772688 0.00812147967661392 0.0892339238128873 3.03941132524432 -0.15525630081048 -1.81999860630176 -3.90711872244522 -1.46494137858112 18.4163191390411
0.886060498827585 0.00825461147212322 0.089224994407253 3.04029469750939 -0.155359993821482 -1.82212380781563 -4.19800081214795 -1.5020024290251 18.5633577440499
0.886016091446324 0.00838820100438939 0.0892152201339124 3.04116723386272 -0.155440319453824 -1.82423852419317 -4.47973878405856 -1.5364362087513 18.7091971006846
0.885964515362418 0.00852673288391593 0.0892071249877912 3.0420439954314 -0.155492814865902 -1.82631425673226 -4.7574568865023 -1.56935414093795 18.8542027935399
0.885892049535938 0.00867721372246565 0.089203930288342 3.04294302328568 -0.155502971990058 -1.8283163298971 -5.03427524824598 -1.60130106853746 18.9984643545669
0.885776735385059 0.00885139920396318 0.0892106386994346 3.04388949536638 -0.155441779592426 -1.83018877600606 -5.31218089315153 -1.63234067790304 19.1417155935053
0.885582586734278 0.00906869282250379 0.0892352526516837 3.04491985816536 -0.155260459134927 -1.83184141460612 -5.59219139549132 -1.66199953470974 19.2831665119764
0.885254577560309 0.00935859590242458 0.0892896739410559 3.04608272790245 -0.154888133059284 -1.83314400943003 -5.87363580829529 -1.689063320231 19.4212357966279
0.884720882203328 0.00975912278456711 0.0893888114458934 3.04742930363336 -0.154242461382516 -1.83394481804036 -6.15238483433184 -1.71132919059284 19.5533151927273
0.883915042098029 0.0103044031771705 0.0895452141756209 3.0489832560293 -0.15326897382438 -1.8341419529449 -6.41858637056815 -1.72567962106935 19.6759929647782
0.88282664080305 0.010997263277167 0.0897578555001175 3.05069171970566 -0.152011935036093 -1.83381303241358 -6.65640417952858 -1.72910184151873 19.7863797633965
0.881554229413099 0.0117816078172169 0.0900016103951637 3.05239667944578 -0.150667290380738 -1.83331318232436 -6.84944383237913 -1.72075848366914 19.8844408861864
0.880292608861476 0.0125510587827351 0.0902321256825445 3.05388635828259 -0.149528719773273 -1.83317810131319 -6.99073212753206 -1.70349130252979 19.9743208543614
0.879233592941071 0.013203456662437 0.0904087067724343 3.05500903351465 -0.148832857251575 -1.83384123046001 -7.08782234010897 -1.6826535804582 20.0625409553088
0.878472032948582 0.0136906225491794 0.0905137751700591 3.05573900527165 -0.148651708486506 -1.83543473983334 -7.15707226810954 -1.6631367560844 20.1545663144475
0.877998411014738 0.014020735583984 0.0905524481390631 3.05614544824514 -0.14891843737662 -1.83783317994469 -7.21408990794508 -1.64753203104157 20.2531128631652
0.877747982520121 0.0142310777033835 0.0905405924199817 3.0563259386909 -0.149514400855042 -1.84080856159424 -7.26886539256122 -1.63631451076392 20.3588359077292
0.877644293142459 0.014364858052032 0.0904950600007948 3.0563645343949 -0.150331291740139 -1.84413738944322 -7.32599689871976 -1.62883712699632 20.471860986575
0.877615473929529 0.0144633134916157 0.09043005320779 3.05632068875424 -0.151292295543349 -1.84762613317738 -7.38666402242788 -1.62412108126032 20.5931290645437
0.87758970442163 0.0145694663022729 0.090357612030707 3.05623322592958 -0.152350439205641 -1.85108253684982 -7.45026984220017 -1.62126747335494 20.7255112903044
0.87747897007449 0.0147387096424792 0.0902899856510192 3.05612739899372 -0.153478978361316 -1.85425434850773 -7.51534163214277 -1.61969747073803 20.8748418958542
0.877159587355405 0.0150512726733322 0.0902424424828261 3.05601968560357 -0.154657630562215 -1.85675071493033 -7.5799927230805 -1.61948495129629 21.050297297808
0.876471861359502 0.0156118935243918 0.0902339747727079 3.05591760331719 -0.155852170736305 -1.85800718904279 -7.64250823164363 -1.62194138670074 21.2616690070878
0.875290388001278 0.0165025023537772 0.0902801360596796 3.05581362785672 -0.156991572857123 -1.85747207366037 -7.70264326200633 -1.63007859005799 21.5095097443205
0.873685371116966 0.0176747061227472 0.0903752321198418 3.05568079830307 -0.157974137027484 -1.85515427323394 -7.76313728948493 -1.64753929063451 21.7712845575218
0.871996314049156 0.0189013905557593 0.0904830632798308 3.05548696901187 -0.158734341157202 -1.85202202600543 -7.82879300033546 -1.67542972540373 22.0051140168022
0.870602969190653 0.0199299047846264 0.0905611950532785 3.05522141021531 -0.159303357699595 -1.84939448503704 -7.90250917832119 -1.71075483870187 22.1805317948581
0.869652968639608 0.0206629806641663 0.0905917528388315 3.05489839667028 -0.159770884368933 -1.84796317326146 -7.98329818371645 -1.74916007853344 22.2977276237657
0.869077540315902 0.0211474128275988 0.0905810067212931 3.05453807665942 -0.160211853307583 -1.84767513396864 -8.06821570145451 -1.78789972108719 22.374566357163
0.868745247616678 0.0214714246005021 0.0905428073831183 3.05415336255636 -0.160663729876435 -1.84818424026984 -8.15448195481951 -1.82611568312993 22.4287576420429
0.868549843854883 0.0217063440912138 0.0904886701065975 3.05374898008034 -0.161139803148444 -1.84916965721228 -8.23998186794282 -1.86390954296445 22.4717827618489
0.868425275568544 0.0218968323249578 0.0904258959539448 3.05332471679198 -0.161644684046058 -1.85042113209973 -8.32288326283967 -1.90163116983276 22.509934022251
0.868335608743562 0.0220677214874421 0.090358651509286 3.05287871340298 -0.162182799110627 -1.85182696124445 -8.4010740410421 -1.93953790109671 22.546633871616
0.868264004990454 0.02223136300289 0.0902893703898878 3.05241111112316 -0.162761943103797 -1.85334974867488 -8.47159046914488 -1.97758545620372 22.5842127417167
0.868206290530551 0.0223916798035361 0.0902199288186915 3.05193020990069 -0.163394112260089 -1.85501579340447 -8.53005743184583 -2.01513654660401 22.6251611164575
0.868168486649761 0.0225450556695279 0.0901527700321647 3.05146398766687 -0.164093411452882 -1.85691925624095 -8.57035841947992 -2.05044286610807 22.6731648921593
0.868165614339931 0.0226794313826241 0.0900921913963286 3.05107807860129 -0.164868246858484 -1.85922720262018 -8.58532246162528 -2.07992116858304 22.7339170496714
0.868216593268469 0.0227750965160134 0.0900454554661555 3.0508911269437 -0.165704597008238 -1.8621473719935 -8.56995344825575 -2.09778318985077 22.8149040880072
0.868328721376711 0.0228136284755596 0.0900221122518531 3.05105634309336 -0.166546158324378 -1.86580392716861 -8.52790139187011 -2.09749608556274 22.9225401654546
0.868475250918984 0.022797265284452 0.090029572515554 3.05167611226366 -0.16729815284486 -1.8700449821028 -8.47649171722099 -2.07611513206411 23.0566050135887
0.86859138754234 0.0227622529634973 0.0900672534241512 3.05269908653489 -0.167878220063775 -1.8743933353937 -8.44063482308724 -2.03832011597162 23.207369537436
0.868605586633295 0.0227641652129479 0.0901264814357634 3.0539305828124 -0.168273679605102 -1.87829774481258 -8.43699953617329 -1.99439208870571 23.3610919366343
0.868474183712069 0.0228486524969212 0.0901970156390213 3.05515931011705 -0.168538494315494 -1.88143008228076 -8.46575354956217 -1.95367925767174 23.508552207036
0.868184872126964 0.0230393190295537 0.0902723396660137 3.05625122205969 -0.168745654305298 -1.88372777787614 -8.51636077579975 -1.92091420122985 23.6475965994643
0.86774032220872 0.0233447263627668 0.0903499728834856 3.05714953544893 -0.168953058346156 -1.88526154078812 -8.57651569412512 -1.89707121111222 23.7802963968608
0.867144860911252 0.0237683450200273 0.0904295123588026 3.05783657857693 -0.169197393276858 -1.88612054216771 -8.63644684183352 -1.88149967341287 23.9097761381511
0.866400079091693 0.0243135153200318 0.0905110069299759 3.05830506513337 -0.169500262224969 -1.8863691465538 -8.68934979865656 -1.87326371640717 24.0386854641435
0.865505887147453 0.0249839509628724 0.0905941812051464 3.05854683081151 -0.169874444655196 -1.88604760306004 -8.73057883146053 -1.87158640228597 24.1688441056497
0.86446374111723 0.025781865135165 0.0906781964415192 3.05855261950099 -0.170326995095845 -1.8851884158967 -8.75694383999454 -1.87582653002324 24.3013208123522
0.86328055834918 0.0267050030520745 0.0907616513240751 3.05831709128363 -0.17085962763089 -1.88383549648578 -8.7664365237258 -1.88529159643336 24.4365688693866
0.861972533615548 0.027743381713491 0.0908426950621336 3.05784577272402 -0.171467571463808 -1.88206112725038 -8.75832050757012 -1.89903384497025 24.5745083395818
0.860567862169542 0.0288766678536124 0.0909192313575969 3.05716164412106 -0.172138127240635 -1.87997709124869 -8.73340029570225 -1.91570793033974 24.7145665851926
0.85910699417785 0.0300734461247457 0.0909892173726822 3.05630888300899 -0.172850169926362 -1.87773557517066 -8.69423074952498 -1.93354993390459 24.8557318681637
0.85763921257465 0.0312935501987489 0.091051026560606 3.05535127241929 -0.173575656472423 -1.87551627048598 -8.64502387848529 -1.95051686243395 24.9966745325838
0.856215508186867 0.0324936986720975 0.0911037833663326 3.05436412047105 -0.174283481356563 -1.87350039315406 -8.59110703705498 -1.96457400469442 25.1359547537963
0.854879607054039 0.0336350700440067 0.0911475454805031 3.05342134224431 -0.174944840675811 -1.87183889843126 -8.53799852215017 -1.97404475926185 25.272279043448
0.853660357705688 0.0346901606532064 0.0911832502833025 3.05258210301118 -0.175538275151576 -1.87062653881762 -8.49039147020923 -1.9778916506182 25.4047239859895
0.852568293929622 0.0356463964676984 0.0912124450590493 3.05188195668454 -0.176052555397861 -1.86989145365147 -8.45141234036599 -1.97582239728833 25.5328497985238
0.851597149272561 0.0365055726384689 0.0912369158081924 3.05133110041701 -0.176486644021548 -1.86960239056045 -8.42237967406857 -1.96820107108738 25.656678141759
0.850728877493033 0.0372801127645234 0.0912583522534879 3.0509189114853 -0.176847332142198 -1.86968784106774 -8.40304064232814 -1.95583065357308 25.7765693883806
0.849939742646566 0.0379881225893572 0.091278135930753 3.05062169140063 -0.177145899362028 -1.87005821232938 -8.3920822848217 -1.93970633277651 25.8930642355687
0.849205480886284 0.0386489793251059 0.0912972645254516 3.05041042646824 -0.177395039750499 -1.87062406288506 -8.3876842886132 -1.92081584882709 26.0067452111552
0.848504629136393 0.0392803346351659 0.0913163758167781 3.05025662925537 -0.177606715698918 -1.87130747279488 -8.38795873685364 -1.90001756642305 26.1181449423587
0.847820056298744 0.03989660456349 0.0913358213168423 3.05013574610458 -0.177791032798237 -1.87204693890256 -8.39122382453071 -1.87799034411215 26.227702178236
0.847139198824521 0.0405085848792006 0.0913557502253932 3.05002851711378 -0.17795590796141 -1.87279773960723 -8.39612853202626 -1.85523270030681 26.3357530763489
0.846453572441425 0.0411237318892007 0.0913761816825931 3.04992099207606 -0.178107219932108 -1.87352986110185 -8.40167383948403 -1.83208777378615 26.4425427002947
0.845758006937581 0.041746729572052 0.0913970574527754 3.04980386005605 -0.178249180892276 -1.87422506826522 -8.40717670097815 -1.80877663146867 26.5482447736815
0.845049885966977 0.0423800926063155 0.0914182753664505 3.04967156905015 -0.178384757421003 -1.87487408814508 -8.41221172368159 -1.78542948207312 26.6529822447587
0.844328542245843 0.043024664275973 0.0914397071408913 3.04952153054975 -0.1785160489584 -1.87547440063632 -8.41655260781712 -1.7621096118544 26.7568450220084
0.843594877679329 0.0436799385919359 0.0914612046074181 3.0493535742106 -0.178644585885653 -1.87602884986849 -8.42012533546071 -1.73882785617685 26.8599037767244
0.842851239716542 0.0443441707643193 0.0914825976174452 3.04916974632032 -0.17877153740871 -1.8765451653303 -8.42297876807576 -1.71554656310877 26.9622201315773
0.842101573421651 0.0450142510040016 0.0915036861776298 3.04897451888458 -0.178897826552914 -1.87703645492407 -8.42527508005223 -1.69217191342159 27.0638542248605
0.841351865223851 0.0456853176079767 0.0915242295265834 3.04877547277636 -0.179024140256146 -1.87752274094241 -8.4273011306842 -1.66853275424095 27.1648708865045
0.840610878151031 0.0463500932720388 0.0915439366412704 3.04858451074316 -0.179150799742521 -1.87803358528881 -8.42950104207939 -1.64434346850228 27.2653457004766
0.839891121851973 0.0469979668631832 0.0915624667685864 3.04841960386565 -0.179277423122559 -1.87861169972427 -8.43252816254418 -1.61914884812246 27.3653721386992
0.839209865169664 0.0476139459054138 0.0915794555271178 3.04830691576662 -0.179402276488698 -1.87931702530279 -8.43730890372762 -1.59225218773846 27.465070649464
0.838589737266849 0.0481778190875304 0.0915945913517235 3.04828279190455 -0.179521194222724 -1.88022991226212 -8.44509856417698 -1.5626366901807 27.5645997701871
0.838058047671427 0.0486642326189691 0.0916077747573464 3.04839445221236 -0.179626006000106 -1.88145058883355 -8.45748735575386 -1.52890843353117 27.6641674714413
0.837643469181523 0.0490448593423754 0.0916193882208464 3.04869730287637 -0.179702630341148 -1.88309024789775 -8.4762850360095 -1.48931834412912 27.7640374360764
0.837368551192906 0.0492941405910529 0.0916306664237211 3.04924601549284 -0.179729486438154 -1.88524795331336 -8.50319091080761 -1.44195231892094 27.8645200365531
0.837237520758066 0.0493994828337206 0.0916440620990294 3.05007715924865 -0.179677598710253 -1.8879700556266 -8.53918591242586 -1.38517971007424 27.965934296425
0.837221976556241 0.0493743138036527 0.0916633646850066 3.05118513457498 -0.17951422940191 -1.89119874251377 -8.5837271254408 -1.3183594634263 28.068532464454
0.837251880269113 0.0492681290838816 0.0916932588482341 3.0525008694632 -0.179210990548658 -1.89473324261096 -8.63408608472793 -1.24258319974849 28.1724011047108
0.837221536810781 0.0491648239561252 0.0917382024852422 3.05388910562995 -0.178754410438621 -1.89823806030236 -8.68536403549748 -1.16099865898145 28.2773859527694
0.837014123667846 0.0491646376477166 0.0918009968048427 3.05517505186353 -0.178153497843495 -1.90131605105693 -8.73150448907542 -1.07830405118607 28.3830999000362
0.836534951380088 0.049356225870133 0.0918818213370052 3.05619211973107 -0.17743899592109 -1.90361959915088 -8.76695711950689 -0.999498341305643 28.4890319578396
0.835735489315234 0.0497938087932088 0.0919782935287919 3.05682540521316 -0.176654273981868 -1.90494034740441 -8.78810468975949 -0.928538579784552 28.5947038429724
0.834617112854584 0.0504903460058155 0.0920863985523987 3.05702940404854 -0.175843459014143 -1.90523467397209 -8.79375793549117 -0.867593458162902 28.699791411796
0.833218138144816 0.0514256874887318 0.0922016365366277 3.05681853250996 -0.175042939497334 -1.90458999380618 -8.784732676174 -0.817077882468166 28.8041674824532
0.831595582426952 0.052560879790045 0.0923198340063668 3.0562442274216 -0.174278499736718 -1.90316733078869 -8.76301572538932 -0.7761683940664 28.9078808496918
0.829810712795386 0.053850635788959 0.0924374642331518 3.05537290127342 -0.173566678249532 -1.90115174405016 -8.73100584492501 -0.743398140181235 29.0111118510826
0.827921376145252 0.0552506879843956 0.0925516057556478 3.0542715969849 -0.172917855893398 -1.89872323051201 -8.69104504177434 -0.717095888892028 29.114136191356
0.825980035109117 0.0567203372524138 0.0926597361061511 3.05300173806273 -0.172339250568223 -1.89604646313913 -8.64523797796604 -0.695617227391491 29.2173099996455
0.824035265839321 0.0582217700062055 0.0927595124352628 3.05161873857402 -0.171836945357083 -1.89327276521824 -8.59547722892959 -0.677409288198608 29.3210755868517
0.822134782525619 0.0597176134180934 0.0928486377819527 3.05017515981764 -0.1714166150237 -1.89054812404823 -8.54359811687885 -0.660969527009475 29.4259799483984
0.820328528428406 0.0611678236698507 0.0929248925777194 3.04872575963398 -0.17108273187798 -1.88802251550296 -8.49161420547451 -0.644750885256267 29.532691392695
0.818670396057174 0.0625269646372486 0.0929864198019298 3.04733306015323 -0.170835981451044 -1.88585612130593 -8.44199340008737 -0.627062966191581 29.6419885591379
0.817216625863875 0.0637434598059549 0.093032349782921 3.0460714179684 -0.170668781444883 -1.88421666718782 -8.3979013799877 -0.60603691182689 29.7546795563027
0.81601838840525 0.0647632985616298 0.0930637563130085 3.04502596976445 -0.170559707415417 -1.88326035044125 -8.36325382487323 -0.579756633927977 29.8713978752725
0.815106996148974 0.0655408597369495 0.0930846440927726 3.04428140292738 -0.170469717418418 -1.88309090468859 -8.34232054935838 -0.546669516997909 29.9922498157228
0.814474896352652 0.0660566656364211 0.0931021988594418 3.04389768841692 -0.1703455192827 -1.88370412073634 -8.33866658384185 -0.506281980472993 30.1164026199541
0.814063819246195 0.0663345540189237 0.093125331668421 3.04387961511334 -0.170134684925179 -1.88494907703844 -8.35362110200764 -0.459853191872741 30.241884614047
0.813775035083683 0.0664439950076255 0.0931614050098884 3.04416016092604 -0.169809128655729 -1.8865502612243 -8.38514774039403 -0.410513375608426 30.3659200783079
0.813504117320188 0.0664788019197039 0.0932128297124281 3.04461715622543 -0.169382535600317 -1.88820220149896 -8.42817261672176 -0.362426182317196 30.4857985490522
0.813180145940921 0.0665226792663554 0.0932759840293649 3.04511825533241 -0.168907593242911 -1.8896834150903 -8.47643408591986 -0.319377622230278 30.5997722454727
0.812783643177539 0.066624257410293 0.0933431475422817 3.04556454298102 -0.168454812362458 -1.89091499537592 -8.52462359234011 -0.283698318727049 30.7074041879756
0.812337249890278 0.0667939250817249 0.093405754721493 3.04590820921248 -0.168088476826961 -1.89194145321646 -8.56953662019114 -0.256049886705048 30.8092826663009
0.811883282049912 0.0670163696060566 0.0934569066111206 3.04614464595021 -0.16785244684775 -1.89287035953555 -8.6100114067833 -0.23586840934266 30.9064623227082
0.811463877876436 0.0672662069792082 0.0934923949383552 3.04629404868992 -0.167767371707353 -1.89381553410066 -8.64623525936364 -0.221969312258592 30.9999896459778
0.811109969050795 0.0675191083560178 0.0935106259683825 3.04638500432758 -0.167834358071937 -1.8948633554 -8.67901313693004 -0.212998526320339 31.0906358362559
0.810837790478972 0.067757247822127 0.0935120880048163 3.04644436641952 -0.168040196336918 -1.89606007413833 -8.70926049769131 -0.207667366388639 31.1787919751252
0.810649474558839 0.0679708493843982 0.0934987892560217 3.04649258167578 -0.168361624856272 -1.89741096992944 -8.73772995742068 -0.2048303880607 31.2644414113503
0.81053500082681 0.0681578482310459 0.0934738417989312 3.04654225732948 -0.168767943238121 -1.89888367341638 -8.76489175774762 -0.203479521084528 31.347147142759
0.810474031083939 0.0683229904384312 0.0934412228178946 3.04659815753034 -0.169222115230828 -1.90041136565539 -8.7908897095635 -0.202704043020052 31.4260241038901
0.810437103327889 0.0684770020575991 0.0934056824642049 3.04665757110331 -0.169680779222928 -1.90189432043161 -8.81552225553193 -0.201642887838879 31.4996921873156
0.810386287817581 0.0686359598723698 0.0933727358947136 3.04671062359001 -0.170093762192813 -1.90320032708714 -8.83822648782643 -0.199443715213245 31.5662305255646
0.810275961741737 0.0688206072500082 0.0933486365585286 3.04674061074681 -0.170404053849081 -1.90416663751174 -8.85806879429316 -0.195241606070199 31.623187542791
0.810055024813398 0.0690549685871742 0.0933401591281734 3.04672493101922 -0.170549865707795 -1.90460879382055 -8.87377448863846 -0.188176281663607 31.6677509358269
0.80967258162373 0.0693632462107427 0.0933539381053569 3.04663772167676 -0.170471189660095 -1.90434454052195 -8.88386149270021 -0.177474760795501 31.6972330536847
0.809089152285186 0.0697639823789786 0.0933951033109843 3.04645554983703 -0.170123259511931 -1.90324094179501 -8.88696186848885 -0.162622692426856 31.7100155878046
0.80829326239469 0.070261622327179 0.0934652257519874 3.04616661038847 -0.169496559229227 -1.90128322436969 -8.88236743957753 -0.143607985441462 31.706893448889
0.807317541316615 0.0708385221880414 0.0935602997385201 3.04578089995661 -0.168636014609572 -1.89863981102312 -8.87066067068516 -0.121131206853751 31.69227681936
0.806242100867085 0.071453585583188 0.0936702886178176 3.04533484738292 -0.167644370940768 -1.89567221049403 -8.8540436226606 -0.0965933496230311 31.6742294701233
0.805175076489316 0.072052473992445 0.0937815174320514 3.04488376134278 -0.166657632294689 -1.89284905904168 -8.83594506364891 -0.0717328929921068 31.662599054934
0.804216074483996 0.0725862079409869 0.0938812285079645 3.04448324724246 -0.165800010985292 -1.89059114092802 -8.81993336134702 -0.0480440698698044 31.6658747468059
0.803424381334777 0.0730269762319226 0.093961588288853 3.04417052801399 -0.165145297306673 -1.88914020260729 -8.80856684013907 -0.0263294744544288 31.6886592846687
0.802810064453966 0.0733721477153037 0.0940208648691808 3.04395668806794 -0.164706539950209 -1.88852584779791 -8.80286190400605 -0.00663518765246769 31.73116575729
0.802346638305421 0.0736374342721109 0.094061909378442 3.04383112737766 -0.164451976001627 -1.88862222198168 -8.80249727076552 0.0114981392039246 31.7904718855711
0.801991236241024 0.0738464599520977 0.0940896777461419 3.04377160639666 -0.164329816581878 -1.88923425540819 -8.80638210554589 0.0287055429447157 31.8622878141859
0.801700596421282 0.0740226223967157 0.094109253174478 3.04375327043689 -0.164287672015271 -1.89016486563402 -8.81319041879344 0.0455612652281668 31.9422887718677
0.801439334617927 0.0741849422404606 0.0941248181667183 3.04375401252268 -0.164282473736698 -1.89124927914225 -8.82169088264214 0.0624725923050448 32.0267743189972
0.80118219420784 0.0743469809645407 0.0941393718382961 3.04375655144134 -0.164283076500067 -1.89236418366906 -8.83088418458958 0.0796658427859841 32.1128317963142
0.800913108090824 0.0745173674681586 0.0941548417274996 3.04374853959736 -0.164269045933138 -1.89342377864822 -8.84002170691773 0.0972160445844764 32.1982512558119
0.80062315001381 0.0747008788321846 0.0941723318706978 3.04372180714935 -0.164228162681356 -1.89437137142707 -8.84857049031412 0.115087928262303 32.2813616711905
0.800308458339343 0.0748995302157268 0.0941923726168705 3.04367138933777 -0.164153941477361 -1.89517093705617 -8.85616334178571 0.133172821356358 32.3608715586154
0.799968545132977 0.0751134671582656 0.0942151214379644 3.04359463320711 -0.164043644549617 -1.89580027953563 -8.86255223058623 0.15131657945031 32.4357427539727
0.79960506328985 0.0753416236950432 0.0942405064945893 3.04349048344311 -0.163896860369973 -1.89624605956116 -8.86757132191297 0.169338687600478 32.5051006917894
0.799220968634949 0.0755821773660832 0.0942683214455637 3.04335895682296 -0.163714561834885 -1.89650043217862 -8.87111061293396 0.187044455527051 32.5681759909574
0.798819978917822 0.0758328500133868 0.0942982839286027 3.04320078202896 -0.163498523848419 -1.89655892697514 -8.87309933226701 0.204232537634694 32.6242714747873
0.79840623775862 0.0760911009451539 0.0943300688272456 3.04301717605648 -0.16325099575854 -1.89641925802519 -8.8734982403455 0.220699781518274 32.6727511836514
0.79798411013 0.07635425073086 0.0943633245218863 3.04280973484278 -0.162974554713705 -1.89608085822275 -8.8723008132984 0.236245092323543 32.7130514788449
0.797558054914603 0.0766195654148037 0.094397677298094 3.04258042728326 -0.162672098269606 -1.89554505088729 -8.86954461747182 0.250673779480965 32.7447183535783
0.797132535602863 0.0768843242133016 0.0944327264180517 3.0423316957935 -0.162346964946431 -1.89481589085061 -8.86533581976086 0.263803784929307 32.7674794021063
0.796711942086718 0.0771458889338677 0.094468030097152 3.0420666816812 -0.162003200292941 -1.89390182898031 -8.8598915585538 0.275475270988578 32.78136326669
0.796300506124097 0.0774017897135823 0.0945030807458931 3.04178960780229 -0.161646014041235 -1.89281847712886 -8.85360640425746 0.285565213492185 32.7868828015608
0.795902202368559 0.0776498379589537 0.0945372665127428 3.0415063592752 -0.161282498851856 -1.89159285645406 -8.84714936927259 0.294008767510644 32.785298186446
0.7955206379293 0.0778882717391671 0.0945698160747755 3.0412252938998 -0.160922692949308 -1.89026954159091 -8.84159478862267 0.300828964400712 32.7789675747612
0.795158947844319 0.0781159286658705 0.0945997263756427 3.04095826415795 -0.160581042000945 -1.88891892506658 -8.83857997120434 0.306175179316437 32.7717658661164
0.794819731784086 0.0783324227106547 0.0946256816238687 3.04072170180622 -0.160278197303858 -1.88764713923363 -8.84045849726185 0.310367685994177 32.7694911798751
0.794505085409753 0.0785382701112834 0.0946459907695558 3.04053734861156 -0.160042790277603 -1.88660552814838 -8.85037269784839 0.313938759444406 32.7800644368499
0.794216787143357 0.0787348643592388 0.0946586034144697 3.04043177728744 -0.159912249612974 -1.88599446526264 -8.87209986531276 0.3176484155687 32.8131543765911
0.793956673769085 0.0789241550819897 0.0946613049187495 3.04043333744183 -0.159930897285072 -1.88605193857312 -8.90945703709341 0.322435972071498 32.8786857013512
0.793727141280711 0.0791078908002162 0.094652207824807 3.04056505210099 -0.160142929061215 -1.88701421911128 -8.96506167067591 0.329257626159182 32.9837194612263
0.793531527520841 0.0792864373737775 0.0946305755496416 3.04083326474428 -0.1605787160738 -1.88904090701547 -9.03849505156601 0.338782243650586 33.1278208235874
0.793373962212481 0.0794575503539021 0.0945977642501618 3.04121533893095 -0.161236775533623 -1.89211815529187 -9.12450224479705 0.351004911476262 33.2985032811751
0.793258358434263 0.0796158895701663 0.094557734496861 3.0416540417638 -0.162070151938569 -1.89598798879079 -9.21249364658378 0.36497226533383 33.4699271490944
0.793186766175272 0.0797539988299921 0.0945165326304563 3.0420663163175 -0.162988952747752 -1.90016625069224 -9.28844920959951 0.378865822349376 33.6076273475944
0.793157990147476 0.0798645784425276 0.0944807102371669 3.04236585056807 -0.163883093644515 -1.90406848116975 -9.33884119604411 0.390511108724299 33.6783237952674
0.793167399048751 0.0799427979044097 0.094455487111135 3.04248773184206 -0.164654309587166 -1.90718233847196 -9.35448481540544 0.398060404658421 33.6595784068431
0.793208003163998 0.0799873312984908 0.094443673432077 3.04240164533979 -0.165239497060938 -1.90918995405808 -9.33221773808323 0.400466322085614 33.5440257508509
0.793272017401252 0.0799998423624575 0.0944457134381388 3.04210971159861 -0.165616001920121 -1.90999195044753 -9.27405556137313 0.397563915128646 33.337276127497
0.79335206029708 0.0799836270069281 0.0944604589290648 3.04163514725698 -0.165792816937527 -1.90965679882512 -9.18503144016068 0.389864747002305 33.0525099437687
0.79344165127546 0.0799422544245928 0.0944860802461021 3.04101005310716 -0.16579721986755 -1.90834772089067 -9.07108513191484 0.378274090724707 32.7051830856987
0.7935351225012 0.079878630744172 0.0945207657423655 3.0402669455654 -0.165663746318366 -1.90626396223703 -8.93765252779926 0.363876942450936 32.3094721350648
0.793627203311991 0.0797945156542145 0.0945631508657433 3.03943470620904 -0.165427737239873 -1.90360794637256 -8.78895190133006 0.347836711881486 31.876438736212
0.793712484416269 0.0796903731173779 0.0946125636326621 3.03853782091833 -0.165122866085152 -1.90057486605593 -8.62769817649365 0.331390849595086 31.4132156910777
0.793784899680972 0.0795654727047301 0.0946691926286911 3.03759763877441 -0.164781223079596 -1.89735720297718 -8.45498289684542 0.315909197298192 30.9225182805172
0.79383736722477 0.0794182754319768 0.094734241129143 3.03663482348027 -0.16443461938935 -1.89415728212202 -8.27016404961707 0.302975658315415 30.4020389823351
0.793861836019565 0.0792472726634308 0.0948100562455061 3.03567250273254 -0.164115903068266 -1.89120126604585 -8.07074429587979 0.294438945367048 29.8436292969208
0.793850163206403 0.0790525265083419 0.0949001124280278 3.03473948602773 -0.163858882635776 -1.8887454802594 -7.8523835128883 0.292344109742927 29.2326642920541
0.793796347951449 0.0788380186818677 0.0950085940878157 3.03387213868452 -0.163695075048078 -1.88706095153889 -7.60939436699303 0.298619415298725 28.5486934258779
0.793700274300252 0.078614283122458 0.0951392668339075 3.03311234235989 -0.163645821151196 -1.88638031249834 -7.33618574800038 0.314421380345847 27.7691042215675
0.793571789975581 0.0783996436719441 0.0952936036732624 3.03249891189554 -0.163710922024705 -1.88680603511656 -7.02980465478987 0.339249906943681 26.8769452509076
0.793432079367857 0.0782176879742225 0.0954689132554112 3.03205335336686 -0.163860114772158 -1.88821897346826 -6.6926887391194 0.370338373174532 25.8709204743288
0.793309244569665 0.0780903263063752 0.0956579553754471 3.03176764671316 -0.164036689055893 -1.89026315505092 -6.33361963202851 0.403017444698645 24.7712167548048
0.793228983342178 0.0780298774264396 0.0958509590590294 3.03160444330757 -0.164175935489359 -1.89245242000462 -5.96541111206622 0.432196346335471 23.615009131427
0.793206163786067 0.0780356214226976 0.0960389872826362 3.03151156738889 -0.164227924643402 -1.89434360388093 -5.60046960983741 0.454094659060471 22.4432428421123
0.793242576575375 0.0780966880056033 0.0962164111565073 3.0314405905445 -0.164170004582136 -1.89566201197174 -5.24720658897728 0.467107652809856 21.2877265951397
0.793330570141681 0.0781980508778315 0.0963813272942436 3.0313579280537 -0.164004769694529 -1.89632092778589 -4.90910488781507 0.471534976123881 20.1657025511975
0.793458503975954 0.078325441394102 0.096534509918577 3.0312456415499 -0.163750377210137 -1.89636640533506 -4.58587125060183 0.46873908322661 19.0816582737949
0.793614776205404 0.0784674993624926 0.0966780657015548 3.03109608935032 -0.163431508344952 -1.89590682086056 -4.27516691867031 0.460360248560771 18.0320751623575
0.793789624129001 0.0786156873311521 0.0968144928635147 3.0309050124135 -0.163074777413714 -1.89506178829737 -3.97393136817455 0.447839753359858 17.0096469758384
0.793975289559491 0.0787630255556679 0.0969462885323816 3.0306650719626 -0.162708652280175 -1.89393581699395 -3.67907320362784 0.432210228775453 16.0057650894811
0.79416531360488 0.0789023199837272 0.0970760108213639 3.03035981495468 -0.162366705648252 -1.89260912325989 -3.38769095951533 0.414026210440356 15.0114732234756
0.794353433739917 0.0790241213963129 0.0972067000905639 3.02995747798482 -0.162092948300397 -1.8911369924864 -3.09707542531468 0.393334579136358 14.0175512481426
0.794532313318554 0.0791145426841061 0.0973426193021409 3.02940487092748 -0.161947550861542 -1.88955205806305 -2.80474593045898 0.369641266868462 13.0144913639928
0.794692345106227 0.0791534419592425 0.0974902436639613 3.02862406375119 -0.162009312343414 -1.88786697081482 -2.50880039281137 0.341897243354596 11.9932973762668
0.794821138954826 0.0791145224408899 0.0976591664256956 3.02751919034449 -0.162367269316627 -1.88607752909546 -2.20889298992888 0.308614717293307 10.9483017666436
0.794904987621818 0.0789703982103398 0.0978619706655436 3.02600567846555 -0.16308997278203 -1.88416867731539 -1.90798845115554 0.268319411727181 9.88297251691971
0.794933889180024 0.0787057426505053 0.0981114552266923 3.02407056529178 -0.164166436463712 -1.88212688092974 -1.61428177748372 0.220513498196338 8.81754757627865
0.794909710946579 0.0783360257871793 0.0984143424902382 3.02184417945297 -0.165442025981019 -1.87995863276417 -1.3412932975863 0.166896943323401 7.79249926706148
0.794851996919789 0.0779175787633955 0.0987643808681643 3.01961745083716 -0.166614451401923 -1.8777043270895 -1.10384997741358 0.111826331780855 6.85897539484763
0.794793530523835 0.0775319623750558 0.0991416279759701 3.01774621711833 -0.167339026220248 -1.87543095784632 -0.911030849836681 0.0609765158283738 6.05633283761772
0.794766151432102 0.0772502020000655 0.099520877288519 3.01649275609703 -0.167382241545269 -1.87320341015251 -0.761679384341542 0.0188350368818753 5.39343074693098
0.794788414592868 0.077106199481462 0.0998825459638518 3.01593540199768 -0.166695582265636 -1.87105735661103 -0.646360032565843 -0.0129063755124331 4.84956963252484
0.794863767802665 0.0770967180298969 0.100217670905819 3.01599732428277 -0.165371478968508 -1.86899192116817 -0.552986046862388 -0.0350864860766636 4.39027376894426
0.794986457083056 0.0771975646451348 0.100526348069165 3.01652925988278 -0.163552856762678 -1.86697653169028 -0.471193827399221 -0.0498417048300336 3.98233367764705
0.795148374858814 0.077379009366643 0.100814066348185 3.01737271408842 -0.161365430167029 -1.8649568408465 -0.393786063097421 -0.0595761462327375 3.6005123544138
0.795343622590007 0.0776136282440913 0.101089361919136 3.018382368378 -0.158887164094307 -1.86285098365193 -0.316338492117281 -0.06651988595764 3.22784030615804
0.795570990099739 0.0778778697096497 0.101363766357087 3.01941832771152 -0.156141090019845 -1.86053556926986 -0.236420370309254 -0.0727160128497027 2.85382367864204
0.795835200167771 0.0781505568079116 0.101653700702033 3.02032389158094 -0.153101239617211 -1.85782908955246 -0.153336325232596 -0.0801502532426374 2.47370591619024
0.796146354077572 0.0784113232703816 0.101982749214705 3.02090803842182 -0.149718896118664 -1.85449916431568 -0.0689041255052202 -0.0906930933054895 2.0907303828111
0.796514442700527 0.0786425868292203 0.102379684244847 3.02097083823728 -0.145993157282783 -1.85035313534124 0.0107925719215197 -0.105418731234244 1.72157420755168
0.796935674186762 0.0788384781883626 0.102864429587751 3.02042225955807 -0.142087617068023 -1.84546126697453 0.074641911985672 -0.123133736689358 1.39924946751329
0.797378677152931 0.0790157946754681 0.103423791304554 3.0194503160138 -0.138381699656167 -1.84036373656444 0.110887072236336 -0.139446061207629 1.16046917922283
0.797793833286307 0.0792088937900981 0.104005949193481 3.01850336361066 -0.135288048519278 -1.83587775051636 0.116151978175539 -0.148834514729206 1.01772903440753
0.798146052952766 0.0794449816936647 0.104554278896203 3.01799028225437 -0.132966520011967 -1.83253970115312 0.0985211736258419 -0.14856988036549 0.948130692072136
0.798431885129899 0.0797283165946313 0.105042155165509 3.01804494322041 -0.131287294280085 -1.83034738694826 0.070143037383231 -0.139758290196597 0.914781826268533
0.798667107467214 0.0800469526072349 0.105472577808702 3.01858112329145 -0.130019232659287 -1.8289919604574 0.0396437749642409 -0.125169353636919 0.890373049804776
0.798869357968442 0.0803850149594888 0.105860016430665 3.01945049965047 -0.128977707596178 -1.82814733295804 0.0107573666765517 -0.107227169276497 0.862189407427009
0.799050491823581 0.0807282368973305 0.106217851102774 3.02053195822865 -0.128058197791088 -1.82758424256607 -0.0158142448172971 -0.087422051198381 0.826778609568809
0.7992158197801 0.0810638724314838 0.106554430676284 3.0217502605083 -0.127218859678426 -1.82716790147542 -0.0406513388525243 -0.0664698611982488 0.784529729368945
0.799365137931096 0.081378864933606 0.106873276502995 3.02306621925317 -0.126460321042341 -1.82682609399126 -0.0647487228924114 -0.0445954689901794 0.736786091568544
0.799493551575452 0.0816590337027154 0.107174790226039 3.02445904305041 -0.125814956677093 -1.82652259830004 -0.0892322375172948 -0.0217708793107034 0.684806896943246
0.799592554478523 0.0818927199781869 0.107459697358344 3.02590013294862 -0.125340402640953 -1.82624136651729 -0.115266080369102 0.00201246898714639 0.629759513523994
0.799654049657127 0.0820854973657019 0.107736598959863 3.02730650602494 -0.125100162285756 -1.82597880326551 -0.143769000322419 0.0262382712305327 0.573457374438927
0.799682076006208 0.0822927246622117 0.108035469981197 3.02847138777041 -0.125100914739776 -1.82574017660529 -0.174503136772597 0.0489852812648286 0.519729239332614
0.79971203697471 0.0826531186330657 0.108418053580557 3.02903641941011 -0.125177590684385 -1.82553485203575 -0.204573359809161 0.0662532936508059 0.475282801007279
0.799813968198306 0.0833513298997464 0.108955834703614 3.0286591328025 -0.12494823662782 -1.82536602391379 -0.228287226109374 0.0734020250254393 0.447116836222076
0.800048758724606 0.0844746407091762 0.10967027160936 3.02733696502484 -0.124036642006801 -1.82522250503656 -0.240830218965553 0.0690485718958724 0.436517801995241
0.800418030773064 0.0859320494141676 0.110510484031112 3.02544469858977 -0.122376851018684 -1.825086860347 -0.242280680205254 0.0565239117471677 0.437544800391238
0.800877343675086 0.0875574524394474 0.111404708929219 3.02339552219876 -0.120181944443436 -1.82495064756479 -0.236376574682479 0.040523061873332 0.442758078557028
0.801380578474148 0.0892306147034853 0.112307625111237 3.02140971618184 -0.117703899268999 -1.82481863190229 -0.226854453574503 0.0240242963960802 0.447795277070601
0.8018995276333 0.0908983855220147 0.11320342469486 3.0195425307223 -0.115108292519913 -1.82470572128892 -0.215894098894464 0.0080905690165621 0.451311747109199
0.802420894035207 0.0925467598310893 0.114091709657489 3.01778095748811 -0.112478652446338 -1.82463658397873 -0.204387779465747 -0.0072136623129946 0.453402394409735
0.802938980048545 0.0941762676080114 0.114977041179657 3.01610407387239 -0.109853288615856 -1.82465084231631 -0.192520186515414 -0.0221535219523892 0.45456109154498
0.803450935520626 0.0957900673640143 0.115863996551488 3.01451001794581 -0.107252176366 -1.82481394820933 -0.180114023759939 -0.037038069973778 0.45528574227993
0.80395470559606 0.0973896142012883 0.116754221684071 3.01303305484614 -0.104690562835589 -1.82523401447845 -0.166753440004667 -0.0521191707351437 0.455997666315971
0.804448919178091 0.0989734157356687 0.117642165485116 3.01176631277911 -0.102183370697447 -1.82608250453415 -0.151798497454693 -0.0675116560411972 0.457054894784208
0.80493471778627 0.100537091038725 0.118506868649086 3.01089487475465 -0.099741342747844 -1.82760556688396 -0.134415617857188 -0.0830236012776385 0.458746199556499
0.805420011580608 0.102075024128167 0.119299518812555 3.01072194426858 -0.0973560272004559 -1.83008567853939 -0.113809230665394 -0.0978357095166923 0.461186870386308
0.805925042580759 0.103585097744677 0.119935495444876 3.01162486717913 -0.0949735295561043 -1.83368425266634 -0.0898793100931568 -0.110157283473457 0.464076176244243
0.806482637951754 0.105076159505195 0.120315029596584 3.01385183927246 -0.0924775271138352 -1.83816020981672 -0.0641778819531964 -0.117415198519723 0.466466325462796
0.807123592518713 0.106570928686527 0.120387323957361 3.01722446960993 -0.0897263391322109 -1.84272396266323 -0.0400721896591202 -0.117594732494214 0.466985674257231
0.807853980810317 0.1080953259202 0.1202054898978 3.02110454993394 -0.0866442380678579 -1.84639673506597 -0.0210161012309888 -0.110896165448762 0.464672161238293
0.808651208271712 0.109662389444907 0.119894093790141 3.02479360550496 -0.083269374812877 -1.84862912309645 -0.00836779483533005 -0.0996284259174405 0.459588654527187
0.809483644371571 0.111269026805177 0.119564742826292 3.02791928020474 -0.0797031080157702 -1.84948230535871 -0.00122132187634551 -0.0864325045377316 0.452521384938589
0.810328582559095 0.112904881418655 0.11927400765712 3.03045212058836 -0.0760372057781343 -1.84933380517808 0.00218815281277334 -0.0729893578516701 0.444316028276863
0.811175824302177 0.114560525340994 0.119034536902667 3.03252589008504 -0.0723253160838911 -1.8485718078563 0.00336160604566487 -0.0599523583931691 0.435537971267435
0.812023860799819 0.116230259323016 0.11883914141505 3.03429775714064 -0.0685887992445273 -1.84747885385129 0.00321645211436828 -0.0473791643589833 0.426464942819819
0.812876147823044 0.117911670179738 0.118676214748733 3.03589510405151 -0.0648301659560842 -1.84623752625857 0.00216967044705976 -0.0350897964655654 0.417182421728386
0.813739586106172 0.119604091924284 0.118535868457366 3.03741115504894 -0.0610434468815879 -1.84497160475454 0.000279246219015747 -0.0228496678068491 0.407661897603781
0.814624833197502 0.121306369249316 0.118411116207931 3.03891678814508 -0.0572221782985385 -1.84378744292744 -0.00266991345102265 -0.0104526621321 0.397804289631981
0.815547574477355 0.12301310802857 0.11829696877672 3.04047393929124 -0.0533695371581868 -1.84280969488653 -0.00713028240660198 0.00220971220478979 0.387467958712212
0.816529328067362 0.124708084266152 0.11818849393699 3.0421443261821 -0.0495161541982321 -1.84221010471839 -0.0137439390763571 0.0150235740679102 0.376513990470583
0.817594730054215 0.1263546076369 0.118078099763182 3.04398684127486 -0.045748438767948 -1.84221538157893 -0.0231611744906069 0.027432031409662 0.364910912338007
0.818760392478417 0.127888169261026 0.117952907476591 3.04603418084093 -0.0422356729897444 -1.8430562628373 -0.0355720178541122 0.0381910622632968 0.352921594260721
0.820014129317324 0.129226878748076 0.117795215115297 3.04824905211387 -0.0392133857897079 -1.84482111399823 -0.050000623600084 0.0454292972244981 0.341276896521652
0.821300017134441 0.130313246268502 0.117589688742753 3.0504975383344 -0.0368757799467638 -1.84728241466739 -0.0640165516748099 0.0474363521327871 0.331055040352712
0.82253685189813 0.131161921311543 0.117333924424514 3.05259859180346 -0.0352312681259889 -1.84991516029139 -0.0747168270261768 0.0438577857200623 0.323119753721888
0.823664555484563 0.131856204811439 0.117040613845501 3.05442896280111 -0.0340839519083689 -1.85218739133996 -0.0804143138659504 0.0360075200368044 0.317591463725942
0.824670749371676 0.13249230848557 0.116728070580745 3.05597527027853 -0.0331729630638848 -1.85383309644788 -0.0812636600858362 0.0258774033222584 0.313929001112018
0.825577741104702 0.133133867588484 0.116410307301786 3.05729788128401 -0.0323073076998725 -1.85486306246173 -0.0784931550503703 0.0150397023696518 0.311410175845879
0.8264171166558 0.133806484026938 0.116094296096109 3.0584727448142 -0.0313966288016422 -1.8554209399346 -0.0734346027544653 0.00431766735667775 0.309473590874112
0.827214901890043 0.134512629088739 0.115781914562796 3.05956039844614 -0.0304188586896984 -1.85566406574987 -0.067074013711816 -0.006011569414202 0.307788310055347
0.827988009979516 0.135245697523768 0.115472345574488 3.06060084450955 -0.0293836165462698 -1.85571600630722 -0.060016829152617 -0.015935544811775 0.306194340013011
0.828745421772506 0.135997468356887 0.115163273140967 3.06161905665765 -0.0283116086043624 -1.85566323460055 -0.0525932811097672 -0.02552241862603 0.304632902509846
0.829489764845866 0.136760661525341 0.114850750847216 3.06263242758354 -0.0272284165741827 -1.85556801398141 -0.0449615886245948 -0.0348260465819597 0.303105934861241
0.830217592723278 0.137528889033197 0.114527764823373 3.06365820493667 -0.0261680979838362 -1.85548564554188 -0.0371724161003373 -0.0438291932613503 0.301669237934216
0.830917795500705 0.138295113893677 0.114181170737434 3.06472218721134 -0.0251850433609542 -1.8554845103437 -0.0291969702575552 -0.0523782945187302 0.300461287478791
0.831568080956505 0.139048678478735 0.113786487739479 3.06587104529265 -0.0243751071651825 -1.8556708056801 -0.0209297386401768 -0.0600697899566308 0.299777867631203
0.832130835084734 0.139770548137671 0.113300953757544 3.06718936720184 -0.0239048812287974 -1.85621610833141 -0.0121833479998966 -0.0660624700934846 0.300202772216004
0.832554131279124 0.140427666337669 0.112659691504371 3.068814370678 -0.0240318642841628 -1.8573675613541 -0.00271509746052788 -0.0688689917212468 0.30275750539134
0.8327921444716 0.140972602574773 0.111790457546659 3.07091857809708 -0.0250564323400337 -1.85938017797965 0.00763732149292647 -0.0664289421157736 0.308865792721924
0.832858652841237 0.141362728124746 0.110668635708347 3.07360857864471 -0.0271156093281221 -1.8622957355692 0.0186615566850648 -0.0570894817359209 0.319701909024747
0.832880942851998 0.141603099555379 0.109391878732099 3.0767571768997 -0.0298810451372094 -1.86567106748743 0.0295424480249286 -0.0415401818372919 0.334868344213115
0.833058416108394 0.141769108481003 0.108168212083474 3.07997668299756 -0.0325685986936416 -1.86867228577662 0.0391972423353585 -0.0235724016192138 0.351835345174462
0.833525360064176 0.141959900775802 0.107177176008347 3.08287088601028 -0.0344568258659455 -1.87063811204698 0.0470362851439615 -0.00768734185804914 0.367530107351465
0.834282601242508 0.142233462186242 0.106466539581208 3.08527737432175 -0.0353121697124626 -1.87144692194732 0.0532214180621737 0.00377695920576423 0.380309027907196
0.835253353780307 0.142596025290739 0.105984493697972 3.08724811050069 -0.0352964967243702 -1.8713496072429 0.0582703045590137 0.0108649899309964 0.390146467083958
0.836356174550266 0.143028569127998 0.105654433781783 3.08891181087332 -0.0346853872296801 -1.87066914971934 0.0626541605866239 0.0146690578376407 0.397737919369254
0.837534372931791 0.143508995973711 0.105413591948642 3.09038868711164 -0.0337103174926837 -1.86966099726321 0.0666616265377594 0.0163433573062274 0.403805285587864
0.838756282427046 0.144020429912571 0.105217553585844 3.09177339710927 -0.0325294516733038 -1.86850950756819 0.070398657640272 0.0168090418606267 0.408832389423235
0.840008525769611 0.144551648595638 0.105030535788506 3.0931529439588 -0.0312517057304768 -1.86738097162354 0.0737776501263239 0.0168417083811296 0.412978277498502
0.841290770753734 0.14509394904341 0.104809735986409 3.09464312418899 -0.0299784964470728 -1.86650587381722 0.0764137037556391 0.017344330208872 0.415935349481292
0.842611024024555 0.145633761476726 0.104484110382887 3.0964405174621 -0.0288637200117737 -1.86629014670964 0.0773817266186133 0.0197679698334667 0.416573821916454
0.843973071145991 0.146136801294418 0.103934918480105 3.09886263599249 -0.0281947313226098 -1.86739946859232 0.0749309384958388 0.0265295952745047 0.412392944870523
0.845342388362059 0.146526538385676 0.10302357284656 3.1022437602795 -0.0284172186984501 -1.870534340462 0.0668390394385586 0.0405234498605216 0.39962628327752
0.846605800448216 0.146697652812615 0.101749031223681 3.1064838501206 -0.0298541902080298 -1.8754656559038 0.0527533230507224 0.0620160232840722 0.376240475484481
0.847622087508708 0.146617482416191 0.100419666680818 3.11064218364635 -0.0321325536404162 -1.88017299663029 0.0370548574082245 0.0850357633925698 0.34694040317218
0.848370745415728 0.146395031195209 0.0994397882246292 3.11363513872111 -0.0342975183330001 -1.88234360371918 0.0260326725781452 0.101359725275605 0.320933800315043
0.848960769815048 0.146168563759526 0.0989305801624803 3.11524224567562 -0.0357359938830153 -1.881517472381 0.0220071497839941 0.108177742696889 0.303219215881704
0.849502308239732 0.145998789220279 0.0987646412491422 3.11589792738442 -0.0364507406479752 -1.87863554010382 0.0234583773603984 0.107658322276341 0.29306741722422
0.850051078997908 0.145885842926911 0.098777821517405 3.11608244078166 -0.0366838654566481 -1.87474343486374 0.028177204953545 0.10272439432617 0.288052541992392
0.850625338581856 0.145812522779601 0.0988500276301987 3.11612350050797 -0.0366602848550956 -1.87058434431171 0.0346315137075899 0.0952900102413256 0.286420659128635
0.851226146632505 0.145763609899057 0.0988930334601935 3.11624501320865 -0.0365484324933488 -1.86673500489073 0.0419121904520921 0.0863398629849861 0.287448771834258
0.85184186457494 0.145729990940697 0.0988214676176664 3.11664511321474 -0.0364991958787309 -1.86382843874599 0.0493539474566908 0.0763979645644481 0.291217156342508
0.852439080536338 0.145708787042053 0.098537064935289 3.1175285288667 -0.0366902040739393 -1.86269209597389 0.0561709860931116 0.066003587385265 0.298232431073362
0.852949646089373 0.145702915667735 0.0979525753138634 3.11903976020087 -0.0373260579172361 -1.86418858100455 0.0612490243873701 0.0561684978085875 0.308673699897442
0.853283667679703 0.145718256168639 0.09707628891328 3.12107604323329 -0.0385301580190564 -1.86850944227825 0.0634593888293148 0.0484664462313818 0.321229800024874
0.853394950479299 0.145756573837579 0.0960781917119636 3.12319229666663 -0.0401807169715114 -1.87445854405215 0.0626104227051844 0.0441510342113073 0.332891860894065
0.853332584414543 0.145811130189648 0.0951845956798043 3.12489890973357 -0.0419568950574068 -1.8801180760562 0.0598368273817611 0.0430225769306842 0.341028708300846
0.853191689086074 0.145872127242509 0.0945011291664899 3.12603484074158 -0.0436068042576061 -1.88437681682223 0.0565679196227953 0.0437809543676632 0.345276261227094
0.85303844418073 0.145933510334915 0.0939988847579554 3.12673046592151 -0.0450690766286192 -1.88726210121693 0.0535573172543288 0.0452469033597951 0.346825307661346
0.852896941674009 0.145993486661048 0.0936073688336807 3.12717534093132 -0.0463875052074546 -1.88925328905132 0.0509338131372618 0.0468366251315696 0.346948708592786
0.852770363232046 0.146052183608612 0.0932723104228641 3.1275011971568 -0.0476163146691117 -1.89076717115401 0.0485984594055466 0.0483674985253633 0.346436336278462
0.852657753490961 0.146110054997131 0.09296459408212 3.12777653383468 -0.0487861051159399 -1.89203843094225 0.046451948139118 0.0498071869982732 0.345664807680217
0.852560674414206 0.146167337028733 0.0926724309604156 3.12803146765391 -0.0499026050697622 -1.89316152862226 0.0444554190337974 0.0511500302802404 0.344779093419164
0.852485073931879 0.146223951256747 0.0923935801015107 3.12827803783414 -0.0509518722975098 -1.89414677516324 0.0426300679218383 0.0523786657743762 0.3438109552671
0.852442160940257 0.146279477572337 0.0921309297707126 3.12852168207435 -0.0519028901306194 -1.89495332082661 0.0410504108180735 0.0534583360472623 0.342730472527569
0.852449611309344 0.146333063556774 0.0918905228172724 3.12876728328657 -0.0527068307010825 -1.89550197714456 0.0398460422777162 0.0543407390089945 0.341456848110131
0.852533099672523 0.146383244989852 0.091680625897683 3.12902305497481 -0.0532949338091349 -1.89567819470913 0.0392105075805189 0.0549728084824746 0.339847295184269
0.852727339020777 0.146427703313353 0.0915106945999304 3.12930410180496 -0.0535782924458731 -1.89533540595252 0.0394092977954829 0.0553135326410542 0.33767545148
0.853074936092233 0.146463048888482 0.0913892723845114 3.12963611287856 -0.0534545402501313 -1.89430943991019 0.0407730064624281 0.0553638071733678 0.334611198855739
0.853620472492573 0.146484824696724 0.091320091614297 3.13005813360295 -0.0528279411770059 -1.89245548791581 0.043655076289906 0.0552109097460073 0.330221836067297
0.854397359392962 0.146488034243171 0.0912964544170388 3.13062161152135 -0.0516474600814158 -1.88971425898768 0.0483339980188547 0.0550775043038887 0.324024262425271
0.85540828767017 0.146468444679076 0.0912958542734392 3.13138201573339 -0.0499568980768778 -1.88619488277999 0.0548636860336897 0.0553452552573486 0.31561213375693
0.856607419700621 0.1464244688171 0.0912790568655143 3.13238190002988 -0.047931876668826 -1.88222975883306 0.0629315557415732 0.0565103477026702 0.304838076960339
0.857898713115344 0.14635866983609 0.0911976060670931 3.13363155901016 -0.0458667415976588 -1.8783402719083 0.0718344759571007 0.0590532975938961 0.291957395103733
0.859159201009245 0.146277644629834 0.0910084122584057 3.13509986579901 -0.0440969719797959 -1.87509547484164 0.0806455849683945 0.063274734555883 0.277612754705069
0.860277305221141 0.14619000643647 0.0906872885600833 3.13672365907436 -0.0428943255602819 -1.8729337995742 0.0885038098495453 0.0691985821127884 0.262634055592383
0.861182987365649 0.146103692635142 0.090233199623379 3.13843005669887 -0.0423982391688761 -1.87205568259176 0.0948513011795512 0.0766012712857491 0.247773479582156
0.861854875714106 0.1460241897415 0.0896625417120549 3.14015733973007 -0.0426141413962385 -1.87243227845467 0.0995003036945298 0.085128311016623 0.233529733425632
0.8623083562553 0.145954253541362 0.0889993131311166 3.14186494735407 -0.0434580189452283 -1.8738883386129 0.102553317860583 0.0944142822585816 0.220116335072237
0.862577746880683 0.145894649281229 0.0882669550046017 3.14353306443814 -0.0448087996601849 -1.87619186315264 0.104273788115127 0.104154458499531 0.207528151346562
0.862702171029139 0.145845203368253 0.0874839584672182 3.14515710420979 -0.046545036527633 -1.87911187022734 0.104980940886606 0.114126508777581 0.195642255821378
0.862717946533268 0.145805767043495 0.0866626280858543 3.14674139885735 -0.0485617021811952 -1.88243866596387 0.104989773835584 0.124185297241992 0.184328465605957
0.862656453348237 0.145777016778179 0.0858098736592793 3.14829353774415 -0.0507718230925249 -1.88597497667591 0.104583046343918 0.134255069953075 0.173594541639259
0.862545738918086 0.145761121123426 0.084929705711156 3.1498184674487 -0.0530979147950871 -1.88950658958891 0.103988134890144 0.144338167184379 0.163831317766727
0.862414589609724 0.145762129972404 0.084028283337617 3.15131022356301 -0.055455946545283 -1.89276124978151 0.103325105042574 0.154554779433868 0.156233773166106
0.862297507423497 0.145785436325185 0.0831228217618806 3.15273993611819 -0.0577356983362499 -1.89537845688245 0.102494720670856 0.165214181720965 0.153369750996963
0.862236419354782 0.145835060848018 0.0822527971134298 3.15404476130461 -0.0597915050277199 -1.89694816995689 0.101022238405272 0.176867535132826 0.159473823240066
0.862271373343546 0.145908289406377 0.0814827667489447 3.15513509570707 -0.0614728557304083 -1.89719387087435 0.0980131879896369 0.190204601180736 0.179436449029564
0.862417922343874 0.145991423908811 0.0808795974883854 3.15593895412521 -0.0627086015723893 -1.89624998697964 0.092487815261599 0.205682629106759 0.215862659061032
0.862650429118235 0.146063866516212 0.080469634778403 3.15646018252194 -0.0635784888388271 -1.89473259698547 0.0840352450136027 0.223123749350079 0.266314323945624
0.862916432629766 0.1461097149887 0.0802199401075573 3.15678397962105 -0.0642721739660456 -1.89340045937841 0.0731334216345302 0.241773865255263 0.324330414701382
0.863169668225074 0.146124885308168 0.080066344286513 3.15701911460879 -0.064969031715467 -1.89273681271699 0.0607637197124162 0.260799981635695 0.383444732782072
0.863387694614507 0.146114292376163 0.0799521582215092 3.15724396636063 -0.0657655145642005 -1.89284930207261 0.0478404295606933 0.279673940694459 0.439851324199752
0.863567865793597 0.146085614121603 0.0798437708962757 3.15749524706127 -0.0666831166826585 -1.89362127291082 0.0349766757147071 0.298205992094539 0.492303717991586
0.863716777253755 0.146045505292012 0.0797268160611135 3.15778170298745 -0.0677050828235589 -1.89487411846177 0.0225531469267205 0.316411462438711 0.540896456160501
0.863843027240641 0.145998651327303 0.0795976584885375 3.15809917029107 -0.0688037265481558 -1.89644797784402 0.01087641015226 0.334390735714289 0.586081082313555
0.863954203627709 0.145948164944582 0.079457169452958 3.15843924370665 -0.0699529186611413 -1.89822065255732 0.000321812525257976 0.352265332342594 0.628177127654629
0.864056220961577 0.145896360106268 0.0793074087330056 3.15879252609014 -0.0711320470825754 -1.90009881950794 -0.00855637205320914 0.370147614458011 0.667233841041326
0.864153482993 0.145845660826101 0.0791500483686647 3.15914868784401 -0.0723275392478024 -1.90199893367256 -0.0149641312216153 0.388109049265714 0.70316236764172
0.864249010315091 0.145799772916952 0.0789854764775244 3.15949470894867 -0.0735363336035499 -1.90382218766631 -0.0179495759112204 0.406105153288377 0.736272390215274
0.864343942946165 0.145765252236702 0.0788119644587553 3.15981232789707 -0.0747750399129451 -1.90542513028288 -0.016887458522685 0.423803691464621 0.768590769448858
0.864435956624338 0.145752891506649 0.0786249207256912 3.16007721683232 -0.0760960240114286 -1.90660071874496 -0.0128007698598599 0.440292603434908 0.806288600521425
0.864517115548284 0.145776317502115 0.0784174970294571 3.16026603974225 -0.0775987497202744 -1.90711956205651 -0.0105367794138553 0.453856903372414 0.862088011492363
0.864574573004148 0.145843845000069 0.0781848164459026 3.16037659116926 -0.0794003434640798 -1.90689065371411 -0.0196722680173622 0.462439165308615 0.952959744452644
0.864598313656326 0.145947023543765 0.0779304937143875 3.16044583514569 -0.0815464069181661 -1.90614614418739 -0.0501346451792823 0.465147093035831 1.08903035480889
0.864590319799596 0.146061954082728 0.0776668842181688 3.1605326868078 -0.0839507209438844 -1.90535832670888 -0.104479657497802 0.463339127114517 1.26342240721673
0.864562619536427 0.146166519813132 0.0774063151258448 3.16067633159757 -0.0864617406772055 -1.90490185009308 -0.176640265614179 0.45955931350863 1.45804792276133
0.864527396650153 0.146251970201973 0.0771543794134044 3.16088117745276 -0.0889677724294773 -1.90487911804814 -0.258160394474776 0.455740037112102 1.65734288746054
0.864491683031206 0.146319903374902 0.076910943664263 3.16113278551789 -0.0914255154409548 -1.9052137809279 -0.343116416106839 0.452670405872289 1.85380030265407
0.864458201774457 0.146375238070222 0.0766737126878287 3.16141502630475 -0.0938334757397388 -1.90578767177913 -0.428674567176868 0.450423835848393 2.04569183853573
0.864427797030042 0.146422263945388 0.0764403591933917 3.16171708390878 -0.0962044044767641 -1.90650506248672 -0.513887028772124 0.448829929310376 2.23370333246225
0.864401232827665 0.146463479212567 0.0762091212688154 3.16203458614874 -0.0985521888701478 -1.90730329157011 -0.598661970526778 0.447716452618331 2.41906196343443
0.864380402969287 0.146499418362593 0.0759787151962835 3.16236971189985 -0.100888555099062 -1.90814526698492 -0.683270629604785 0.446998179799412 2.60289498847545
0.864369486050578 0.146528441546115 0.0757480584388399 3.16273239746118 -0.103224201498207 -1.90901051306118 -0.76825399315041 0.446711981076189 2.78620011963839
0.864376361543242 0.146546126916315 0.0755159783311523 3.16314300082567 -0.105572079006899 -1.90988951195698 -0.854627335743062 0.447048618544537 2.97012054457805
0.864413971223129 0.14654440139754 0.0752810014038618 3.16363492922166 -0.107952534365633 -1.91078247818288 -0.944410010838678 0.448387091165552 3.15648907848673
0.864499671171799 0.146511485806142 0.0750414551373042 3.16425128928501 -0.110400208899703 -1.91170367711756 -1.04155610739091 0.451277739055149 3.34872196761738
0.864647049830003 0.146435906353948 0.0747964750663286 3.1650201396564 -0.112969235541392 -1.91269210400699 -1.15304892037915 0.456206346219622 3.55291902161512
0.864841378340713 0.146320402578197 0.0745487502832215 3.16588543976224 -0.115723144777796 -1.91382247038454 -1.28864261103486 0.462856285929626 3.7779258884215
0.865002400395549 0.146205652269736 0.0743082084957564 3.16660886105767 -0.118686780992109 -1.9151904641047 -1.45582376135264 0.468936664268835 4.03127197283812
0.864985153818568 0.146175701945083 0.0740908232140317 3.16678595260593 -0.121775417664938 -1.91684188168061 -1.64966387895092 0.470084989144381 4.31013171415035
0.864674550115517 0.146306879892798 0.0739075172962192 3.16611684253546 -0.124806723722443 -1.9187001312372 -1.8498922070142 0.46265961012141 4.5976699804823
0.864081794070989 0.14660573416108 0.0737547236875457 3.16465808223689 -0.127634484324861 -1.92061249366254 -2.03526009236847 0.446805213441426 4.87476371893969
0.863310280345172 0.147020131972281 0.0736197880933464 3.16270646435551 -0.130234452959753 -1.92246587439745 -2.19752298457358 0.425628230671007 5.13284080632102
0.862464427759316 0.147491362266183 0.0734911942761902 3.16054328367982 -0.132659986532442 -1.9242254490097 -2.33970673928703 0.402491798461512 5.37337640032274
0.861611746705577 0.147980139486374 0.0733620851825651 3.1583369922274 -0.134972587369028 -1.92590194745525 -2.46826753315986 0.379850043512153 5.60139376117897
0.860791126896507 0.148464972381701 0.0732289233165896 3.15617137675807 -0.137211402414872 -1.92751762497789 -2.58868521527186 0.359545539110038 5.82157555113005
0.860029864038843 0.148933847829268 0.0730895896840071 3.15409403174758 -0.139388312972524 -1.92909187884688 -2.7045045582557 0.343469276911197 6.03747486468925
0.859354875953267 0.149378545757709 0.0729423646291648 3.1521488672133 -0.141487502377363 -1.93063896090636 -2.81757349896914 0.334122024332185 6.25206640809858
0.858796018000719 0.149792910082517 0.072785892639343 3.15039215558144 -0.143461871150109 -1.93217008563928 -2.92831515349149 0.33492561643901 6.46867272857449
0.858379401416963 0.150175047861283 0.0726201794642501 3.14889249211763 -0.145229651586696 -1.93369640956737 -3.03577569799157 0.349947755623906 6.69185392806143
0.858107348397066 0.150533102178736 0.0724485533826705 3.14770718718926 -0.146685381424796 -1.93523063794561 -3.13770227594918 0.382397198956124 6.92764725044565
0.857930678346049 0.150890872949733 0.0722793645297446 3.14683231714173 -0.147744557517598 -1.93678424212074 -3.23128011037284 0.431682544167117 7.18208571100759
0.857742012024136 0.151284102723392 0.0721245141939587 3.14615966617955 -0.148414081134766 -1.93835874300922 -3.31490244061478 0.49101277375269 7.4577559573929
0.857420731321515 0.151742578339232 0.0719935604875011 3.14550586353054 -0.148821996141486 -1.93993686525243 -3.38985932405575 0.549300159436686 7.75115682762147
0.856901823435986 0.152272197289089 0.071888256535929 3.14471524686251 -0.149151194093138 -1.94148334116859 -3.45998805147403 0.597238027279096 8.05446784560842
0.85619955073633 0.152855397377586 0.0718032262190436 3.1437364047618 -0.149538026425372 -1.9429539487614 -3.52953936863537 0.631603692338075 8.36024893527352
0.855375640627762 0.153465298048248 0.0717308328007711 3.14261184903437 -0.15003229670325 -1.94430128236397 -3.60156308800301 0.654420213652575 8.66425871674761
0.854499538659182 0.15407713076889 0.0716648932314295 3.14142647146708 -0.150621093522111 -1.94547260806163 -3.67779209041523 0.669813908252833 8.9650702686558
0.853629806088951 0.154671385534656 0.0716016444928982 3.14027006791365 -0.151265352354453 -1.94640412279005 -3.75925405829567 0.681798238237977 9.26243357193312
0.85281268776722 0.155232415711237 0.0715392635422388 3.13922415100683 -0.151921544885813 -1.94701659684719 -3.84680324647511 0.693533659760919 9.55592924995642
0.852086150815416 0.155746553482681 0.0714771793480122 3.13836090673594 -0.152548859951788 -1.94721544620858 -3.94132810690524 0.707358980674951 9.84420724773767
0.851482498594769 0.156201558995543 0.0714156136510736 3.13774290408233 -0.153109751958 -1.94689798171099 -4.04366690942285 0.724985839500886 10.124643813518
0.851027071266458 0.156587893613633 0.0713553438850693 3.13741769612138 -0.153569832887777 -1.94597085877751 -4.15430284783918 0.747582775714841 10.3933235380743
0.850732894849823 0.156901643432599 0.071297553040499 3.13740599232783 -0.153900218206917 -1.94437889140167 -4.27292238134562 0.775687806567114 10.6454213641749
0.850593146050224 0.157148142589323 0.0712436315471046 3.13768667174609 -0.154083032092097 -1.94214016209529 -4.39799214714392 0.809015420519387 10.8761027772444
0.850575572207143 0.157344365622431 0.0711948610400901 3.13818678231232 -0.154118240490606 -1.93937286042718 -4.52660383114799 0.846318838959484 11.0818683885788
0.850623958421406 0.157517828602855 0.071152027854218 3.13878638313839 -0.154027776957362 -1.93629416227934 -4.65481973162925 0.885496061226874 11.2618865023552
0.850668959110984 0.157701156559155 0.0711151280983792 3.13934203746996 -0.153853063751813 -1.93318110002102 -4.7785134628095 0.924016291914953 11.4186016084817
0.850644622959493 0.157924269114861 0.071083328392164 3.13972061108983 -0.153645666339059 -1.93030675348869 -4.89435248280383 0.959523638250624 11.5571666860292
0.850502706274356 0.15820793066451 0.071055203039618 3.13982713327666 -0.153455452104083 -1.92788291156312 -5.00043302316797 0.990331824636994 11.683951811535
0.85021868129074 0.158561344493583 0.0710291027053412 3.13961501296224 -0.153321937385175 -1.92603459155856 -5.09631441739642 1.01560248083919 11.8049123438982
0.849789195760328 0.158983671049776 0.0710034702652928 3.13907905362168 -0.153271586683374 -1.92480902757404 -5.18257749476268 1.03521471543607 11.9245036303535
0.849225080530969 0.159467426662964 0.0709770089449138 3.13824015018404 -0.153319957161669 -1.92420374662468 -5.26022210501442 1.04948368464951 12.0453290622099
0.848544334960303 0.16000170602962 0.0709487171873976 3.13713072613448 -0.153475804524045 -1.92419589858935 -5.33015918119299 1.05888951321789 12.1683048302879
0.847767482428854 0.160574205240164 0.0709178568757164 3.13578559824988 -0.153744699019095 -1.9247622929715 -5.39289991984787 1.06390127972068 12.2930289264297
0.846915645166039 0.161171993656091 0.0708839177680914 3.13423884519487 -0.154130911779031 -1.92588731343583 -5.44843759910842 1.06490936840608 12.4181472320698
0.846010581656678 0.16178148800565 0.0708466136698089 3.13252513021894 -0.154637312182055 -1.92756015985275 -5.49628454372627 1.06224386975588 12.5416508203023
0.845075578716182 0.162388223597168 0.0708059167151355 3.13068324990096 -0.155263607923316 -1.92976452285086 -5.53563304585605 1.0562464714951 12.6611325415506
0.844136102866439 0.162976968235242 0.0707621113883978 3.12875957322053 -0.156003677398622 -1.93246471819413 -5.56561494142546 1.04736097087576 12.7740628278594
0.843219335417457 0.1635325411696 0.0707158317696612 3.12680919820077 -0.156843114857383 -1.93559333635097 -5.58561907109827 1.03620559564811 12.8781228230134
0.84235218981697 0.164041370040471 0.0706680405084709 3.1248933316581 -0.157758283380918 -1.93904592857317 -5.59559268144546 1.02359259424616 12.9715733053099
0.841558138857677 0.164493399041055 0.0706199247451874 3.12307284693046 -0.158717834375427 -1.94268670552979 -5.59622890533718 1.0104754012526 13.0535715338012
0.840853897862109 0.16488365266189 0.0705727216039051 3.12139984233487 -0.159686684703818 -1.94636507613633 -5.58896163201361 0.997832641907071 13.12432093793
0.840247259499608 0.165212801193827 0.0705275252020447 3.11991025745064 -0.16063124291419 -1.94993776578886 -5.57575985731251 0.986528641731002 13.1849820198666
0.839736904475978 0.165486505576829 0.0704851418249314 3.11862025259272 -0.161524001570131 -1.95328843430322 -5.55879992443705 0.977202147723556 13.2373683441314
0.839314093701558 0.165713878513366 0.0704460393763582 3.11752726583401 -0.162345925272623 -1.95633811207297 -5.54014004156527 0.970219937177428 13.2835359790518
0.838965383993561 0.165905733988431 0.0704103977224937 3.11661465752708 -0.163086077807763 -1.95904414175317 -5.5215015529511 0.965701613151366 13.3253948007857
0.83867530161776 0.166073268361359 0.0703782353045305 3.11585783014925 -0.163738915073195 -1.96138950188223 -5.50419982961217 0.963597026948514 13.3644265997902
0.838428189217186 0.166227555288247 0.0703495785276449 3.11522991681986 -0.16430012342969 -1.96336623351206 -5.48920854217603 0.963790227722404 13.4015318763357
0.838208881505168 0.166379956928672 0.0703246476972754 3.11470598784621 -0.164761857348639 -1.96495635597439 -5.47730975754354 0.966210411436359 13.4369880556866
0.838002209449807 0.166543352872602 0.0703040395025105 3.11426553473246 -0.165108141852673 -1.96611283547853 -5.46927444396313 0.970939846569742 13.4705035862985
0.837791558323632 0.166733896487613 0.0702888739080036 3.11389339867313 -0.165311517186577 -1.96674376698117 -5.46601370599478 0.978310199016649 13.5013885270564
0.837556978560237 0.16697264868039 0.0702808312995796 3.11357931485573 -0.165332995560008 -1.96670627167416 -5.46862332579419 0.988964330408371 13.5289114056687
0.837273885705804 0.16728577255763 0.0702819399641453 3.11331605855318 -0.165128817130242 -1.96582237984046 -5.47821577297994 1.00382900581975 13.5529301324741
0.836914161538328 0.167701240281258 0.0702939408361942 3.11309617759658 -0.16466775894615 -1.96393256746979 -5.49544003896141 1.02391264223509 13.574786980543
0.836451693028449 0.168240348492957 0.0703171939112696 3.11290795217395 -0.163958460404167 -1.96099140715516 -5.51972709452918 1.04986871137237 13.5981568067917
0.835872376940194 0.168905537686444 0.0703495220799223 3.11273260142471 -0.163075099406605 -1.95717223598484 -5.54862192907299 1.08142607057453 13.6291414865068
0.835183855846623 0.16967156783986 0.0703858774581302 3.11254552512262 -0.162159134245794 -1.95290299257059 -5.57784271354306 1.11703641347127 13.6749385457686
0.834417008828902 0.170488874731187 0.0704195205379163 3.11232230510803 -0.161383131113352 -1.94876879586814 -5.60242196583333 1.15412493000599 13.7413869044014
0.833615855920169 0.171299841716082 0.0704442230916932 3.1120459383432 -0.160893684674003 -1.94531884215073 -5.61838145114854 1.18990834365032 13.8309165878546
0.832822326857977 0.172057400400887 0.0704560266611065 3.11171023744227 -0.160771411434887 -1.94290485834222 -5.62384802333153 1.22223676369405 13.9422946328045
0.8320657946112 0.17273453185833 0.0704535671540622 3.11131784598358 -0.161029128371487 -1.94164122263962 -5.61907252551801 1.24994517221814 14.0720275465877
0.831361298417887 0.173322629455053 0.0704372204078157 3.11087544404341 -0.161637453150526 -1.94146789483236 -5.60573886717314 1.27267316605233 14.2161954568246
0.830713687980936 0.173824072678678 0.0704078978308625 3.11038932684903 -0.162555487497101 -1.94224344148149 -5.58624803975158 1.29043341516447 14.3717545386884
0.830123474966539 0.174244474386721 0.0703660600952092 3.10986281353834 -0.163753144333389 -1.94381594597215 -5.56337975645819 1.30318052383613 14.5370977906707
0.829592081691693 0.174586977083028 0.0703111174633227 3.10929567002707 -0.165222266059528 -1.94605623417754 -5.54040824830783 1.31048091928229 14.7120301578018
0.8291259043732 0.174848987305153 0.070241293244864 3.10868587142046 -0.1669761583372 -1.94885421695284 -5.52158233982562 1.31132227965936 14.8971919647532
0.82873862399546 0.175021985626762 0.0701542824331418 3.10803508199992 -0.169032322660621 -1.95207724835921 -5.51270795816948 1.30419051414799 15.0926066967864
0.828449316666019 0.175096880773828 0.0700494120443057 3.10735958228154 -0.171367465204003 -1.95548948652757 -5.52111557012603 1.28774319492452 15.2948591202961
0.828271759768659 0.175077924137441 0.0699316261491883 3.10670406527025 -0.173845039511251 -1.95866601317468 -5.55363085228901 1.26241850633965 15.4934168024025
0.82819464582542 0.175000542075533 0.0698149033127848 3.10614353098073 -0.176168632495466 -1.96101725931669 -5.61177580872837 1.23237510097436 15.6697131421552
0.828169256704967 0.174932304036827 0.0697192295327082 3.10575349622639 -0.177966188165897 -1.96204012745916 -5.68746455731129 1.20534973312093 15.8042187746471
0.828128065409919 0.174941272937529 0.0696597227576912 3.10556219715523 -0.179001444138559 -1.96164090791821 -5.76565610248001 1.18882069223377 15.8886324209102
0.828022649050495 0.175058730998604 0.0696383310665755 3.10553649318512 -0.179300463896914 -1.96015963023485 -5.8332892649789 1.18582018254613 15.9301841598356
0.827840995689824 0.17527508694231 0.0696465824294919 3.10561478681386 -0.179065526242865 -1.95807994079761 -5.88507519514194 1.19473278483476 15.9438992348255
0.827595904572675 0.175561983581868 0.0696735222839998 3.10574386453018 -0.178517521337559 -1.95577190085311 -5.92220397745774 1.21198769978666 15.9432714650122
0.827307248560771 0.175891782612198 0.0697106136251061 3.10589168821712 -0.177814240586261 -1.95343276670818 -5.94845912286719 1.2342860902625 15.9367439888037
0.826992478055831 0.176244410118575 0.069752555776581 3.10604343411727 -0.177046362207436 -1.95113951287572 -5.9676546706551 1.25933024440002 15.9285156611915
0.826664853476797 0.176606348312614 0.0697963088615201 3.10619401624702 -0.176261569617037 -1.94891375276791 -5.98283310699575 1.285685548589 15.920392622203
0.826335360045661 0.176967002060393 0.0698398457235026 3.10634226492534 -0.175489165262997 -1.94676871308507 -5.99643294266697 1.31239577639551 15.9132736336526
0.8260160413821 0.177314365621476 0.0698809665407691 3.10648612050507 -0.174760702576997 -1.94474624053139 -6.01085953779653 1.33856449916446 15.9081981869979
0.825723961499072 0.177630114433666 0.0699159615499092 3.10661545697995 -0.174131316426265 -1.94296176110666 -6.02923833099412 1.36287203456006 15.9072708759607
0.825484523853747 0.177884704576499 0.0699378636712042 3.10669697260895 -0.173706638906423 -1.94167263531063 -6.05614680761051 1.38293747889737 15.9146829506443
0.825329270537268 0.178036926316963 0.0699347052217953 3.10664535319527 -0.173669435817622 -1.94136007506689 -6.09757885026105 1.39462648888405 15.9374914625038
0.825276455462693 0.178050890444291 0.0698904639509063 3.10628854759821 -0.174265048599809 -1.94272350288445 -6.15817601455428 1.39216355291863 15.9843535140234
0.825285166206322 0.177945529470921 0.069794491504521 3.1053827729194 -0.175656926855432 -1.94633735538368 -6.2337034531493 1.37108950929917 16.0589177903535
0.825219449530795 0.177847196576742 0.069659428490362 3.10376627473724 -0.177651994784036 -1.95189459087445 -6.3037930521956 1.3344900903586 16.1493126064546
0.824911033495244 0.177944314686717 0.0695251986708742 3.10156611986496 -0.179638976135962 -1.95789203378048 -6.34006809209364 1.29520938579529 16.2285930439433
0.82429118548439 0.178344214965287 0.0694311542598779 3.09914459141073 -0.181014794044229 -1.96264854346107 -6.32791935512887 1.2670451598 16.2740661763502
0.823417531593614 0.179017188081938 0.0693900788360163 3.09681432120942 -0.181583124276383 -1.96545356018509 -6.27356032972858 1.25540530213706 16.2815194628676
0.822390009404697 0.179870766411316 0.0693930990181929 3.09469938923703 -0.181479562185437 -1.966512541578 -6.19177635574367 1.25814684471353 16.259419819947
0.821286543584187 0.180822885941579 0.069425813567363 3.09279589632278 -0.18092457089315 -1.96633268335683 -6.09489030245792 1.27081717119222 16.2182910004655
0.820152753079855 0.181821238650009 0.0694766678012666 3.09106057985392 -0.180094914372904 -1.96535778606195 -5.99008659212514 1.28966443088515 16.1663829287405
0.819013785384627 0.182835199775119 0.0695380293841392 3.08945702055912 -0.179106792158845 -1.96389863996879 -5.88055514318811 1.31223971182405 16.1104714176204
0.817888407798842 0.183842382889432 0.0696044876860847 3.08797485106796 -0.178041897496728 -1.96219393610137 -5.76704555400112 1.33709265904786 16.0593905627585
0.81680395986869 0.184813341853954 0.0696701690623632 3.08664767564162 -0.176990852150643 -1.96052564009948 -5.64961474905923 1.36327936663548 16.0301533846555
0.815814586644414 0.185692787233925 0.0697254896283238 3.08557963738814 -0.17611222195237 -1.95935462169083 -5.53144938346406 1.38974536413014 16.054775124391
0.815004536802214 0.186395599266225 0.0697568296071614 3.08493649113218 -0.175654857357395 -1.95928427726489 -5.42599334531896 1.41465829598348 16.1721672938958
0.814420905862378 0.186873513755939 0.0697580133500822 3.08478514416576 -0.175776869829894 -1.96046019959408 -5.35725002345575 1.43579779001158 16.3794581196245
0.813977437837985 0.187211912385293 0.0697449807578721 3.08490021404433 -0.176254426546036 -1.96197002518621 -5.33693640421941 1.45282051010282 16.5962864099642
0.813530475230035 0.1875550676493 0.0697412298247854 3.08496009437187 -0.176670710048008 -1.96271119305866 -5.34912168273584 1.46773772219126 16.7417013093712
0.813020602626953 0.187964225194908 0.0697550523013933 3.08484304102456 -0.176829926936914 -1.96242102803078 -5.37182989777607 1.48230997257315 16.8038600160205
0.812464976107063 0.188424622371016 0.0697824120977604 3.08458227529729 -0.176753979406506 -1.96140671580607 -5.39390330384969 1.49686864781519 16.8089859639624
0.81190016123001 0.188902974791706 0.0698167457911613 3.08423131160165 -0.176517525151539 -1.96005761081363 -5.41230286957594 1.51083995487407 16.783212253161
0.811360858032378 0.189369707918439 0.0698521138677284 3.08381241223092 -0.1761774223768 -1.95872926877472 -5.42649914982946 1.52313397373368 16.7445634694851
0.810880693799712 0.189799324868834 0.0698823492828118 3.08330713097077 -0.175769039828738 -1.95782265706289 -5.43575084545379 1.53206451070038 16.707489725442
0.810494361400608 0.190168826623908 0.0698991843253486 3.08264877418943 -0.175322426521733 -1.95791181227751 -5.4381071500349 1.53509261730566 16.6894748980475
0.810226809334822 0.190465574677187 0.0698911566952547 3.08171619808902 -0.174886159659327 -1.95981437650409 -5.4303335839235 1.52898696646941 16.7166936890013
0.81005564787119 0.190712759623753 0.0698469962921201 3.08037002395826 -0.174550095630145 -1.96434085559853 -5.40956809495545 1.51165363418823 16.8219280446652
0.809864721164634 0.190996309891423 0.069767552243638 3.07858982241534 -0.174427781400458 -1.97142736985077 -5.37759850112128 1.48621024150185 17.0220009894855
0.809482995073027 0.191429174916517 0.0696759400044374 3.07661525594222 -0.17456338155681 -1.97939802561787 -5.34347240479504 1.46250830773756 17.2861625216851
0.808831008993473 0.192050869016282 0.0696029518459512 3.07481187270602 -0.174868261456102 -1.98602032579042 -5.31730934882677 1.45000775086498 17.5499280372269
0.807973708030495 0.192803605325116 0.0695623860766725 3.07337958861836 -0.175205213833535 -1.99029289006331 -5.30228878764001 1.4505104432324 17.7689789092331
0.807022936994474 0.193605865750299 0.0695502422505618 3.0723105048213 -0.175489231556807 -1.99250472969434 -5.29568936810964 1.4603708195543 17.9364168670637
0.806059793944258 0.194402336004598 0.0695576772861186 3.07152553068455 -0.175692655055897 -1.99329680817112 -5.29376940978733 1.47554688665475 18.0622247579305
0.805128523824626 0.195163970430107 0.0695781202760445 3.07096151723649 -0.175811829211887 -1.99314657434436 -5.29396369105595 1.49347443617711 18.1563043318706
0.804253544494722 0.195874811982508 0.0696079945231999 3.07058608823326 -0.175846072822029 -1.99231619061935 -5.29485676772345 1.5128249512715 18.2240590498342
0.803452103929001 0.196523299612129 0.0696455986210024 3.070387875409 -0.175790899987184 -1.99093510373558 -5.29565349048004 1.53292780549217 18.2673164763036
0.802739874816572 0.197098861891012 0.0696901201230196 3.07036561762059 -0.175637072874462 -1.98907439456726 -5.29577699423547 1.5534006051046 18.2859993838658
0.802132156276696 0.197591665050233 0.0697410412384077 3.07051987387517 -0.175371166671649 -1.9867946117715 -5.29464029252168 1.57398231768889 18.2794483834652
0.801642297476225 0.197994418570485 0.0697977739889826 3.07084552454637 -0.174976744177147 -1.98417915055805 -5.29152563119149 1.59448486284314 18.2475353724889
0.801277711389563 0.198305997204071 0.0698593825394164 3.07132330486073 -0.174436649105506 -1.98136277823792 -5.28553548928203 1.61481076787164 18.1918510751921
0.801033668979059 0.198536572399162 0.0699243542137233 3.07191052223593 -0.173737269552441 -1.97855509400555 -5.27562671234641 1.63501082415907 18.117022172291
0.800886222785049 0.198712824064984 0.0699904880457719 3.07253415746004 -0.172875114489504 -1.97604747802491 -5.26076909661632 1.65535569701479 18.0317976556239
0.800787921196677 0.198879929380188 0.0700550470335052 3.07309281244142 -0.171864382654098 -1.97418425611202 -5.24025294456516 1.67637407445606 17.9490680981593
0.800671740499102 0.199096019228448 0.0701152885399906 3.07347409908711 -0.170741714746669 -1.97328543988039 -5.21407974223803 1.69879190282792 17.8838730650367
0.800466439155433 0.199417435389222 0.070169269584963 3.07358670161027 -0.169563251424271 -1.97353857312994 -5.18324032560079 1.72333590962842 17.8493259702172
0.800118872666305 0.199879891090793 0.0702165241839074 3.07339335353139 -0.168392503226026 -1.97491485087716 -5.14965531709576 1.75045703057411 17.8521123015519
0.799611463734376 0.200485912504862 0.0702581587263857 3.07292495747248 -0.167284406189896 -1.97716624980709 -5.11574104823568 1.78011539261815 17.8901980265247
0.798964973274543 0.201205710267123 0.0702962813565794 3.0722673910915 -0.166274590669552 -1.97990787089953 -5.08384196665899 1.81174180157228 17.9541063867359
0.798227327398991 0.201989054017905 0.0703331363729544 3.0715316288121 -0.165378833291136 -1.98273163847963 -5.05584921402664 1.84436203441298 18.0306147273543
0.797457514384954 0.202779630799428 0.0703704036880805 3.07082542993905 -0.164600414010565 -1.98529111439747 -5.03314176750719 1.87677288310036 18.1065294178926
0.796712884213125 0.203525179162559 0.0704088633733605 3.07023728708984 -0.163939746273323 -1.98733487465204 -5.01676606508383 1.90767006005982 18.1710189477962
0.796042589630175 0.204181924324772 0.0704483556312378 3.06983234679481 -0.163402157874271 -1.98870146222913 -5.00769304116323 1.93569795383897 18.2163976995756
0.795485588626868 0.204715301974197 0.0704878780804429 3.0696546685824 -0.163002511758886 -1.9892996063541 -5.00703276501868 1.95944644837531 18.238009085413
0.7950703839426 0.205099654026989 0.0705257106418787 3.06973037141287 -0.162766871309855 -1.98909126622152 -5.01614563213039 1.97744088548354 18.2338808065273
0.794814251367217 0.205318874053 0.0705595429476074 3.07006840366194 -0.162731420906812 -1.98808573996898 -5.03661381577973 1.98817371574902 18.2045472087517
0.794720794601762 0.205368987341409 0.0705866480528798 3.07065777386215 -0.162938161901619 -1.98634626044175 -5.070033025059 1.99022410577453 18.1531441110837
0.794775868513567 0.205262587618817 0.0706041846499211 3.07146189674495 -0.163426385419223 -1.98400552354545 -5.11758471136733 1.98250154120025 18.0856416121464
0.794943347683315 0.205033709958915 0.07060970261168 3.07241270610219 -0.164219412578638 -1.98128141400578 -5.17939386721392 1.96461406565838 18.0108733174259
0.795163755587128 0.204740161665729 0.0706018454253589 3.07340926800689 -0.165308305596421 -1.97847893225278 -5.25379866251719 1.93728498381705 17.9398911992702
0.795359438669448 0.204459496081551 0.0705810794032086 3.07432634339538 -0.166637963879423 -1.97596318437829 -5.33683050931964 1.90263941722339 17.8842816365268
0.795448168079644 0.204276360034344 0.0705501096100655 3.0750353630217 -0.168103844625245 -1.97409773344745 -5.4222966086258 1.8641312603684 17.8535720589853
0.79536233405852 0.204263536419141 0.0705136396753092 3.07543311331321 -0.169565497104368 -1.97316332004968 -5.5026897084349 1.82598652188118 17.852591787908
0.795066063611193 0.204464073735045 0.0704774172056105 3.07546645575753 -0.170874777074955 -1.97329088519277 -5.57070619828955 1.79230338308453 17.8800429578227
0.794562325074243 0.204882697447865 0.0704469288485382 3.07514150641323 -0.171907310999052 -1.97444075583532 -5.62074209232403 1.76618575918203 17.9290513591017
0.793887632910059 0.205489560080866 0.0704263122891528 3.07451433747862 -0.172583807023544 -1.97643410775472 -5.64974054934192 1.74927315433206 17.9893558884378
0.793098758255355 0.206232532199493 0.0704178612120614 3.07367030155234 -0.172874958509799 -1.97901468539517 -5.65718844862677 1.74177258620036 18.0499852170574
0.792258493157722 0.207051175725758 0.0704221197745944 3.07270262132137 -0.172793104271146 -1.98191013641874 -5.64451528953715 1.74283210562291 18.1013367431611
0.791425384516529 0.207887288924686 0.0704383116373161 3.0716973720248 -0.172378351833735 -1.98487349923621 -5.61431226305088 1.75100631885267 18.1362169780137
0.790648662402202 0.20869047666648 0.0704648296821598 3.07072639518431 -0.171685674768096 -1.98770156311396 -5.56967740491886 1.76463691783964 18.1499964568024
0.789967126307726 0.209419736760438 0.0704996249743729 3.06984611050772 -0.17077598558733 -1.99023663980153 -5.51379955859451 1.78208752804198 18.1402713674975
0.789410072043748 0.210042865728959 0.07054045071051 3.06909931355771 -0.169711350833444 -1.99236033042547 -5.44975922356206 1.80185082766189 18.1063816057021
0.788998700379768 0.210535226835427 0.0705849846945384 3.06851767112447 -0.168553202082932 -1.99398579520784 -5.38047321263026 1.8225741154216 18.0489933856097
0.788747070680821 0.210878849956343 0.0706308768016075 3.06812358392037 -0.167362162392412 -1.99505219025182 -5.308710256284 1.8430473838026 17.9698287051661
0.788662183332282 0.211062330520315 0.0706757675129985 3.06793084608666 -0.166198315967211 -1.99552276379295 -5.23712225948456 1.8621858000668 17.8715443759161
0.7887431444383 0.211081631784178 0.0707173158540753 3.0679440323522 -0.165121024405667 -1.99538670785429 -5.16825321610499 1.87902660142981 17.7577190748964
0.788979658827808 0.210941606711939 0.0707532659823891 3.06815690323695 -0.164187632675431 -1.99466386979463 -5.10450095204362 1.89275104964552 17.6328803819433
0.789350380078334 0.210657774006009 0.0707815704191041 3.06855044684165 -0.163450668956795 -1.99341051380997 -5.04801901736677 1.90273377885212 17.5024860589445
0.789821911121885 0.210257606195009 0.0708005709954471 3.06909148758208 -0.162953532595873 -1.99172344210201 -5.00056195410041 1.90861258696592 17.3727682435067
0.790349385153148 0.209780415683168 0.0708092142915827 3.06973297329273 -0.162725238719986 -1.98973927204228 -4.96329900615412 1.91036117474176 17.250368605374
0.790879382313467 0.209275035579016 0.0708072511885292 3.07041689209782 -0.162775445169461 -1.98762612841482 -4.93664496911966 1.90833842973225 17.1417494310351
0.791355323892416 0.208795030998997 0.0707953527077163 3.07108010222107 -0.163091424309685 -1.98556693299138 -4.92017069924893 1.9032863211264 17.0524563057703
0.791724535807702 0.208392077836894 0.0707750822380718 3.07166227028026 -0.163638472653402 -1.98373660429162 -4.9126458809986 1.89625944355017 16.9863998145937
0.791945302258611 0.208109035090798 0.070748703966549 3.07211406301738 -0.164364305042803 -1.98227850607189 -4.91222821292908 1.88849179833043 16.9453630447121
0.791991973983215 0.207974588151213 0.0707188651584432 3.07240334996746 -0.165206574931871 -1.98128660140481 -4.91675998904972 1.88123090507883 16.9288900235691
0.791856804296461 0.208000862197647 0.0706882360757493 3.07251778336109 -0.166101518119023 -1.98079801972692 -4.92409281979491 1.87558227391968 16.9345817040826
0.791548368401876 0.208184319334948 0.0706592002401077 3.07246344086016 -0.166991465963483 -1.98079694770705 -4.93235636535266 1.87240117205596 16.9586872162525
0.791087531508365 0.208509158919669 0.0706336575412914 3.07226052106218 -0.167829680562731 -1.98122699911655 -4.94011745855606 1.87224800534936 16.9968008267387
0.790502448557145 0.208951864494084 0.0706129546232788 3.07193774737245 -0.168582123942595 -1.98200730051468 -4.94642116048632 1.8754009290608 17.0444859976585
0.789823923520166 0.209485607851392 0.0705979171973173 3.07152702829387 -0.169226749080818 -1.98304783731298 -4.95074110221192 1.88190522401688 17.0977195975871
0.789081913507155 0.210083692891261 0.0705889412478498 3.07105933821711 -0.169751346590814 -1.98426128515348 -4.95288106816257 1.89163654102715 17.1531321039442
0.78830338935414 0.210721762657339 0.0705861027384902 3.07056212831326 -0.17015093021319 -1.98557043593923 -4.95286569927968 1.90436074889865 17.2080776086941
0.787511375099677 0.211378882467707 0.0705892586012955 3.070058112068 -0.1704253303155 -1.98691166735595 -4.95084491837162 1.91978130932833 17.2605909626627
0.78672482328732 0.212037795182817 0.0705981261814797 3.0695650555816 -0.170577314691802 -1.98823552239641 -4.94702283600206 1.93757194401607 17.3092870845871
0.785958979343707 0.212684669294425 0.0706123388957741 3.06909617830185 -0.170611295106512 -1.98950553564882 -4.94161194869032 1.9573964371083 17.353242940548
0.785225963553387 0.21330860174854 0.0706314816030338 3.06866084413494 -0.170532534562836 -1.99069622856702 -4.93480818579378 1.97891900682857 17.3918863678235
0.78453539220937 0.213901054325188 0.0706551111400859 3.06826532510723 -0.170346720162339 -1.99179090059789 -4.92678071228105 2.00180869013551 17.4249029520469
0.783894938867228 0.214455327486625 0.0706827672172701 3.06791351138386 -0.170059771880716 -1.99277957808443 -4.91767084751857 2.02574047182155 17.4521638335467
0.783310792594744 0.214966120510617 0.0707139776773799 3.06760750881376 -0.169677787110619 -1.9936572877473 -4.90759580834924 2.05039502064101 17.4736729200422
0.782788004553626 0.215429191356781 0.0707482607766413 3.06734810836852 -0.169207054773414 -1.9944226958345 -4.89665449559484 2.07545814827449 17.4895302545528
0.78233073320881 0.215841109229803 0.0707851259945279 3.0671351364449 -0.168654101982982 -1.99507708120567 -4.88493388766673 2.10062056223719 17.4999080952295
0.781942408110199 0.21619908161228 0.0708240739842284 3.06696770740115 -0.16802575861418 -1.99562357138246 -4.87251572636509 2.12557811068368 17.5050368247052
0.781625836863881 0.216500831346266 0.0708645955458208 3.06684440493032 -0.16732924299473 -1.99606654900072 -4.85948417819182 2.15003243466235 17.5051986775083
0.78138328068699 0.216744496537704 0.0709061687883294 3.06676341953705 -0.166572290267992 -1.99641112266067 -4.84593619665254 2.17369165780676 17.5007282583576
0.781216516694552 0.216928529520551 0.0709482528208315 3.0667226646269 -0.165763370469701 -1.99666255109008 -4.83199754067054 2.19627037964083 17.4920198558082
0.781126877443414 0.217051590987705 0.0709902754070004 3.06671987787689 -0.164912083233728 -1.99682552794366 -4.81784880077701 2.21748779298036 17.4795425621777
0.781115186423721 0.217112492335938 0.0710316114496833 3.06675267578728 -0.164029874251191 -1.99690331394215 -4.80376689825023 2.23706238992821 17.4638649082574
0.781181357278627 0.217110365225172 0.0710715501545847 3.06681845023086 -0.163131285378957 -1.99689690949253 -4.79018698122834 2.25470198273349 17.4456902633023
0.781323163910058 0.217045464903488 0.0711092538387234 3.06691386156052 -0.162235977831948 -1.99680488214913 -4.77778434525416 2.27008977435941 17.4259006582556
0.781533347576936 0.216921332602906 0.0711437249267017 3.06703350902494 -0.161371625206915 -1.99662515427847 -4.76756023110784 2.28287282648777 17.4055962451794
0.781794034514005 0.216749282446795 0.0711738242980063 3.06716726068412 -0.160577194222308 -1.99636085841153 -4.76088147318214 2.29267037757834 17.3860954483749
0.782068056515385 0.216555798600248 0.0711984207905995 3.06729603008015 -0.159904767212789 -1.99603249529989 -4.75937050898008 2.29913460715875 17.3688267583897
0.782289353941149 0.216391405668882 0.0712167675222538 3.06738706476483 -0.159415967456939 -1.99569618308064 -4.76449946052798 2.30210248667089 17.3550189418933
0.782359714809013 0.216335243838054 0.0712291162061074 3.06739231419749 -0.159167969746749 -1.99546051499265 -4.77680899704014 2.3018413289774 17.3451497260843
0.782163134094791 0.216485523922216 0.0712373189260139 3.06725542906487 -0.159188320358059 -1.99548458155359 -4.79498059430445 2.29928218396735 17.3383267675298
0.781602602600181 0.216930267561434 0.0712448671685823 3.06692975731348 -0.159449860598984 -1.99594014186819 -4.8154408790079 2.29601485876173 17.3320673028499
0.780643097503959 0.217710017184937 0.0712559605285922 3.06639936112678 -0.159867015037124 -1.99694636291019 -4.83317740165664 2.29388439606531 17.3229080243574
0.779329300033307 0.218798925503308 0.0712739979317021 3.0656876021623 -0.160323682417176 -1.99851891925122 -4.84353478185927 2.29436204427811 17.3076349405133
0.777763843940842 0.220118808213231 0.071300516610168 3.06484635625777 -0.160715170378168 -2.00057039205512 -4.84378067735169 2.29811576391759 17.2842867179892
0.776065928663025 0.221572160995769 0.0713351740944532 3.06393563940196 -0.160975719667144 -2.00295346197966 -4.83349037600998 2.30501579798915 17.2523139187033
0.774339675909814 0.223069598166384 0.0713764478954515 3.0630080893231 -0.161081049110919 -2.00550850144973 -4.81391603907082 2.31442967775469 17.2120469465633
0.772663729853262 0.224540436526873 0.0714224001193871 3.06210394060802 -0.161035569978368 -2.00808916193993 -4.78709289069893 2.32553332268277 17.1639932058936
0.771096304378122 0.225929915716003 0.0714711505945266 3.06125363120907 -0.160857437227492 -2.01056426078774 -4.7552020523654 2.33749249441262 17.1082998208115
0.769686141087983 0.227190629414098 0.0715210491927575 3.06048334575399 -0.160567966998565 -2.01280565747045 -4.72029138031223 2.3495121564603 17.0444339666698
0.768483439740956 0.228273297496612 0.0715706739965363 3.05982056275225 -0.160186030219183 -2.01467099814665 -4.68424793625828 2.3608056948259 16.9710123622087
0.767548250576224 0.229119284637582 0.0716187768127845 3.05929832705798 -0.159725825322154 -2.01598693547008 -4.64889166044035 2.37053403452053 16.8857351069063
0.76695466867277 0.229656582357799 0.0716642632389404 3.05895732031228 -0.159196459672257 -2.01653810451078 -4.61608971912632 2.37775545612371 16.7854705415421
0.766787790937016 0.229802239690747 0.0717062767822066 3.05884401275676 -0.158602443579231 -2.01607095700282 -4.58780286834683 2.38143260532519 16.666658882065
0.767128067904171 0.229476425043163 0.0717444474736767 3.05900191242997 -0.157944837610111 -2.01432808438129 -4.56595684148951 2.38056286845475 16.526312411548
0.768017339932871 0.228633772456072 0.0717793209498919 3.05945277921275 -0.157223182191924 -2.01113143468605 -4.55201903134297 2.37450569977848 16.3638566448886
0.769408250774868 0.227310986490216 0.0718128420751961 3.06016880084747 -0.156438285781152 -2.00651665137584 -4.5462465137691 2.36351379405896 16.1836123978619
0.771118411430573 0.225671306066881 0.0718485327275696 3.06104758835713 -0.155595229469663 -2.00087037108986 -4.54685864415655 2.34927320178991 15.9967123116281
0.772831424566351 0.224006327458252 0.071890904473581 3.06191318385067 -0.154704878222705 -1.99496051532326 -4.54976892370651 2.3350125701749 15.8203669915757
0.774174533213548 0.222665868268884 0.0719440556064036 3.06255928107488 -0.153782213491712 -1.98976539167671 -4.54947607456239 2.32480840561828 15.6733426182903
0.77484229418335 0.221942484360251 0.0720101926338657 3.0628175205489 -0.152842068520281 -1.98615695906287 -4.54088140149975 2.32231147116091 15.5696719420417
0.774686154541209 0.221985187334778 0.0720890621144239 3.0626066572542 -0.151895421794087 -1.98464040618425 -4.52089439430074 2.32970071006141 15.5147192948898
0.773719633119602 0.222791219784895 0.0721785074376297 3.06193514239526 -0.15094893750167 -1.98530114127061 -4.48888876975553 2.34746135417197 15.5056893170623
0.772061580686004 0.224256888673171 0.0722754990803029 3.06086978847811 -0.150007499511905 -1.98792493285914 -4.44611974958216 2.37484427997437 15.5349613237992
0.769870919804975 0.226238019021698 0.0723769356282581 3.0595000091281 -0.149077625618077 -1.99215935096078 -4.39483128143188 2.41047989651742 15.5934426274448
0.767304866401816 0.228589426608348 0.0724799914649452 3.05791515592287 -0.148170041182933 -1.9976260217293 -4.33759339760815 2.45279031451208 15.6724968946482
0.764502933131007 0.231180487336131 0.072582147251625 3.05619608561585 -0.14730083475307 -2.00396867663303 -4.27698381585172 2.50014727388953 15.7645244472536
0.761586069008496 0.23389638372846 0.0726811082574636 3.05441502003228 -0.146491327864259 -2.0108600613005 -4.21549671284039 2.55087567615097 15.8628284657563
0.758660758347767 0.236634499481453 0.0727747395920453 3.05263809693004 -0.145767042356156 -2.01799347934392 -4.15553690641938 2.60321176028361 15.9612948857628
0.755822481079635 0.239301277403129 0.0728610582540285 3.0509276107845 -0.145156273327724 -2.02507447630712 -4.09941606409489 2.65527942692297 16.0541422368032
0.753156917704715 0.24181112366682 0.0729382630578732 3.04934320915644 -0.144688919236483 -2.03181780952096 -4.04933028385557 2.70509911425711 16.1357818586004
0.750739651298437 0.244086663671009 0.073004757331213 3.04794265502938 -0.144396302514862 -2.03794796747313 -4.00733859464266 2.75060708143035 16.2007056333972
0.748636018835368 0.246058760727451 0.073059122610334 3.04678319874059 -0.144312548719597 -2.04319845358314 -3.97537271770431 2.78964477658797 16.2432791414752
0.746902413661791 0.247665047726297 0.073100033446048 3.04592413016153 -0.144477475897073 -2.0473059287665 -3.95528699922842 2.81988481864132 16.2573626305246
0.745588898059617 0.248847203979274 0.0731261632495112 3.0454296192179 -0.144939672119965 -2.05000043179489 -3.94890262714747 2.83870114362369 16.2358255296411
0.744740648025651 0.249549702542612 0.0731362144399016 3.04536844260355 -0.145756345236517 -2.05100245119583 -3.9579169003909 2.84307631348514 16.1702864562697
0.744393103475629 0.249725691010432 0.0731292873374652 3.04580414283419 -0.146983962393335 -2.05004996890386 -3.98346644124629 2.82976685715806 16.0517836547204
0.744554759207153 0.249356835572328 0.0731057875828881 3.04676818114693 -0.148652950595885 -2.04698494565186 -4.02515531143278 2.79605086079593 15.8733330785356
0.745176954452171 0.248488089339838 0.0730687679134446 3.0482160364146 -0.150726546076772 -2.04190648034304 -4.07968537702993 2.74124302300437 15.6347765589769
0.746125719361375 0.247260779921231 0.0730249072189605 3.04998727166187 -0.153063167452333 -2.03532460556905 -4.13994171526859 2.66849305612993 15.3481460389036
0.747186782706577 0.245908909511527 0.0729838017862765 3.05181178086599 -0.155421128728642 -2.028165273045 -4.19588539799566 2.58543087438386 15.0389591928711
0.748122451806203 0.244696620097722 0.0729550876897512 3.05338688897655 -0.157528525558114 -2.02152210437881 -4.23765507451038 2.50232496894655 14.7396605060205
0.748751641385861 0.243827989584974 0.0729450340839594 3.05448548977005 -0.159182021661386 -2.0162733971286 -4.2590778574556 2.42844681037436 14.4780364672853
0.748996268443784 0.243393153180688 0.0729550574466131 3.05501811957964 -0.160303861049756 -2.01283572100823 -4.25906676730216 2.36920191684193 14.2688176067004
0.748870681229204 0.243378329858969 0.0729827512872991 3.05501797897706 -0.160928465213886 -2.01118545902074 -4.24040517101751 2.32570739557011 14.1132273881073
0.748439613304074 0.243712128769233 0.0730239884508922 3.05458397993724 -0.161150550373927 -2.01104343726358 -4.20749709737035 2.29619520222245 14.0039635628798
0.74777909500051 0.244309428408333 0.0730745932171322 3.05382845725914 -0.161077472164084 -2.0120594811106 -4.16463483002555 2.27772250319272 13.9307153260403
0.746954637351512 0.245096240391277 0.0731311185035497 3.05284866247405 -0.160803387586118 -2.01392137240349 -4.11521967962155 2.26731314820419 13.8836429388582
0.746014141737579 0.246018029832753 0.0731909635662007 3.05171841222261 -0.160401973891628 -2.01639421434659 -4.06165828864379 2.26244980844315 13.8547589237766
0.744988540827136 0.247039203077002 0.073252181249677 3.0504904259078 -0.15992904437889 -2.01932101576114 -4.00556171020419 2.26115310602706 13.8380467951167
0.743895118819826 0.248139424530154 0.0733131937181687 3.04920263239311 -0.159428841226295 -2.02260822972026 -3.94802428590808 2.26187127941792 13.8290358622155
0.742741268018052 0.249309297950298 0.0733725070164745 3.0478855122146 -0.15894111348155 -2.02620720621554 -3.88990323238294 2.26330786932907 13.824211479568
0.741528389136305 0.25054574298573 0.0734284533743434 3.04656993046262 -0.158507986200843 -2.03009313041286 -3.83209928927082 2.26424431770691 13.8203982650968
0.740256821904936 0.251846068046644 0.0734789941831041 3.04529577001426 -0.158179892039313 -2.03423733272168 -3.77586320448947 2.26338980039781 13.8141545041971
0.738933287195922 0.253199131558038 0.0735216822377742 3.04412089079885 -0.158018483460276 -2.03856667704014 -3.72312224282078 2.25930998457777 13.801252996404
0.737581687998204 0.254572893175772 0.0735539934543872 3.04312680301426 -0.158091631953209 -2.04290895786483 -3.67670763212442 2.25053968588668 13.7765075008669
0.736254482553056 0.255902080741195 0.0735742811233575 3.04241207985892 -0.158453618537422 -2.0469442938256 -3.64016457669296 2.23601570086775 13.7344659931066
0.735034604238011 0.257087958257004 0.0735832753947352 3.04206262468655 -0.159109595452322 -2.05021813959772 -3.61673315249314 2.21582102652839 13.6714270639685
0.734014533134716 0.258025025851305 0.0735851628951226 3.04210261598735 -0.159983854998238 -2.05227668825725 -3.60758103187338 2.19179221370553 13.5881545383721
0.733254823331257 0.258649827430704 0.0735867322748777 3.04246109835001 -0.160928999346078 -2.05288818977406 -3.61049791505734 2.16721359186863 13.4909886782831
0.732752627519361 0.258974950285312 0.0735944819176197 3.04299426267041 -0.16178693979018 -2.05217613930636 -3.62054160834952 2.14544805919027 13.3894717649063
0.732448942301499 0.259076668529995 0.0736119274474978 3.04355150326155 -0.162455778921159 -2.05053693605786 -3.63233358279434 2.12854743045409 13.2920630824926
0.732263751779084 0.259052004610123 0.0736391270777806 3.04402898594029 -0.162911005148848 -2.04843450879791 -3.64202983062861 2.11689944493746 13.2034463888568
0.732126720340235 0.258983575740908 0.0736739918455551 3.04437982105941 -0.163182502506367 -2.04624784542397 -3.64778378652509 2.10979387289558 13.1246430462871
0.731988404977822 0.258928184709096 0.0737138068638829 3.04459563539114 -0.1633211270895 -2.04423179415699 -3.6491532878924 2.10615666449409 13.0545280893205
0.731817628110201 0.258921214285472 0.0737561211772553 3.04468443699484 -0.163376692558902 -2.0425461161954 -3.64632797373146 2.10500644005048 12.9912227014376
0.731594702653271 0.258985186730331 0.0737990340784569 3.04465621671481 -0.163389368936818 -2.04129839498648 -3.63960650149668 2.10561604347188 12.9328541839245
0.731305720670758 0.259136603997026 0.0738411711739247 3.04451654454143 -0.163388867933585 -2.04057580592693 -3.62915187635514 2.10751064664317 12.8778097599836
0.730939151680382 0.259389855643168 0.0738815683879622 3.04426509956438 -0.163396495729505 -2.04046194927555 -3.61492435615744 2.11040842611851 12.8247291815983
0.730484386157258 0.259758759173053 0.0739195637675546 3.04389658456027 -0.16342755001129 -2.04104219169772 -3.59670308862356 2.11415514147294 12.7724045536946
0.729931587697366 0.260256528784666 0.073954725819859 3.04340263804317 -0.16349316535586 -2.04240140584327 -3.57414669676639 2.11866917224536 12.7196709388104
0.72927236109885 0.260894756031139 0.0739868167388483 3.04277415950634 -0.163601472786513 -2.04461676363612 -3.54687132737149 2.12389839068802 12.6653207727744
0.728500917252159 0.261681766814627 0.0740157788190037 3.04200386399983 -0.163758224794837 -2.04774719115429 -3.51453921698954 2.12978544939441 12.608051038986
0.727615531434566 0.26262058093374 0.0740417300209063 3.04108904332309 -0.163967129260327 -2.05182051298943 -3.47695681209208 2.13623736837749 12.5464413422339
0.726620167880125 0.263706611429167 0.0740649547687326 3.04003457523638 -0.164230168547543 -2.0568189741894 -3.43418379785985 2.14309577611724 12.4789557142946
0.725526219283367 0.264925149755213 0.074085877007205 3.03885627668471 -0.164548199999849 -2.06266343370911 -3.38665620847883 2.15010480627471 12.4039589052391
0.724354403636669 0.266248567250155 0.0741050039491183 3.03758476575738 -0.16492214506507 -2.06919595391217 -3.33532916796472 2.15687465467711 12.3197409149957
0.723136934347022 0.267633078913056 0.074122830715671 3.03627000438621 -0.165355053586265 -2.07616009546749 -3.28184540314642 2.16284141923801 12.2245562094084
0.721919994804199 0.269015056271105 0.074139698932506 3.03498639902577 -0.165855213856255 -2.0831791114494 -3.22872629398012 2.16723066870122 12.1167116314709
0.720766034058908 0.270307623220153 0.0741556099987773 3.03383728132587 -0.16644012318906 -2.0897366611067 -3.17954665701962 2.1690468837968 11.9947797684801
0.719754118359373 0.271400095158605 0.0741700157678077 3.03295523546753 -0.167140289550717 -2.0951753802533 -3.13897257806779 2.16713527435268 11.85805449609
0.71897453787219 0.272165696811078 0.0741816593608719 3.03249124421456 -0.168000317847691 -2.09874533275257 -3.11241606352716 2.16038663779739 11.707342691046
0.718512515861732 0.272484860612678 0.07418861409567 3.0325837632212 -0.169073103946801 -2.09974466917183 -3.10498418184221 2.14814153759711 11.5459899195736
0.718419068458225 0.272286765524184 0.0741887027878964 3.0333055460839 -0.170403591415983 -2.09776631708161 -3.11961810953078 2.13073203051312 11.3806055543275
0.718678410405518 0.271595581555708 0.0741803281213712 3.03460701810665 -0.172004905659387 -2.09296845007077 -3.15504579107914 2.10987142142355 11.2205566163265
0.719194627886257 0.270549037088204 0.074163357934666 3.03629766332988 -0.173840322221463 -2.08617714259409 -3.20499945071739 2.08847342484106 11.0756687374529
0.719816334641232 0.269362893265351 0.0741394291988431 3.03809649018698 -0.175827397462171 -2.07866893923372 -3.25985160968111 2.06977739350329 10.9530127968528
0.720389363871362 0.268255832371914 0.0741113603027926 3.03972936432475 -0.177865494797976 -2.07172449619639 -3.309982101276 2.05625863942092 10.8548248388944
0.720803345094097 0.267383477692798 0.0740820892694713 3.0410101182779 -0.179868290542974 -2.06624268305529 -3.34868960044566 2.04901752621164 10.7788133604633
0.721007701999601 0.266816135895658 0.0740538448537184 3.04186394381667 -0.181781861713663 -2.06261589436869 -3.37313141858683 2.04787908428576 10.7201454219843
0.721000430734888 0.266555191368686 0.0740278761472764 3.04230264074641 -0.183584601031553 -2.06083221129426 -3.38355256487194 2.05189420611302 10.6735312556429
0.72080708017669 0.266563248629798 0.0740045991582611 3.04238460384423 -0.185277279939931 -2.06065568307661 -3.38192892159805 2.05983877555773 10.6344684895214
0.72046302209099 0.266789452282008 0.0739838818072217 3.04218267606859 -0.186872118514416 -2.06177584195232 -3.37084690232189 2.07051922705853 10.5996179541841
0.720003009587309 0.26718439814426 0.073965287104589 3.04176606688081 -0.188384995385667 -2.06389486334177 -3.35285552684547 2.08288665778738 10.566669806247
0.719456801813591 0.26770646026226 0.0739482162497305 3.04119341136601 -0.18983122081418 -2.0667641745227 -3.33019467290906 2.09603009290435 10.5340182204369
0.71884847706612 0.268322978651754 0.0739319563302381 3.04051234867022 -0.19122394033455 -2.07019146307195 -3.30472549611779 2.10911211831573 10.5004056709231
0.718197678481785 0.269008853608487 0.0739156527320446 3.03976232458141 -0.192574276345545 -2.07403359898439 -3.27791325827859 2.12128665425726 10.4645788687133
0.717521935119514 0.26974379274651 0.073898224432128 3.0389789568868 -0.193892819026359 -2.07818343334144 -3.25074023949106 2.13162732848659 10.4249421688854
0.716839838111406 0.270508472916168 0.0738782445392218 3.03819931687091 -0.195192603873172 -2.08255277573391 -3.2234267472137 2.13910524719322 10.3791919483175
0.716175025418338 0.271279401182523 0.0738538398309478 3.03746757127135 -0.196493989352087 -2.08705064459389 -3.19483146208087 2.14269040459138 10.3239777931029
0.715560293490939 0.27202265981049 0.0738227424142155 3.03683917730843 -0.197831313793916 -2.09155605603652 -3.16147775636649 2.1416996422352 10.2548023567302
0.715039187910855 0.272688833283694 0.0737827393821446 3.03637891685042 -0.199258762319204 -2.09589133505027 -3.11650355985941 2.13650440036649 10.1666431486788
0.714659664574913 0.273215442019777 0.0737327533278813 3.03614546708496 -0.20084807272031 -2.09981769799402 -3.04960827831361 2.129463778114 10.0558920987316
0.714455372237973 0.273544850164959 0.0736742932185758 3.03616051270711 -0.202668313873602 -2.10308703857245 -2.94967682475599 2.12534603703782 9.92341891204447
0.714421757930883 0.273654846276588 0.0736120481959598 3.03638037475961 -0.20474990323813 -2.10555334060446 -2.81029589493965 2.13013466725597 9.77656308386739
0.714509249375679 0.273577962187433 0.0735523276624495 3.03670346542552 -0.207060113723726 -2.10726579272997 -2.63440867799219 2.14827512231955 9.62706293599082
0.714646475743783 0.273386254913357 0.0735001179664237 3.03701944292623 -0.209518444490346 -2.10844401562246 -2.43323817050315 2.18050712799798 9.48549214519213
0.714774169213699 0.273153814661493 0.07345728216483 3.0372587418719 -0.212039584082192 -2.10935343200009 -2.22029490746493 2.22416525888287 9.35692227774673
0.714862012422338 0.272930025048271 0.0734229972404116 3.03740567263796 -0.214565690606241 -2.11019638097014 -2.00608016755686 2.27514755488444 9.24074062322718
0.714904651913137 0.272736159428018 0.0733952579138791 3.037481825133 -0.217071951267755 -2.11108168297261 -1.79657589814568 2.32961071275154 9.13301363477944
0.714909912012865 0.272574888654548 0.0733721012324631 3.03752451770202 -0.219556593085105 -2.1120479593241 -1.59435295270224 2.38460930691881 9.02874643746212
0.714889161506582 0.272440651279714 0.0733521927166474 3.0375732596999 -0.222029358627302 -2.11309813857658 -1.40022860864393 2.43800563105165 8.9230259619266
0.714852025431339 0.272326368172956 0.0733349997018612 3.03766439724664 -0.224504041801644 -2.11422502124766 -1.21448037376869 2.48814012080823 8.81127993314565
0.714804066833713 0.272226801584524 0.0733208236116141 3.03783016059087 -0.226994984481518 -2.11542596341553 -1.03750667180076 2.53352119425794 8.68912383581181
0.714745786785522 0.272139979102665 0.0733108412806212 3.03809902044102 -0.229515968001549 -2.11671046379733 -0.87010643088407 2.57260918675954 8.55211321253257
0.714671966253631 0.272067720790436 0.0733072034485062 3.03849558477956 -0.232080238134194 -2.11810397638867 -0.713532334479063 2.60370098749529 8.39557104354644
0.714571029046494 0.272015697549328 0.0733131734224028 3.03903904764339 -0.234700947980597 -2.11964927369117 -0.569387621019077 2.62492021565151 8.21460591650668
0.714424640792092 0.271992930260302 0.0733332302998095 3.03973953595041 -0.23739163999949 -2.12140461050599 -0.439363389939595 2.63434103427939 8.00445315664119
0.714208302182898 0.272010205464502 0.0733729818396228 3.04059198724126 -0.24016646739053 -2.12343595588094 -0.324770695336869 2.63029960910921 7.76131668401347
0.713894294481688 0.272076563497136 0.0734386271386216 3.04156792049832 -0.243039694327954 -2.12579898453889 -0.225826799881321 2.61195327790175 7.48390157584306
0.713458733758854 0.272193078272161 0.0735356277977811 3.04260718617402 -0.246023670664146 -2.12850679824505 -0.140747754195563 2.58009319401828 7.17568796030051
0.71289385923685 0.272344203165841 0.0736663432154713 3.04361472937526 -0.24912421391874 -2.13148463615771 -0.0649277458321641 2.53804355418756 6.84752865747237
0.712223699956475 0.272489623221266 0.0738269204288761 3.0444702854305 -0.252332857579223 -2.13452640861237 0.00918267945806956 2.49217328693755 6.519274061619
0.711515599589623 0.272563109726613 0.074004805159425 3.04505752039411 -0.255617681108107 -2.13728633327727 0.0907285677663774 2.45128089260481 6.21828596834693
0.710875570503179 0.272485500615803 0.0741791926632555 3.04530817129715 -0.25891809285094 -2.13934296111785 0.187403664806016 2.42435448883906 5.97321540295714
0.710420412529001 0.272191599743017 0.0743259772706877 3.04523917549296 -0.262150415553832 -2.14033628839545 0.30187924446305 2.41730154854586 5.80442529677458
0.710236598839217 0.271657845949887 0.0744256073804827 3.04495484837351 -0.265225832494421 -2.14011216015924 0.430017713468052 2.43049919017143 5.7162210777798
0.710350283786592 0.270912735916128 0.0744693229028004 3.04460748724483 -0.268072492501119 -2.13878119784372 0.56234350085035 2.45886620717296 5.69607962832054
0.710725828828761 0.270024046566073 0.0744602106345761 3.04434150595093 -0.270649644377412 -2.13665909373427 0.68778965658599 2.49430677848302 5.72101637821947
0.711288123253976 0.269073824720078 0.0744095754838632 3.04425409268663 -0.272948360899762 -2.13414182478093 0.797269455083973 2.52874893747232 5.76630554017441
0.71195063407517 0.268136588827843 0.0743318515669535 3.04438541641196 -0.274982719647038 -2.13159418950922 0.885431832052703 2.55615571590719 5.81175098747848
0.712635228081446 0.267268340761592 0.0742407561406946 3.04472988727389 -0.276778513899259 -2.12929150433426 0.95061377730766 2.57311132557273 5.84401008677046
0.713280407105367 0.26650526750593 0.0741474835470851 3.04525393941717 -0.278364061551985 -2.12740993188471 0.993866002844287 2.57846739799681 5.85609756075096
0.713841135810541 0.265867661961982 0.074060463632353 3.04591085682802 -0.279764211889488 -2.1260432512146 1.01785340669997 2.5726739384677 5.84577319664493
0.714284585199115 0.265365292623813 0.0739859243266425 3.0466496013577 -0.28099677910428 -2.12522693841493 1.02603105413515 2.55718742782199 5.81396428953174
0.71458482882304 0.265002185663786 0.0739286963367665 3.04741820435119 -0.282070257758591 -2.12495906541771 1.02218838045749 2.53410833567963 5.76372346226898
0.714718163582456 0.264779998434733 0.0738929421410006 3.04816338535424 -0.282982014255044 -2.12521386464624 1.01031651392955 2.50606839657215 5.69984801900688
0.71466014822336 0.264699601724945 0.0738826124769658 3.0488281573415 -0.283716790590458 -2.12594665088839 0.994717406413461 2.47633737261934 5.62914534958844
0.714385755691717 0.264760355987926 0.0739014123800617 3.04934943575982 -0.284246350086005 -2.12708951055001 0.980256021738281 2.44908634932725 5.56125638098691
0.713874960658877 0.264956218581207 0.073951944831952 3.04965875923126 -0.284532661552193 -2.12853785779403 0.97259105252574 2.42966390515927 5.50975427119241
0.713126613216935 0.265267971009948 0.0740336580922439 3.04969104295672 -0.284538880672172 -2.13013148272294 0.978065188045646 2.42456066633357 5.49272260918856
0.712180827780786 0.265652922170022 0.0741396609604137 3.04940660977895 -0.284252320045267 -2.13164304221553 1.0027603252077 2.44050758218181 5.5312009230865
0.711140573505855 0.266038606157448 0.0742538938213699 3.04882495058563 -0.28371643713273 -2.13279929334748 1.05037076896492 2.48222916961979 5.6436241632678
0.71016962689247 0.266331945285171 0.0743519991887824 3.04805094095817 -0.283052135587861 -2.13335659836582 1.11954558785746 2.54938036099505 5.83666798954462
0.70944689749495 0.266449216271536 0.0744084996445361 3.04726050724779 -0.282438182248795 -2.13320738141376 1.20283839107668 2.63491140902575 6.09811018944955
0.709094676806251 0.266350838933128 0.074407228414058 3.0466359125107 -0.282046168689361 -2.13243678409617 1.28915883932608 2.72717534813264 6.39941340426304
0.70913508770214 0.266052839589244 0.0743470067927424 3.04629333842169 -0.281974479185875 -2.13127052644914 1.3684823412789 2.81486603668663 6.70807323264063
0.709505789033647 0.265607556326831 0.0742385760469977 3.04625694628579 -0.28223062597112 -2.12995801443297 1.43521360464062 2.89097659670348 7.00006495358895
0.710109350648839 0.265074079061259 0.0740970478742243 3.04648409963577 -0.282760957332975 -2.12868335020116 1.48838077851708 2.95346830001084 7.26429275950722
0.710854766111989 0.264499210390677 0.073935949063059 3.04690652703967 -0.283491699172956 -2.12754269253955 1.529863067854 3.00363224343456 7.49984601675707
0.711675015591376 0.263912772980116 0.0737649275466038 3.04745932121043 -0.284355762784175 -2.1265649917369 1.56252605332678 3.04412513692727 7.71109241059097
0.712527003109516 0.263331022075738 0.073589986936162 3.04809266757001 -0.285302438012161 -2.1257427407311 1.58910519931252 3.07769307499769 7.90391499169973
0.713384310630566 0.2627621524242 0.0734146704090715 3.04877259766169 -0.286297084976466 -2.12505620590371 1.61179305824443 3.10662893451206 8.0837540994822
0.714228799323693 0.262211230037577 0.0732413389860902 3.04947725860682 -0.287317394842587 -2.12448896742718 1.63223364831771 3.13268047733581 8.25492444077413
0.715042789899147 0.26168418507993 0.0730723324175628 3.05019211956531 -0.288349722990518 -2.12403813245412 1.65169715165487 3.15716324113653 8.42056878859431
0.715801454315689 0.261191367341202 0.0729111021415502 3.05090510423307 -0.289386919526342 -2.12372302959969 1.67132612385076 3.18114327115088 8.58282705246909
0.716464696287809 0.26075114206817 0.0727634529144185 3.05160142701224 -0.290428245210339 -2.12359468598709 1.69241799447822 3.2056306504705 8.74299679609958
0.71696890042319 0.26039332764641 0.07263886544155 3.0522576962843 -0.291481698369734 -2.1237455185428 1.71672338540085 3.23175032006352 8.90157783837891
0.71722189082957 0.260160791497917 0.0725514231224816 3.05283573005533 -0.292568562981454 -2.12431353147748 1.74668808225279 3.26083735395443 9.05817025233699
0.717109325018628 0.26010527897595 0.072519093227241 3.05327894021956 -0.293728281420612 -2.12546781739193 1.78544409625892 3.29435373604698 9.21129832484601
0.716524140024839 0.2602723173707 0.0725594964496457 3.05351757495137 -0.295018477370212 -2.12735803845594 1.83623324708459 3.33349929618976 9.35840488561445
0.715422343550354 0.260674615818871 0.0726814087216541 3.05348942267945 -0.296502646456051 -2.13002573192594 1.90107979480725 3.37852161820076 9.49640125704655
0.713879999459162 0.261267014636278 0.0728755475209101 3.05317249985518 -0.298223556212177 -2.13332059705099 1.97920216451761 3.42809436526069 9.62293666516569
0.712099835422942 0.261947120884538 0.0731126011185551 3.05260821074016 -0.300176117550271 -2.13690196547209 2.06645080493665 3.47940435334214 9.73779680052295
0.710342258661797 0.262591033349203 0.0733530052063084 3.05189133166427 -0.302302488141459 -2.1403570208446 2.15666153305903 3.5291585927993 9.84331440887985
0.708827159345545 0.263099742301669 0.0735620034866153 3.05113134359404 -0.304514988678165 -2.14335497600355 2.24406184353142 3.57482407242806 9.94339829949517
0.707677953593345 0.263422858084001 0.0737189454691012 3.05041548301322 -0.306726822339583 -2.14572638359582 2.3249371683722 3.61522363798607 10.0420509525794
0.706927976754777 0.263552577961777 0.0738171317289333 3.04979472828216 -0.308869364314071 -2.14744379230029 2.39779985204277 3.65034233409352 10.1424225591991
0.706558873673374 0.263503767915304 0.073858473479085 3.04928943975002 -0.310892596201729 -2.14855647863292 2.46262755207329 3.68079600185353 10.2466415708288
0.706538017839595 0.263295590745018 0.0738480628330705 3.04890135088582 -0.312757043879741 -2.1491308411869 2.51997571544101 3.70737646626675 10.3560589687302
0.706841860014949 0.262940007854476 0.0737908786401625 3.04862282804186 -0.314425705901338 -2.14921467818391 2.57034810701455 3.73080763801182 10.4714995313674
0.707465147001327 0.262436437853819 0.0736907863376785 3.04844044445727 -0.315861314282907 -2.14882341734318 2.61386567563799 3.75168071180179 10.5932738171789
0.708417643240985 0.261771525951817 0.0735515169970859 3.04833297019566 -0.31703316326141 -2.14794451690855 2.6501929654125 3.77050767360815 10.7208231797654
0.709706965246376 0.260925324918713 0.0733793892317829 3.04826547266494 -0.317937382358725 -2.14656178102156 2.67874816311709 3.78784691341398 10.8519977553077
0.711306837047278 0.259886481016004 0.0731869551744529 3.04818422325331 -0.31862868083081 -2.14470173782995 2.69926739009605 3.80444106498297 10.9823045071324
0.713122899745228 0.258674151125484 0.0729949148067241 3.048021364935 -0.319244117909935 -2.14248673916383 2.7126100265 3.82124953652923 11.1050279746967
0.714988566245324 0.257351853032661 0.0728283934591705 3.04771627838109 -0.319982458444628 -2.14014850969599 2.72123359349513 3.83924711433279 11.213179524761
0.71671658145532 0.256013604168757 0.072707360869087 3.04724416611727 -0.321025915786091 -2.13796076332666 2.72862183686438 3.85904447477983 11.3026756602314
0.718176801560399 0.25474575374443 0.0726383255309078 3.04662697182987 -0.3224572154231 -2.13612682504792 2.7378422710937 3.88064398876963 11.3741722394684
0.719334280314753 0.253596246822828 0.072614591682275 3.04591613394595 -0.324242707279151 -2.13471726212223 2.75043860996185 3.90355733729299 11.4319128019508
0.72022673990407 0.25257292307312 0.0726232579355058 3.04516542182595 -0.326281138184737 -2.13369472579322 2.76642772805517 3.92713171424933 11.4810371305652
0.720918683713169 0.251660927098374 0.0726519664343868 3.04441480058431 -0.328462139714743 -2.13297722197571 2.78498871077562 3.95080091828559 11.5256481981541
0.721468914934692 0.250840034821465 0.072691878353268 3.04368838277553 -0.330697824966766 -2.13248593470268 2.80512112852721 3.97416524536074 11.5683004357405
0.721918850407199 0.250093743568 0.0727377105892306 3.04299903449107 -0.332928587696751 -2.13216415900061 2.82598271753874 3.9969650724365 11.6103097753344
0.722293295232522 0.24941154533457 0.0727866876549233 3.04235344366594 -0.335117151078601 -2.13197777478447 2.84697151567962 4.0190275361086 11.6522347274081
0.722605301254578 0.248787966632912 0.0728374971536928 3.04175546730289 -0.33724074056007 -2.13190905893782 2.86769051715179 4.04022387619373 11.69424259718
0.722860930644601 0.248220769391305 0.0728895734762203 3.0412078045218 -0.339285114264674 -2.13195008864671 2.8878843263549 4.0604443869583 11.736322052592
0.723062700503574 0.247709338717257 0.0729426881203041 3.04071261533913 -0.341240908071405 -2.13209776317337 2.90738510115528 4.07958679776052 11.7783862702029
0.723211741439065 0.247253522505039 0.0729967425078756 3.04027161343977 -0.343101701951484 -2.1323505650489 2.9260766154611 4.09755267975336 11.8203153622953
0.723309028224339 0.246852894395323 0.0730516736412721 3.03988595446261 -0.344863118377673 -2.13270663041572 2.94387424775544 4.11424804871493 11.8619707929998
0.723356011754756 0.246506348505317 0.0731074153151836 3.0395560894674 -0.346522425681269 -2.13316269387026 2.96071605541779 4.12958592246443 11.9031996465343
0.723354869196584 0.24621195586418 0.0731638830746909 3.03928167119975 -0.348078285015529 -2.1337136159792 2.97656049726535 4.1434895773171 11.9438372520895
0.723308491238339 0.245967049540125 0.0732209663255527 3.03906156389793 -0.349530393630879 -2.13435233762951 2.99138744045705 4.15589572940877 11.9837117515703
0.723220266674019 0.245768529513538 0.0732785186356619 3.03889399017691 -0.350878852071178 -2.13507018925161 3.00519999241621 4.16675707427033 12.0226518689421
0.72309370497113 0.245613378774138 0.0733363406436309 3.0387768328232 -0.35212314814949 -2.1358575096208 3.01802528118624 4.17604374658165 12.060498005255
0.722931949761492 0.245499355745111 0.0733941517571003 3.03870808408069 -0.353260735017586 -2.13670450603406 3.02991269164075 4.18374344181514 12.0971160227438
0.722737270439031 0.245425776820208 0.0734515488808937 3.03868639548282 -0.354285304475381 -2.13760222833942 3.04092846299807 4.18986023802979 12.1324123122991
0.722510661330306 0.245394235625088 0.0735079540145697 3.03871163003918 -0.355185022503975 -2.13854345398528 3.05114617573498 4.19441256317808 12.1663478809377
0.722251707906446 0.24540904286805 0.0735625581415396 3.0387852676631 -0.355941175259681 -2.1395232213276 3.06063363734952 4.1974311787428 12.1989484041231
0.721958871372516 0.245477145233175 0.0736142755911982 3.03891048662262 -0.35652780567154 -2.14053874533561 3.06943798289413 4.1989583156914 12.2303068128198
0.721630273283852 0.245607332172351 0.073661728553517 3.03909176691582 -0.356912907514746 -2.14158854333229 3.07757214558492 4.19904898422395 12.2605754842586
0.721264925700818 0.24580868991373 0.0737032819274688 3.0393339564873 -0.357061496900476 -2.14267080166739 3.08500666409878 4.19777483809899 12.2899468224492
0.720864180835214 0.246088494486686 0.073737140832516 3.03964090061839 -0.356940388803026 -2.14378128528177 3.09167042784643 4.19522988728368 12.3186238466966
0.720433036895629 0.246449972736454 0.0737615066849826 3.04001390857835 -0.356523897674804 -2.1449113260353 3.09746208234666 4.19153621325537 12.3467855513133
0.719980915180768 0.246890485672741 0.0737747677246041 3.04045043787724 -0.355799217989411 -2.14604649266799 3.10227081897651 4.18684724423153 12.3745538991286
0.719521658535167 0.247400610075188 0.0737756853640543 3.04094334448213 -0.354770193848205 -2.14716636999035 3.10600234183883 4.18134655020034 12.4019691361743
0.719072753282869 0.247964315118916 0.0737635370175474 3.04148086927568 -0.353458654760321 -2.14824550439318 3.10860436286537 4.17524147855302 12.4289774445545
0.718654035826415 0.248560065215314 0.0737381909752701 3.04204727898195 -0.351903303858058 -2.14925516798055 3.1100867984682 4.16875266461126 12.455430930649
0.718286295429211 0.249162390043433 0.0737001131466505 3.04262386621018 -0.350156938853373 -2.15016533563399 3.11053451628267 4.1621016950537 12.4810965053449
0.717990173193294 0.249743359480335 0.0736503287418653 3.0431899227725 -0.348283243954556 -2.15094625100526 3.11011369288107 4.15549944255143 12.5056689464068
0.717785612652189 0.250273492980346 0.0735903760730719 3.04372334788969 -0.346354397473178 -2.15156914632319 3.10907520233491 4.14913684266718 12.528784840978
0.717691912627919 0.250721849369366 0.0735222922152005 3.04420069563771 -0.344450386896939 -2.15200597089009 3.10775916715407 4.14317857713457 12.5500376882238
0.717728229629547 0.251055303723118 0.0734486632051218 3.04459665007757 -0.342660376024069 -2.15222827981357 3.10660372836878 4.13775876273942 12.5689993294467
0.717914194087609 0.251237289094222 0.0733727568311035 3.04488311756452 -0.341085819235796 -2.15220570895286 3.10615832124174 4.13297665919307 12.5852582843952
0.71827012603443 0.251226586229468 0.0732987321028993 3.04502835941182 -0.339844219994925 -2.15190474799676 3.10709715508227 4.12888978156855 12.5984905593117
0.718816150470365 0.250977128163361 0.0732318793388206 3.04499688452187 -0.339071352468144 -2.15128886420944 3.11022186705114 4.12550186143368 12.6085808261656
0.719569380610528 0.250440223864273 0.0731787803491956 3.04475115982527 -0.338918386098302 -2.15032137861562 3.1164338237744 4.12274438234829 12.6158064030058
0.72053846821037 0.249570856662671 0.0731471932261633 3.04425639446074 -0.339539147734457 -2.14897257848411 3.12664946094993 4.12045381429717 12.6210744134967
0.72171559564136 0.24833918458322 0.0731454017265664 3.04348926106474 -0.341063175183904 -2.14723175571803 3.14163505272823 4.11835279752068 12.6261555799757
0.723067734235323 0.246746244602338 0.0731808258125803 3.04244981394114 -0.34355463591101 -2.14512246386204 3.16176400679986 4.11605086032825 12.6337928770888
0.724531335789019 0.244838972057722 0.0732579919684016 3.04117291547592 -0.346966989820349 -2.14271539255281 3.18675725658696 4.11308288529353 12.6475227271205
0.726015745777793 0.24271597837543 0.0733764965888341 3.03973268852458 -0.351114676675387 -2.14013020917017 3.21553197026675 4.10899252213012 12.6711081643524
0.727417988953209 0.240516389082022 0.0735300165435115 3.03823413605406 -0.355685156438113 -2.13751979189465 3.24629139881917 4.10344093917189 12.7076875258674
0.72864504752597 0.238392095778499 0.0737071823603915 3.03679214842604 -0.360297685825285 -2.13503930456441 3.27688574905707 4.09629524320256 12.7589809473693
0.729633990340186 0.236474536083511 0.0738941287329693 3.03550627923606 -0.364586684791036 -2.13281293192302 3.30530813789244 4.08765283717072 12.8249428183481
0.730361055631883 0.234851026068096 0.0740775208214049 3.03444266911116 -0.368271554051596 -2.13091324482312 3.33010253485538 4.07779393666033 12.9040033085954
0.730837780091612 0.233558870633174 0.0742467170005999 3.03362937688776 -0.371186204420875 -2.12935971070775 3.35053383096095 4.06709489479408 12.9937037798149
0.731099151656004 0.232594706744611 0.0743944733726998 3.03306321745303 -0.373267927625338 -2.12813186187842 3.3665258940952 4.0559470499374 13.0913807301312
0.731190609716807 0.231930611292534 0.0745164508051679 3.03272169369068 -0.374523609922956 -2.12718769569788 3.37847748834589 4.04470844330409 13.1946478336727
0.731158267287812 0.231529369696471 0.0746101613562595 3.03257424245452 -0.374992983913383 -2.12647985439348 3.38707107345503 4.03369137901456 13.3016094897456
0.731043422767377 0.231355214828973 0.0746739052726753 3.0325899776691 -0.374720690008075 -2.12596658924798 3.39313930851038 4.0231745127941 13.410863578981
0.730880421981013 0.231379607783128 0.0747060060237382 3.03274161024499 -0.37374082222589 -2.12561777564136 3.39760331224565 4.01342536338111 13.5213840217164
0.730696382925675 0.231583072197594 0.0747044656818984 3.03300637125723 -0.372073350050777 -2.12541742954757 3.40146717144556 4.00472160636862 13.632354889193
0.73051153988199 0.23195421216559 0.0746670818778381 3.03336494365103 -0.369730722406011 -2.12536396691432 3.40584075907249 3.9973620729026 13.7430001156039
0.730339444460969 0.23248667395956 0.0745920386810018 3.03379924053635 -0.3667329703664 -2.12546870455066 3.41195758001122 3.9916596082679 13.8524373320798
0.730186754940792 0.23317455241774 0.0744789295466188 3.03428976005131 -0.363128893567795 -2.12575240564379 3.4211516171612 3.98790946470033 13.9595836609634
0.730052823835397 0.234006899944466 0.074330030691683 3.0348133225532 -0.359018515832668 -2.12623942225364 3.4347611548416 3.98633194442172 14.0631468625601
0.729929726341893 0.234962566722348 0.07415142322232 3.03534211988047 -0.354568557887164 -2.12694948134393 3.45394821813994 3.98699906413027 14.1617309639004
0.729803597991367 0.236007158330125 0.073953387303908 3.03584483446609 -0.350010964973448 -2.12788838664703 3.47946485032892 3.98976984202249 14.2540550448043
0.729657933569004 0.237093643099251 0.0737495858693782 3.03628979460992 -0.345618388946029 -2.12904014468184 3.51144709633913 3.99426754511126 14.3392271968974
0.72947882176415 0.238166504894455 0.0735550511328302 3.03664884663782 -0.341661001237344 -2.13036292554662 3.54933612972835 3.99992224896109 14.4169644227784
0.729261402678741 0.239166862097374 0.0733836743399787 3.03689961844239 -0.338360634454187 -2.13178900153941 3.59198131063227 4.00607202473759 14.487651920548
0.729016794868556 0.240034336240212 0.0732462729021729 3.03702399180848 -0.335861788069661 -2.13322538459488 3.63788929699868 4.01208454461984 14.5522078401899
0.728779447038601 0.240702071476517 0.0731500328772268 3.03700196677951 -0.334230595405482 -2.13454986046036 3.68551182241575 4.01745245898885 14.6118162019011
0.728615429364974 0.241084154585397 0.0730993900261027 3.03680197003483 -0.333478469230703 -2.13559864365269 3.73346443119267 4.02183631585506 14.6676439382038
0.728631034830254 0.241059124584915 0.0730976942971971 3.03637064040232 -0.333596027621125 -2.13614779479101 3.78062997795515 4.02506058517096 14.7206464063073
0.728976651746955 0.240459741658546 0.0731485485466267 3.03562793903844 -0.334578284289978 -2.13590155974582 3.82617509612742 4.02709053497472 14.7715224859907
0.729832844344808 0.239088335028157 0.0732554723409053 3.03447773164528 -0.336421547043742 -2.13451684572094 3.86955584573612 4.02802137830433 14.8208414485674
0.731358953754871 0.236783053686531 0.0734186936894715 3.03284641951626 -0.339077396767232 -2.13170449290892 3.91059043386053 4.02809494346325 14.8693183559446
0.733596300936212 0.233541840687551 0.0736293477748738 3.03075099128031 -0.342372078457191 -2.12742145234811 3.94960783243302 4.02772183208636 14.9181126717353
0.736367517909567 0.229645314077241 0.0738648421034794 3.02836194994136 -0.345948184881784 -2.12206667516177 3.98753745711037 4.02744509046412 14.9688829794659
0.739269484319549 0.225651840061827 0.0740916337229078 3.02599281124335 -0.349314612316062 -2.11648383191308 4.02571921960244 4.0277962242146 15.0233700423977
0.741816695608104 0.222200241173588 0.0742769307845364 3.02398699601159 -0.352016625748229 -2.11166292653319 4.065410194063 4.02910511515556 15.082698956552
0.743643115529926 0.219749725800375 0.0744011170092497 3.02257843182529 -0.353803662524321 -2.10833392925653 4.10731884747374 4.03141112398191 15.1469803143095
0.744606781862358 0.218457021776903 0.0744614657382118 3.02183291509739 -0.354667539939613 -2.10676505138589 4.15150077184906 4.03453440891276 15.2155227801582
0.744756823269266 0.21823166041349 0.0744671768052678 3.02168594044639 -0.354762403637036 -2.10683842732755 4.19757318801081 4.03821696922033 15.2873842868197
0.744241157409688 0.218860706741181 0.0744323408043518 3.02201450979466 -0.354303686141618 -2.1082397107947 4.24497810480722 4.04222372988671 15.3618575330924
0.743232948012415 0.220102367846422 0.0743716216146588 3.02268968682842 -0.353510863022226 -2.11060428684984 4.29311123565724 4.04636905831863 15.4387523537044
0.741901661688564 0.221718471625636 0.0742995017143938 3.02359645750774 -0.352601852218655 -2.11357019961909 4.34127540074495 4.05048062137573 15.5185207587398
0.740425043948991 0.223453957755416 0.0742321450202411 3.02462673521739 -0.351821945580541 -2.11674745885288 4.38846253326442 4.05430564478482 15.6021788832897
0.739033018303784 0.224980783910902 0.0741902092077387 3.0256517906973 -0.35147688121705 -2.11962717044613 4.4329979161188 4.057349406975 15.6906046779847
0.738055292574656 0.225856199988851 0.0741982392391606 3.02648657119579 -0.351895238825872 -2.12150320262168 4.47233276201087 4.0587006580737 15.7822884960749
0.73786865867169 0.225643226616371 0.0742713161528269 3.02689974850385 -0.35318574753807 -2.12163892383676 4.50393653114662 4.05717073739553 15.8694427557421
0.738609607827798 0.224324735452979 0.074388160353251 3.02675887053309 -0.354845282634434 -2.1199169711647 4.52806903591162 4.05224330404585 15.937445745644
0.739892875045108 0.222583810142242 0.0744884479376452 3.02621541172797 -0.355856270137369 -2.11734354128285 4.54948936793812 4.04513205012502 15.9749093611594
0.741088948582771 0.221283252038371 0.0745215729548967 3.0256041360254 -0.355529853682978 -2.11529454098634 4.57384897498317 4.03800934263804 15.9844529929075
0.741844508481739 0.220787121359657 0.0744818434930217 3.02515372625483 -0.353942006079799 -2.11441518170103 4.60328076174733 4.03224407693619 15.9776617283439
0.742153179583314 0.220986549956182 0.0743909575308621 3.0249071005046 -0.351538828193849 -2.1145947165118 4.63671896873356 4.02804926844829 15.9643678817698
0.742146386422179 0.221633316488365 0.0742723477129439 3.02481660018268 -0.348727095392836 -2.11547271140057 4.67211013608004 4.02514406965796 15.9494522469932
0.741953711230448 0.222516900775543 0.0741426867671679 3.02482294940195 -0.345776701081127 -2.11672872523487 4.70747333916528 4.02325231985553 15.934514042112
0.741668539899 0.223489313134087 0.0740133439272909 3.02488076736743 -0.342869202342831 -2.11813334524284 4.74088965690528 4.02226592478715 15.9197175186603
0.741356219513681 0.224439087687406 0.0738938471812136 3.02495886407697 -0.340164981051879 -2.11951386423037 4.77007934728368 4.0222683826129 15.9047326475009
0.7410701419494 0.225259613745124 0.0737949820330447 3.02503466234888 -0.337860188656146 -2.12070791847096 4.79184991831029 4.0235310860008 15.8890933392216
0.740865653954605 0.225823417750973 0.0737311027826159 3.02508947505905 -0.336231427267371 -2.12152548840833 4.8015884712018 4.02648906042244 15.8723476352923
0.740807032051191 0.225973124353918 0.0737204172487669 3.02510715882801 -0.335646008442997 -2.121736259827 4.79331630791459 4.03162021627688 15.8542425605072
0.740957464668995 0.225556844258386 0.0737797588216919 3.0250786203541 -0.336468043610478 -2.12112309423144 4.76153824457735 4.0390928055212 15.8350828781527
0.741340380707219 0.224537023021538 0.0739106314077424 3.02501251402321 -0.338786467898634 -2.11964219161474 4.70596401402738 4.04818045648019 15.8161371075372
0.741891585888728 0.223113579181222 0.0740848103309538 3.02494187635253 -0.342108336715837 -2.11759920642921 4.63627173682019 4.05700076733264 15.7994627721422
0.742471613397197 0.221674945222855 0.0742525520556688 3.02490937921255 -0.345475780955653 -2.11556856684811 4.56920434450225 4.06338791109917 15.7867056233663
0.742956744469449 0.220545526808383 0.0743748994651301 3.02493911823803 -0.348086365488335 -2.11401963657159 4.51768152637167 4.06631147005012 15.7779738346673
0.743305947651087 0.21981652819216 0.0744431742792458 3.02502751942298 -0.349711145411856 -2.11307504319472 4.48438448051939 4.06617684002371 15.772142910698
0.743543349332549 0.219407126524465 0.0744695396477199 3.025157356692 -0.35054584630536 -2.11260769084489 4.46505489913113 4.06399714482881 15.7679147782918
0.743711313056931 0.219194997440755 0.0744702751566091 3.02531226997977 -0.350889839318342 -2.11243396682219 4.45413716475313 4.06065484185035 15.7644055481075
0.743843955135971 0.219085333641815 0.0744575349836972 3.02548169988806 -0.350975724217106 -2.11241345486618 4.44751591048177 4.05669316804 15.7611604447453
0.743962063210678 0.219021592714397 0.074438409786583 3.02566007467363 -0.350942376985787 -2.11246305087016 4.4428009691473 4.05238831896076 15.7579853757195
0.744076429619846 0.218974854389134 0.0744164692434907 3.02584480479208 -0.350860877011641 -2.11254047382996 4.43879340588186 4.04786418407903 15.7548091921871
0.744192053117529 0.218931864135649 0.0743933304741726 3.02603478497645 -0.350763821783928 -2.11262641405285 4.43495259309708 4.04317149244962 15.7516097501652
0.744311039117546 0.218887066916523 0.0743696670427467 3.02622956262937 -0.350664890626092 -2.1127127858778 4.43105546385732 4.03832975245981 15.7483818669791
0.744434197831856 0.218838308775441 0.074345741646497 3.02642894397435 -0.350569407309958 -2.11279643691499 4.4270171841275 4.03334640209462 15.7451254491711
0.744561810347122 0.218784808102411 0.0743216534203135 3.02663282750405 -0.350479325639621 -2.11287619554816 4.42280804221397 4.0282246518241 15.7418417033997
0.744693958359611 0.218726293713043 0.0742974415623241 3.02684113990612 -0.350395346381941 -2.11295162212752 4.41841865032451 4.02296641367629 15.7385321279789
0.74483065371368 0.218662670668018 0.0742731249810994 3.02705381340405 -0.350317736166922 -2.11302252647616 4.41384662694478 4.01757330783373 15.7351983211456
0.744971885693817 0.218593900767124 0.0742487162213931 3.02727077826853 -0.35024661769478 -2.11308879564604 4.40909190664692 4.01204698505796 15.7318419881881
0.745117637925625 0.218519962249149 0.0742242259528857 3.02749196032939 -0.350182063717541 -2.11315033555154 4.40415520966075 4.00638922803116 15.7284649893316
0.745267895503541 0.218440835815233 0.0741996642710675 3.02771727984803 -0.350124123869506 -2.11320705004991 4.39903757024961 4.00060199040417 15.72506940233
0.745422650064929 0.218356497960767 0.0741750409870937 3.02794665045381 -0.350072829627144 -2.11325882991565 4.39374018602285 3.99468742520903 15.7216576046955
0.74558190592479 0.218266914936604 0.0741503655895706 3.02817997753748 -0.350028191487963 -2.11330554177839 4.38826434641549 3.9886479210471 15.7182323869816
0.745745689185219 0.218172034483684 0.0741256470558573 3.02841715555111 -0.349990191651342 -2.11334701235074 4.38261135996373 3.98248615680252 15.714797112056
0.74591406194793 0.218071773138189 0.0741008935230365 3.02865806342323 -0.349958771630174 -2.11338300383464 4.37678244321942 3.97620518705827 15.7113559409529
0.746087144748604 0.217965996258234 0.0740761117612555 3.02890255681545 -0.349933812289846 -2.11341317487948 4.37077853682322 3.96980857645074 15.7079141554314
0.746265152031761 0.217854486460907 0.0740513063449239 3.02915045515862 -0.349915102013655 -2.11343701845561 4.36460000049862 3.96330061181263 15.7044786228242
0.746448448069511 0.217736893838445 0.0740264783655421 3.02940152017438 -0.349902286341978 -2.11345376329415 4.35824611415222 3.95668663798173 15.7010584736772
0.746637634488181 0.217612657887721 0.0740016234692214 3.02965542070221 -0.349894789176996 -2.1134622185556 4.35171427684406 3.94997358991961 15.6976661028604
0.746833685861145 0.217480886146471 0.0739767289440359 3.02991167576664 -0.349891691306671 -2.11346053128092 4.34499874791332 3.94317083554893 15.6943186690169
0.747038157079351 0.217340167472546 0.0739517695773499 3.03016956321501 -0.349891546750557 -2.11344581157126 4.33808871372416 3.93629150937145 15.691040366977
0.747253496065417 0.217188287436092 0.0739267022188711 3.03042797299418 -0.349892112493903 -2.11341355828335 4.33096538559162 3.92935462453303 15.6878658948521
0.747483509274377 0.217021795962382 0.0739014599398844 3.03068516653265 -0.349889966865393 -2.11335677996669 4.32359772327755 3.922388445367 15.6848457377339
0.747734048724042 0.216835344032146 0.0738759498336678 3.03093836117649 -0.349880008632315 -2.1132646295104 4.31593618462527 3.9154360050566 15.6820541465317
0.74801402393994 0.216620636904348 0.0738500674678208 3.03118295479571 -0.349854894534121 -2.1131202066683 4.30790353486631 3.90856458012904 15.6796010874835
0.748336890632361 0.216364716900739 0.0738237631879004 3.03141097546281 -0.349804656561341 -2.11289685281855 4.29938121401241 3.90188310283874 15.6776505180098
0.748722783088789 0.216047094274636 0.0737972420017065 3.03160792467485 -0.349717164361169 -2.11255175130131 4.29018983588827 3.89557617015649 15.6764511732558
0.749201213749188 0.21563519740035 0.0737714551411566 3.03174670594076 -0.349580910483922 -2.11201537018949 4.28006658782229 3.88997162115981 15.6763980179398
0.749813080370486 0.215078540191717 0.0737491112952122 3.03177762008585 -0.349392776343153 -2.11117703570979 4.26866048460991 3.88566770780841 15.6781713209179
0.750607196244184 0.214305968059295 0.0737363278318875 3.0316169587541 -0.349174131360476 -2.10987536506188 4.25561649922637 3.88373664871273 15.6830449609974
0.751619566393393 0.213240195263767 0.0737443000199167 3.03114817913164 -0.348995447473668 -2.10792437417075 4.24090749595785 3.88593527609498 15.6934528536641
0.752818791432141 0.211856222144277 0.0737883711185794 3.03026987133177 -0.348994817474677 -2.10523630320888 4.22559720791311 3.89459826871644 15.713626717718
0.754024947898314 0.210294080672001 0.0738797399419062 3.02902460126176 -0.349346477238663 -2.10207388469813 4.21280596468866 3.91157591201907 15.7492951452316
0.754891125873063 0.208936507398062 0.0740096594054505 3.02774327643328 -0.350136602944275 -2.0992477590157 4.20755285463633 3.93610284316675 15.804885966255
0.75507130877261 0.208266269539926 0.0741422983285631 3.02697884772829 -0.351225400762187 -2.09783857446536 4.21406901263576 3.96364393643647 15.8792262939489
0.754474139259074 0.208537905142263 0.0742340707480866 3.02715720312437 -0.352292008628604 -2.09847392761297 4.23256187449725 3.98824190815539 15.9649672858169
0.753303936446261 0.209631662901771 0.0742616502799775 3.02831541592447 -0.353050727713806 -2.10096130009573 4.25940147018083 4.00629850940143 16.0534662524925
0.751877564321963 0.211215378518259 0.074228106417749 3.03018830171195 -0.353386856293474 -2.10460813801059 4.29006414854716 4.01764529170749 16.1393004287783
0.750466198669547 0.212948858526524 0.0741509299660268 3.03242574185145 -0.353329110564432 -2.10867208568753 4.32121362337466 4.02410612097989 16.2207347477481
0.749260280379986 0.214560381197512 0.0740509842254685 3.03470982164544 -0.352973732336563 -2.11254494917485 4.35096477636631 4.02800552184668 16.2981136634142
0.748396421652657 0.215833410406135 0.0739487117697937 3.03676512067028 -0.35244204036184 -2.11573419829899 4.37840310446 4.03154236357049 16.3724504233525
0.747983583797857 0.216577441587056 0.073864748080351 3.03833239007677 -0.351876385294856 -2.11780111879006 4.40317744883117 4.03670656906452 16.4446908887872
0.748100785184321 0.216625511057743 0.0738211040957031 3.03915812225942 -0.351454072532478 -2.11835196019035 4.42538630498892 4.0452684399493 16.5153478580367
0.748755281452899 0.215882925222879 0.0738394926900474 3.03903767634692 -0.351392118678882 -2.11714013930244 4.44570719494789 4.05850338307957 16.5842159244754
0.749811896343819 0.214428950484351 0.0739337277164459 3.03793258552948 -0.351905456996141 -2.11429021701751 4.46553494407484 4.07650512838764 16.650134772856
0.750958514915049 0.212601919450557 0.0740973475744285 3.03610794572411 -0.35309449469616 -2.11049969842513 4.48667806799804 4.09744786276928 16.7110931760766
0.751808219175802 0.210922434993565 0.0742975182695825 3.03412089550898 -0.354822472716058 -2.10689748682598 4.51033175496636 4.11782085742981 16.7649986428468
0.752120950880658 0.209820013230048 0.074487876938655 3.03255464889279 -0.356726219125868 -2.10445864525827 4.53598725027119 4.13415751644993 16.8107315103778
0.751940033386925 0.209399647869636 0.0746323669196062 3.03170772140301 -0.35839144623718 -2.10347434132386 4.56144754886795 4.1448672235262 16.8484745568804
0.751516176583858 0.209468452149503 0.0747172520642808 3.03153389737298 -0.359523017167222 -2.10357799032807 4.58392041667308 4.15045004356334 16.8790959351463
0.751139666598531 0.209725441550652 0.0747455878225283 3.03180555904618 -0.359981721994061 -2.1041444580131 4.60105696654324 4.1524182854185 16.9034218949324
0.75103200067518 0.209912655625305 0.0747266420406814 3.03228431752838 -0.359734487132431 -2.10462302705345 4.61134876392126 4.15226927736248 16.921990732234
0.751318807907986 0.209867526695856 0.0746696512474009 3.03279760435993 -0.35880479338451 -2.10465970444527 4.61411416181714 4.15106375241378 16.9351816076147
0.752041150918632 0.209517325416837 0.0745823938260045 3.03324517106661 -0.357252257031682 -2.10409035077341 4.60940157777874 4.14941876650042 16.9434305404146
0.753173549519927 0.208858083986637 0.0744719332008418 3.03358085287633 -0.355170916861192 -2.10289673005879 4.59792156024824 4.14763131333364 16.9473841464859
0.754639484908991 0.207935206511949 0.074345579296869 3.03379362534782 -0.3526905795695 -2.10116484811632 4.5809844495002 4.1457936436001 16.9479609874116
0.756325519992742 0.206827794948397 0.0742112978464934 3.03389419453572 -0.349972349970632 -2.09905141439809 4.56039580313394 4.14386946847828 16.9463310882826
0.758096587269936 0.205634486061004 0.0740774838490474 3.03390614749821 -0.347196097604515 -2.09675417312745 4.53828463016938 4.14174082014754 16.9438305157793
0.759813045282307 0.204459364702356 0.0739522981869787 3.03385950012318 -0.344541878947548 -2.09448291807815 4.51687302977203 4.13924063345083 16.9418313210407
0.761347847086141 0.203398420855262 0.073842847507744 3.03378537269187 -0.342169607215789 -2.09243183889735 4.49822403421844 4.13618022986011 16.9415938109587
0.762600981085032 0.202528267419021 0.0737544687668909 3.03371157354352 -0.340201763815212 -2.09075649630687 4.48401750727861 4.13237444355193 16.944132230744
0.763508635591685 0.201898883771133 0.0736902992124575 3.03365940927909 -0.338712818449164 -2.089558935642 4.47539752374356 4.12766339121445 16.9501207540249
0.764045937503183 0.201531236462389 0.0736511999157472 3.03364203684389 -0.337726832052199 -2.08888266774627 4.47291296978128 4.12192894550922 16.9598542595877
0.764223811558163 0.201419395889577 0.0736359944552854 3.03366437004632 -0.337222412811849 -2.08871677610932 4.47654701443816 4.11510475910678 16.9732630383832
0.764081739054211 0.201535832559776 0.0736419166038478 3.03372422459306 -0.337142639119787 -2.08900651184026 4.48581154757675 4.10717998683954 16.9899685756979
0.763678619388841 0.201838232715043 0.073665142845757 3.03381420122048 -0.337407097614173 -2.08966702572693 4.4998750026978 4.0981978440898 17.0093622606043
0.763083659214684 0.202276362614236 0.0737013062456151 3.03392380040474 -0.33792361283319 -2.09059725423128 4.51769497455861 4.08825053930787 17.0306898713787
0.762368570407856 0.202797986939518 0.0737459266081753 3.03404137918212 -0.338598108225269 -2.09169193048455 4.53813585911147 4.0774720409393 17.0531293250584
0.761601677714397 0.203353361400111 0.0737947297253018 3.03415572164579 -0.33934191566196 -2.09285073055822 4.56006149359836 4.06602983544695 17.0758546588289
0.760844012170716 0.203898223095997 0.0738438561014394 3.03425714035169 -0.340076507617332 -2.09398438470665 4.58240048997264 4.05411650435104 17.0980837659134
0.760147149981742 0.204395450091699 0.0738899750622953 3.03433812884366 -0.34073600802463 -2.09501809011523 4.60418674520549 4.04194168114845 17.1191104455602
0.759552416646997 0.204815674882905 0.0739303261225031 3.03439364316618 -0.34126799380265 -2.09589279619365 4.62457989741753 4.02972473927995 17.1383230028048
0.759091051572788 0.205137159963919 0.073962709649841 3.03442111242387 -0.341633110470016 -2.09656498538823 4.64287120340491 4.01768835751572 17.1552124016169
0.758784959963087 0.205345222424817 0.0739854464992767 3.03442027848237 -0.341803965471908 -2.09700553230759 4.65848044478967 4.00605282574635 17.1693733383638
0.758647716663607 0.205431467009403 0.0739973239658432 3.0343929554549 -0.341763686847038 -2.09719816982372 4.67095009521705 3.99503044947503 17.1805021106883
0.758685482880725 0.205393090730863 0.0739975455644075 3.03434279210952 -0.341504486872856 -2.09713809873608 4.67994552936577 3.98481840962777 17.1883965920796
0.758897391053567 0.205232602648293 0.073985708172591 3.03427512560399 -0.341026600004169 -2.09683144064574 4.68527674106495 3.97558643310486 17.1929673186074
0.759274663382182 0.204958518191582 0.0739618474844463 3.03419704193188 -0.340338145834216 -2.09629667134822 4.68697099418551 3.96745187780479 17.1942768438226
0.759797171313194 0.204587988183299 0.073926629450358 3.03411780470456 -0.339456908379083 -2.09556998708679 4.68544981873059 3.96042864888573 17.1926399496777
0.760425346355204 0.204152850695546 0.0738818276119971 3.03404983617894 -0.338415816751668 -2.09471763424157 4.68189468714681 3.95432844067701 17.1888411143045
0.761084836477363 0.203710791110649 0.0738312989583704 3.03401028089639 -0.337274894392796 -2.09385864625034 4.67889853310127 3.94858912695216 17.184548242474
0.761643032949768 0.203361612555403 0.073782656335501 3.03402248085016 -0.336142388617407 -2.09319802285947 4.68140999982938 3.94202645597352 17.1829773221294
0.761885606749333 0.203261384191187 0.0737494158941914 3.03411483597474 -0.335202589636723 -2.09305565558605 4.6975810534786 3.93260227433832 17.1896590754487
0.761524740659612 0.203609895328432 0.0737519524598962 3.03431152454056 -0.334729260698091 -2.09384090425432 4.73816845801152 3.91754322132493 17.2125490967006
0.760300666575207 0.204567836358782 0.0738130783949466 3.03460942202946 -0.335030375554758 -2.09588376879275 4.81205900114888 3.89442825648755 17.2597980724684
0.758205388738708 0.206092072603122 0.0739443071740466 3.03494936233314 -0.336270969955376 -2.09909846344772 4.91717541176975 3.86347601236579 17.3339577181963
0.75567165970037 0.207816972926393 0.074129645967588 3.035217165741 -0.338259187730446 -2.10274017207966 5.03370317853898 3.82934805941717 17.4260735125955
0.753433188668291 0.209188853563913 0.074327087814121 3.03530067189975 -0.340458005400188 -2.105678340787 5.1311689435998 3.79952913780292 17.5177478098529
0.752097303182141 0.209789324007195 0.0744928862320847 3.03515585324917 -0.342296776785035 -2.10705693519941 5.18617192107416 3.77992402459417 17.5917824026848
0.751874689453542 0.209511464612795 0.0746032703440369 3.0348140357298 -0.343457919476619 -2.10665563074986 5.19230650523677 3.77225848579258 17.6403128511104
0.752651978920433 0.208481068015778 0.0746556731255587 3.03434189108575 -0.343900095097139 -2.10473045393082 5.15603557394228 3.77498577517015 17.6641855536172
0.754189299318579 0.206902786788191 0.0746584831353342 3.03380611804974 -0.343729217300918 -2.10170033257373 5.08824494846339 3.78534899199801 17.6682606223921
0.756250382758978 0.204968103212814 0.0746221993144127 3.03326182611992 -0.343084823016541 -2.09795951324276 4.99907943050148 3.80066815964917 17.657860460626
0.758643742841468 0.202831698830228 0.0745553843660734 3.03275611938827 -0.342088264577733 -2.09382982053351 4.89650807206843 3.81869196807189 17.6373774040996
0.761215719148268 0.200622312244774 0.074463780955618 3.03233689347938 -0.340832941285686 -2.0895837629357 4.78677744093032 3.83745326581688 17.6101709487909
0.763825364697234 0.19846562840829 0.0743508387217006 3.03206232029995 -0.339394150784076 -2.08549256696927 4.67551888263862 3.85493690638013 17.5789852711315
0.766313171446812 0.196510185769484 0.0742189683504254 3.03200848103243 -0.337848738683629 -2.08188011801406 4.56905341508275 3.86869707920505 17.5465587364698
0.768470888182901 0.194948724453906 0.0740716170185791 3.0322694743808 -0.336302080300711 -2.07916543019834 4.47563557403714 3.87556325276458 17.5163025866457
0.77003166865122 0.194015080450604 0.0739163486855224 3.03293702725599 -0.334916057512918 -2.07784905265553 4.40589646687663 3.87178473673499 17.4927961633394
0.770722919833964 0.193919112675969 0.0737678213287264 3.03404448061015 -0.333912486268196 -2.07836280961752 4.37080846359032 3.85422650347583 17.4813991934248
0.770414213725185 0.194703791885122 0.0736467642177979 3.03548988591723 -0.333507783368697 -2.0807562151559 4.37584347715237 3.82278086356736 17.486124957513
0.769276479555991 0.19612381767417 0.0735711401573744 3.03701972590439 -0.33377999669648 -2.08444743190424 4.41457183796341 3.78219406258549 17.5065243211475
0.767747844338918 0.197727349890974 0.0735447541221895 3.03834688545036 -0.334589432228797 -2.08842866954297 4.4698404645665 3.74035378927576 17.5369561751449
0.766277031442705 0.199117015791419 0.0735559030820592 3.03931142261937 -0.335666255123186 -2.09184601089226 4.52385881864003 3.70379246321781 17.5699827450141
0.765110418822722 0.200120835191375 0.0735871523474249 3.03992021548667 -0.336771692830867 -2.09435601222711 4.56672478256358 3.67503454072738 17.6003439512196
0.764289170963886 0.200756298418984 0.0736245856423004 3.04026905806898 -0.337774340049343 -2.0960262913687 4.59666641026906 3.65346043930019 17.6259829902067
0.763754331956883 0.20111525269014 0.0736603165605207 3.04045997455673 -0.338630308835109 -2.09707569440098 4.61593400200936 3.63733803541575 17.6468675350252
0.763431125486966 0.20128668252061 0.0736908965055693 3.04056589288943 -0.339338012821683 -2.09770708542895 4.62745417727114 3.62509666598655 17.6636581212086
0.763262921573572 0.201331798803575 0.0737151936586092 3.04062910750472 -0.339907929409626 -2.09805687032646 4.63346149160913 3.61569588150193 17.6770111772618
0.76321498797334 0.201285991944724 0.0737330368589422 3.04067073222936 -0.340350130504212 -2.09820222997711 4.63533295240779 3.60855779153494 17.6873791425289
0.763268225333193 0.201167741930283 0.0737445777444272 3.0406998203791 -0.340671472905064 -2.09818218353086 4.63382793008088 3.60340020765347 17.6950261712934
0.76341242643313 0.200986329070657 0.0737500517079136 3.04071935698449 -0.340876215430711 -2.09801515641956 4.62935218161815 3.60010015344384 17.7000947150117
0.763641687259496 0.200746686691197 0.0737497094426142 3.04072955212636 -0.340967213656226 -2.09770988166572 4.62213881632219 3.59860955696209 17.7026623142297
0.763951856626484 0.200451978476657 0.0737438070122192 3.04072945593756 -0.340946827794053 -2.09727115993855 4.61234907788105 3.59891033071008 17.7027776380889
0.76433929028369 0.200104814286327 0.0737326108248164 3.04071768989121 -0.340817467189207 -2.09670258637538 4.60012143612245 3.60099243006986 17.7004806444885
0.764800292830115 0.199707774693384 0.0737164041137393 3.04069276415067 -0.340581893902119 -2.09600775008508 4.58559329907539 3.60484341498563 17.6958135315526
0.765330875970754 0.199263625532363 0.0736954922067564 3.04065321933693 -0.340243401707554 -2.0951907529378 4.56891007434144 3.61044313255972 17.68882713132
0.765926645199608 0.198775408712381 0.0736702067691076 3.04059770153795 -0.339805941961416 -2.09425645926297 4.55022902687349 3.61776041773667 17.6795853497287
0.766582728652704 0.198246492001394 0.0736409097311921 3.04052501745986 -0.339274234901396 -2.09321066026951 4.52972129207758 3.62675038772941 17.6681690389161
0.767293706851967 0.197680615006291 0.0736079977355067 3.04043419130084 -0.338653890435483 -2.09206023879851 4.50757353478643 3.63735159351808 17.6546801980517
0.768053515348729 0.197081953794526 0.0735719082441703 3.04032453730957 -0.337951561860034 -2.09081339037705 4.4839901010917 3.64948244672689 17.6392473955113
0.768855289097291 0.196455226778004 0.0735331290718044 3.04019576254597 -0.337175164829518 -2.08947996097363 4.45919648089274 3.66303621532429 17.6220336215561
0.769691105834476 0.195805871599675 0.073492214039961 3.04004811853515 -0.336334209118128 -2.08807198281043 4.43344517379499 3.6778736117966 17.6032483085092
0.770551571591962 0.195140331719123 0.073449808556268 3.03988262532922 -0.335440308331656 -2.08660451515076 4.40702544771714 3.69381169805879 17.5831658596838
0.771425182393185 0.194466496290533 0.0734066898453594 3.03970139337966 -0.334507945156228 -2.08509691207584 4.38027880130955 3.71060767940953 17.5621534470122
0.772297404903565 0.19379432862254 0.0733638265665375 3.03950806201062 -0.333555562850165 -2.0835746194633 4.35362187123013 3.72793645537185 17.5407105844749
0.773149464780914 0.193136683501666 0.0733224604081046 3.03930835008411 -0.332607004896393 -2.08207151179348 4.3275775622373 3.7453619905668 17.5195212849342
0.773956939699143 0.192510235248874 0.0732842062122257 3.03911066487205 -0.331693203929477 -2.08063256935242 4.30281264314615 3.76230522767338 17.4995154310323
0.774688447713462 0.191936302172741 0.073251155369395 3.03892663109725 -0.33085379839816 -2.07931632560555 4.28017524574807 3.77801587821989 17.4819283121681
0.775305003986146 0.191441160068165 0.0732259486548242 3.03877128502491 -0.330138022132555 -2.07819598009393 4.26071835084916 3.79156197384296 17.4683357834162
0.775760938862223 0.191055227470022 0.073211761513273 3.0386625534556 -0.329603820752935 -2.07735747534487 4.24568647786104 3.80185820646423 17.4606289549793
0.77600747598219 0.19081038787432 0.0732121256873274 3.03861957139416 -0.329313871412601 -2.07689246932625 4.23643604564753 3.80775813247108 17.4608825444787
0.775999880433238 0.190734882436061 0.0732305139862765 3.03865950205393 -0.329327348561498 -2.07688452960831 4.23426243723559 3.80822968208301 17.471076279507
0.77570816847858 0.190845880642752 0.0732696641985953 3.0387929403312 -0.329687301007163 -2.07738865818687 4.24012797501295 3.80261055699057 17.4926632497606
0.775129604712961 0.19114106912036 0.0733307279419656 3.03901873455753 -0.330405565168076 -2.07840762518449 4.2543294624509 3.7908980894996 17.5260493934814
0.774299130798397 0.191591987739864 0.0734124751418893 3.03931990319833 -0.331449662582884 -2.07987250490508 4.27620013390151 3.77398055591743 17.570135263831
0.773292828068664 0.192142440342039 0.0735108806875565 3.03966267837252 -0.332737532769501 -2.08163668305863 4.30397466794098 3.75369610398721 17.6221210276041
0.772220982863199 0.192714151553193 0.0736193604050531 3.04000000130404 -0.334144423583102 -2.08348969377357 4.33491677675766 3.73264457267976 17.6777260122384
0.771211348722278 0.193219002585429 0.0737296802077587 3.04027908853125 -0.335521574901908 -2.08518954936579 4.36570942874719 3.71377478931269 17.7318164447619
0.770387577401513 0.193574262405119 0.0738332569150142 3.04045097697643 -0.336720954944023 -2.08650401706271 4.39299004843942 3.69987131069298 17.779253412423
0.769849477677651 0.193716306406788 0.0739224042895291 3.04047950785592 -0.337617860194721 -2.08724834844538 4.41385732615489 3.69309961743439 17.8156929870978
0.769659560545401 0.193610072591038 0.0739911629147495 3.04034843275388 -0.338125269814558 -2.08731145839622 4.42622171391904 3.6947136468745 17.8381501277571
0.769835883646605 0.19325466441237 0.074035617878077 3.04006739193434 -0.33819875298926 -2.08667125006334 4.42898502433795 3.70492693698701 17.8453215385259
0.770347391210819 0.192687972922644 0.074053895975866 3.03967898835099 -0.337835372640723 -2.08540709554594 4.42214731711299 3.72286652688115 17.83783880376
0.771107063126155 0.191993211897615 0.074046230715174 3.0392685655289 -0.337072358318351 -2.08371868249473 4.4069951393485 3.74651582330577 17.818694841471
0.771962102763003 0.191306304915454 0.0740155198384073 3.03897383765066 -0.335990450377375 -2.08195115999295 4.38647391695176 3.77263769966344 17.7939563215207
0.772691021954641 0.1908139104817 0.0739685177048808 3.03898187542817 -0.334721386411682 -2.08060219437805 4.36560821369975 3.79686944795072 17.7733989797448
0.773032102637591 0.190721257097392 0.0739169373438276 3.03949082848968 -0.333447790027032 -2.08025393003726 4.35137452047148 3.81441640165935 17.7698841551897
0.772766888804546 0.191174789528229 0.0738765270472649 3.04062326330209 -0.332373632217882 -2.08137759133107 4.35113020247689 3.82167050338375 17.7959473422103
0.771836035215997 0.192168715213811 0.0738624270201058 3.04232845109974 -0.331656699674831 -2.08406833093528 4.3695217222255 3.81817973296264 17.857919338293
0.770397834718854 0.193515350193755 0.0738825840897029 3.04436212293809 -0.331339729306526 -2.0879201420089 4.40580281002417 3.80732045314544 17.9515796468243
0.768760547443964 0.194924875134557 0.0739343918897484 3.04638528335166 -0.331339854646704 -2.09219402174986 4.45405012416303 3.79468882006891 18.063644765814
0.767243081644198 0.196130784088286 0.0740071238845124 3.0481030478103 -0.331504127156168 -2.0961442874016 4.50607027329876 3.78548739052285 18.1778482530826
0.766077444749349 0.196963723483325 0.0740870084013534 3.04933807241701 -0.331677018115543 -2.0992398834104 4.5543251887695 3.78292957820767 18.2802783814666
0.765393877169992 0.197351351167106 0.0741607387050591 3.0500220460244 -0.331734852954189 -2.10119234297028 4.59310338830988 3.78816679131998 18.3610663276977
0.765251700476484 0.197284629869695 0.0742163492921492 3.05015466112761 -0.331587112492792 -2.10188087202542 4.61825944860394 3.80093273023672 18.4135095136327
0.765669932035925 0.196789892201375 0.0742427619048813 3.04977353443849 -0.331165919285526 -2.10128142713891 4.62661411229316 3.82010885626273 18.4328352630509
0.766635300872772 0.195921476025771 0.0742296956399614 3.04894984972105 -0.33042160170395 -2.0994495618327 4.61581997712797 3.84393308843143 18.4160417532069
0.768085332532623 0.194771935906755 0.07416923085502 3.04780460228984 -0.329333205667208 -2.09655937225341 4.58505008016699 3.86995627984957 18.363324854834
0.769880505072421 0.193484627536204 0.074059415632787 3.046525642818 -0.327932588584704 -2.0929626418181 4.53634666181746 3.89507031169044 18.2805681434127
0.77179772172715 0.192243886641312 0.0739082819604724 3.04535357419933 -0.326325195558635 -2.08919219708318 4.47564889863028 3.91599853322024 18.180853975621
0.773578966527125 0.191225770153016 0.0737343276654053 3.04451536698938 -0.324678630895603 -2.08583649009433 4.41195642050952 3.93032731655023 18.0821643374668
0.775025134569569 0.190530326076923 0.0735606805070326 3.0441349052967 -0.323167850118676 -2.08331985664494 4.35419125488847 3.93747232911515 18.0009511105916
0.776067219796025 0.190148595473076 0.0734061113089525 3.044190965116 -0.321910989611806 -2.08175043624261 4.30778452522652 3.93873100012329 17.9458933762817
0.776760128298163 0.18999005310523 0.0732797248069404 3.04455512894193 -0.320944427389625 -2.08095277170421 4.27359269150188 3.93637347390338 17.9165992933537
0.777220040433732 0.189939355123532 0.0731820008957687 3.04506719755192 -0.320244595227628 -2.08062343421118 4.24934586781905 3.9325797612485 17.9070136058692
0.777562741610742 0.189899028640447 0.0731090880327436 3.04559097347013 -0.319765663180923 -2.08047388286115 4.23181672338343 3.92888082796976 17.9097575696897
0.777872896557993 0.189804304517598 0.0730565390899937 3.04603309023598 -0.319466175961932 -2.08029667475323 4.21826600983199 3.92611911047926 17.9187767220516
0.778199872789784 0.189619822149045 0.0730211369223851 3.0463383152363 -0.319319169048746 -2.07997048463101 4.20694171479072 3.92464040076818 17.9301095599889
0.778565444521423 0.189330727175056 0.0730012437831728 3.04647793553907 -0.319311854907479 -2.07943976142645 4.19701356218699 3.9244962835245 17.9416328548236
0.778973267231738 0.188934827844275 0.0729964615664346 3.04643988509247 -0.319441428870737 -2.07869217754503 4.18831761059409 3.92557891105192 17.9525191108853
0.779416172269003 0.188437587103854 0.0730071165755994 3.04622282471296 -0.319710512076707 -2.07774228919746 4.1811051120623 3.92768974153908 17.9627558647019
0.779880787075722 0.187849581064967 0.0730337808157233 3.04583362519785 -0.320123348306697 -2.07662201411518 4.1758541036662 3.93056605096533 17.9728159186149
0.78035021332876 0.18718554061501 0.0730768726900862 3.04528707095285 -0.320682755938744 -2.07537592305307 4.17313896160612 3.93388691177556 17.9834556817775
0.780805661020946 0.186464165192439 0.073136321159857 3.04460668550811 -0.32138756359442 -2.07405904114432 4.17353501210741 3.93727348961535 17.9955903335313
0.781227745280281 0.185708072969598 0.0732112789345214 3.0438257460864 -0.322230380082449 -2.07273524741774 4.17753766027516 3.94029328421736 18.0101998103076
0.781597886441728 0.184943401170296 0.0732998961453831 3.04298765403109 -0.323195801301082 -2.0714748676273 4.1854852310252 3.94247461336483 18.0282349607071
0.78189998585724 0.18419871451181 0.0733991937791164 3.04214492887095 -0.324259390227343 -2.07035060199593 4.19748600364455 3.94333475500973 18.0505104214665
0.782122290913131 0.183503075121802 0.0735050899512784 3.04135632696717 -0.325387873719117 -2.06943158958225 4.21335972021976 3.9424214416604 18.0775876051199
0.782259137597295 0.182883399786324 0.0736126200767228 3.04068204059327 -0.326540896787125 -2.06877619566644 4.23260937934244 3.93936262873461 18.1096657152906
0.782312129238862 0.182361535169884 0.0737163506595371 3.04017756760441 -0.327674336769625 -2.06842485602597 4.25443771110922 3.93391483834895 18.146507192198
0.782290346301425 0.181951702452081 0.0738109268874653 3.03988744384202 -0.328744696669822 -2.06839471260004 4.27781347666097 3.92599812123396 18.187422232516
0.782209404178753 0.181658970471828 0.073891642092718 3.03984029844161 -0.329713675133982 -2.06867755008128 4.30157843096696 3.91570766617705 18.2313238320935
0.782089508758889 0.181479163496951 0.0739549005402028 3.04004642435488 -0.330551876441299 -2.06924167947743 4.32457267647461 3.90329828740727 18.2768446839994
0.781952955002942 0.181400188207644 0.0739984761061764 3.04049832104633 -0.331240875229629 -2.07003725633817 4.34575070006429 3.88914597353429 18.322489203022
0.781821637013863 0.181404364560293 0.0740215345610921 3.04117379371782 -0.331773376853293 -2.07100359251082 4.36426518345524 3.87369680260836 18.3667861955793
0.781715051238841 0.181471136922128 0.0740244553647451 3.04204057074763 -0.33215176472394 -2.07207669997755 4.37950774460583 3.8574153548326 18.4084126710339
0.781649049175321 0.18157957648216 0.0740085319403739 3.04306123723652 -0.332385673192056 -2.07319561769697 4.3911089505366 3.84074229751399 18.4462727646283
0.781635351981867 0.18171029053496 0.0739756371227279 3.04419752668695 -0.332489286285129 -2.07430674258443 4.39890895023412 3.82406607214055 18.4795304933955
0.781681669018101 0.181846603858424 0.0739279210212261 3.04541345212831 -0.332478904855535 -2.0753660653568 4.40291300149257 3.80770897828679 18.507605469419
0.781792195141432 0.181975073458169 0.0738675781459234 3.04667717643128 -0.332371078657071 -2.07633967282858 4.40324424477011 3.79192492375756 18.5301448942081
0.781968276322317 0.182085501887845 0.0737966931053539 3.04796179814512 -0.332181376989439 -2.07720306677366 4.40010187766543 3.77690498468227 18.5469843860841
0.782209089365132 0.182170636816946 0.0737171562004053 3.04924534566935 -0.331923725905303 -2.07793983057923 4.39372863933827 3.76278719495162 18.5581068663385
0.78251224455563 0.182225717275395 0.0736306322821202 3.05051027030681 -0.331610175329767 -2.07854004927083 4.38438842750141 3.74966795126964 18.5636049352548
0.782874270384969 0.182247980613697 0.0735385656304641 3.05174266292986 -0.331250953984651 -2.07899873797438 4.3723532181336 3.73761351838071 18.5636490798993
0.783290970986052 0.182236198431228 0.0734422071443065 3.05293133267641 -0.330854697645875 -2.07931440478785 4.35789800353943 3.72667103821887 18.5584620368273
0.783757661082449 0.182190273281975 0.0733426554357885 3.0540668037644 -0.330428777468812 -2.07948778331273 4.34130282210242 3.71687906794922 18.5482985881853
0.784269284289196 0.182110902196856 0.0732409092387931 3.05514021843343 -0.32997969932503 -2.07952071871582 4.32286178134087 3.70827796399175 18.5334297538549
0.78482041263863 0.181999295659752 0.0731379344762737 3.05614208396465 -0.329513588728031 -2.07941517580648 4.30290001754185 3.70092035648899 18.5141305490099
0.785405111635954 0.181856928342746 0.0730347553755647 3.05706077489674 -0.329036818865046 -2.07917235811555 4.28180055199061 3.69488141544284 18.490671116785
0.786016639721849 0.181685287980558 0.0729325849201101 3.05788071257387 -0.328556880403225 -2.07879199035285 4.26004362455742 3.69026738130317 18.4633121528901
0.786646940579802 0.181485580530519 0.0728330142236494 3.05858022620606 -0.32808362266738 -2.07827193726424 4.23826055459834 3.68721860153034 18.4323072103881
0.7872858960894 0.181258346351332 0.0727382788645765 3.05912931371721 -0.327630990344419 -2.07760852497643 4.21730099460431 3.68589978430377 18.3979167070715
0.787920366320489 0.181002953709383 0.0726516034917987 3.05948795542282 -0.327219278962353 -2.0767981892802 4.19830401845258 3.68646551038733 18.360440771756
0.788533198357598 0.180716983519453 0.0725775779964299 3.05960636298882 -0.326877631831629 -2.07584131179646 4.1827464947119 3.6889849292185 18.3202787417344
0.789102686183503 0.180395633466362 0.0725224208381032 3.05942947557124 -0.326645877772939 -2.07474904763306 4.17241535705436 3.6933111699751 18.2780181920917
0.789603381435239 0.180031467597379 0.0724938406639719 3.05890854598783 -0.32657386883733 -2.07355304806219 4.16922253843092 3.69889856829292 18.2345396019141
0.79000942073643 0.179615053631353 0.0725000954176487 3.05802133250215 -0.326715709872594 -2.07231560705439 4.17478427692652 3.70461578663179 18.1910903365864
0.790301011233647 0.179137021573096 0.0725479762578733 3.05679738992825 -0.327117003722738 -2.07113417316006 4.18977553644166 3.70866941759791 18.1492458079248
0.790472768817796 0.17859147712248 0.0726400454889131 3.05533674231239 -0.32779701832577 -2.07013214479623 4.21327145511396 3.70878767818236 18.1106790209907
0.79053987282522 0.177979495901189 0.0727723828827471 3.05380545883092 -0.328733672004548 -2.06943233776353 4.24248613044462 3.70272581747486 18.0767526476785
0.790537255868232 0.177310552944473 0.0729344674448297 3.05240036054491 -0.329861883191962 -2.06912155781598 4.27324926194101 3.68892779367575 18.0481038296518
0.790510708946311 0.176600552425663 0.073111760533974 3.05129637154531 -0.331089312477467 -2.06922483817926 4.30111059372243 3.666994278851 18.0244619950144
0.790504502743826 0.175867402130653 0.0732896737380662 3.05060456929375 -0.332321441482931 -2.06970347518922 4.3224899048977 3.63769865107423 18.0048049792082
0.790552177793158 0.175126646681988 0.0734567632228675 3.05036030697034 -0.333482188537277 -2.07047436869318 4.33529299210948 3.60260761468698 17.9877288117809
0.790673838107293 0.174389090071392 0.0736059206711279 3.05053871421795 -0.334521883008974 -2.07143598522553 4.33885664572639 3.56358685652274 17.9718068316942
0.79087873862413 0.173660633727417 0.0737338028743832 3.05108144961944 -0.335413819982127 -2.07248773451182 4.3334838191935 3.52243795621134 17.955796574015
0.791170063972872 0.172943447314922 0.0738394433555472 3.051920517103 -0.336145287515503 -2.07353831573217 4.31990262693019 3.48074595176935 17.9386858661245
0.791549494930284 0.172237523568952 0.0739228349182679 3.05299344640705 -0.336708146151212 -2.07450532157499 4.29884180494274 3.43989249070292 17.9196408594725
0.79202054431901 0.171542097738566 0.0739838413854555 3.05425048248225 -0.33709137853782 -2.07531040673851 4.27076577007295 3.40115486520244 17.8979228516564
0.792590517214195 0.170856804576146 0.0740214958143487 3.05565661636549 -0.337276156956932 -2.07587369834386 4.23574066093629 3.36582591154553 17.8728192758997
0.793271162921973 0.170182627667531 0.0740336445709426 3.05719095369679 -0.337233428591591 -2.07611016225918 4.19339632111778 3.33530980371732 17.8436165228281
0.794077915693874 0.169522696685097 0.0740169286058148 3.05884480735639 -0.336924342762859 -2.07593026966689 4.14297268460864 3.3111561073043 17.8096349755327
0.795027379010321 0.168882870251737 0.0739671691631386 3.06061887748402 -0.336304439806694 -2.07524731906654 4.0834664452769 3.29499121343859 17.7703432007698
0.796132698107788 0.168271859752502 0.0738802681649803 3.0625192349227 -0.335332746846077 -2.07399322728026 4.01390635233999 3.28830699831006 17.7255563106656
0.797397007958342 0.16770049131169 0.0737536608623851 3.06455171443717 -0.333986016377319 -2.07214220483745 3.9337633929289 3.29209413904349 17.6756905575007
0.798806398228529 0.167179737454418 0.0735881054756067 3.06671491780318 -0.332275732874659 -2.06973673339052 3.84343158910402 3.30638125066055 17.6219911806479
0.800325343410234 0.166717561801741 0.0733892165702711 3.06899323471088 -0.330261860338097 -2.06690433803295 3.74461544846589 3.32984661086179 17.5666016408334
0.801897957900484 0.166315368258219 0.0731679211923213 3.07135234991829 -0.328055394598225 -2.06385196148351 3.64040831692256 3.35973113464853 17.5123580487594
0.803456388650593 0.165965436312525 0.0729393065681183 3.07373935513952 -0.325805086712438 -2.06083260449309 3.53493716872359 3.39219897293322 17.4623115024045
0.804933712778457 0.165650483741225 0.0727201564034192 3.07608734460472 -0.323672043410481 -2.05809419974415 3.43267845221987 3.42306155567921 17.4191469525207
0.806275869717594 0.165345377556043 0.072526253934628 3.07832172475282 -0.321803265177021 -2.05583183385362 3.33775081437547 3.4485646332374 17.3847417838916
0.807448047443104 0.165019906121404 0.072370569827548 3.08036479179357 -0.320314957414996 -2.0541612282891 3.25348293719671 3.46592561653355 17.360012225254
0.808434713317077 0.164641391460532 0.0722627311186328 3.08213715395093 -0.319288974180219 -2.05311705261491 3.18234739899288 3.47350214284213 17.3450124203293
0.809235879028403 0.164176783474537 0.0722093242381655 3.08355772940844 -0.318777577051867 -2.05266678361983 3.12612336404937 3.47069340707042 17.3391284220183
0.809863104156632 0.163594955609979 0.0722141939269612 3.0845463178553 -0.318808212512911 -2.0527276345068 3.08604891623105 3.45776883884337 17.3412126957773
0.810337484024883 0.162870411884582 0.0722780591634652 3.08503301116733 -0.319381783028325 -2.05317915082506 3.06276382269584 3.4357695870624 17.3495959185407
0.81068974421806 0.161989049447593 0.0723973113882869 3.08497631546974 -0.32046301849994 -2.05387174494085 3.05597957947405 3.40650497263272 17.362028052014
0.810960620738755 0.160954900858434 0.0725625978720496 3.08438633621722 -0.32196820302036 -2.05463698972583 3.064007607537 3.37254050007977 17.3756903421552
0.811198815385841 0.159794594682539 0.0727584016234224 3.08334230528089 -0.323760950387995 -2.0553057964619 3.08346331146156 3.3370142119772 17.3874313479649
0.811454880025554 0.15855551711162 0.0729647413689414 3.08199076573992 -0.325666119637092 -2.05573451907278 3.10949664829387 3.30318870981599 17.3942657089314
0.811772318934468 0.157296216329384 0.0731609811777686 3.08051825132879 -0.327502221978501 -2.05583012335652 3.13664790862904 3.27383837180247 17.393971924093
0.812179861641866 0.156072489787268 0.073330215133289 3.079108054811 -0.329119327610832 -2.05556203878753 3.16000629371518 3.25073849648751 17.3854992719668
0.812688596021875 0.154925604678811 0.0734621734267113 3.07790144944391 -0.33042464920344 -2.05495500027842 3.1761241110174 3.23449284068266 17.3689875172432
0.813294564204229 0.153877296835944 0.0735536230949532 3.07697926004779 -0.331386601491692 -2.05406840239547 3.18332815350256 3.22472482081475 17.3454433417873
0.81398445282889 0.152931611339112 0.0736067714836193 3.07636541830696 -0.33202142457835 -2.05297337225754 3.18146570253717 3.22046460216376 17.3162858749976
0.814741372454403 0.15208045574161 0.0736269348872918 3.07604336520269 -0.332373178257386 -2.05173603636694 3.17137286774708 3.22053059310253 17.282962499935
0.815548953060036 0.151309535363212 0.0736205031379416 3.07597475837709 -0.332496084356372 -2.05040936490325 3.15434568960766 3.2237910151761 17.246721947789
0.816393454457855 0.150602829097687 0.0735936214800275 3.07611432914555 -0.332442979179394 -2.04903183739938 3.13175623857301 3.22928882078619 17.2085323083399
0.817264368590612 0.149945249649082 0.0735515553220167 3.0764196005376 -0.332259662968963 -2.04763041316569 3.10483053565538 3.2362603229513 17.1690937362366
0.818154058976491 0.149323960032665 0.0734985322580657 3.07685741423248 -0.331983388774277 -2.04622707109565 3.07454143301193 3.24407223539367 17.1289064411554
0.819056627258085 0.148729158803321 0.0734378775983933 3.07741160810572 -0.331643880540118 -2.04485200304069 3.04154784263472 3.25205500407046 17.0883927256219
0.819965615872341 0.148155364881395 0.0733723695990907 3.07809941479509 -0.331266311373604 -2.04357278956539 3.00609493697117 3.2591217858406 17.0481318124196
0.82086958162751 0.147604414173166 0.073304880095241 3.0790081015331 -0.330877395591932 -2.04255579905951 2.9677561819585 3.26294666030621 17.0093418491204
0.821745093102177 0.147090637889595 0.0732394319484095 3.0803586370655 -0.330517696002054 -2.04216767460789 2.92489735546176 3.25851789201843 16.9747379320353
0.822552057731414 0.146643773015505 0.0731823515507616 3.08255266506164 -0.330260757401103 -2.04304279057524 2.87407418160777 3.23686018720405 16.9493715721678
0.823250674187666 0.146292761510757 0.073141335228175 3.08601439760221 -0.330217899511356 -2.04581813389788 2.81082518808113 3.18782707899644 16.9392766239239
0.823858175115516 0.146015968265189 0.0731189268866718 3.09062735468786 -0.330472677228357 -2.0502455385301 2.73414558062277 3.11179362703345 16.9449504515262
0.824482931838727 0.145714185087877 0.0731055357771496 3.09534873027057 -0.330965102396383 -2.05464058667452 2.65109218692867 3.02911907108919 16.9554812143356
0.82524032810914 0.14528635097356 0.0730863549713979 3.09899413180446 -0.331517716374734 -2.05717634496654 2.5720367188616 2.96517734511833 16.9563354747226
0.826159528451387 0.144707993391738 0.0730545039973258 3.10119171925198 -0.3319995115181 -2.05735111353715 2.50201526436276 2.92944202167605 16.941423952065
0.827204287167482 0.144008899777425 0.0730121595348264 3.10222619401227 -0.332385963383801 -2.05568356401185 2.44029536785534 2.91711372304862 16.912794710093
0.828327146098147 0.143223779083694 0.0729651081375311 3.10250211480931 -0.332710951623733 -2.05286130457544 2.38438132845519 2.91995355070908 16.8746586889747
0.829489329236062 0.142372809149286 0.072920085199579 3.10230835051787 -0.333025030925855 -2.04939616916508 2.33237131002229 2.93141951958548 16.8303518541176
0.830654902273495 0.14146233412072 0.0728854153331388 3.10180483838145 -0.333385549161312 -2.04564037132897 2.28362425745831 2.9470038893102 16.7820524621913
0.831773494886178 0.140493256065212 0.0728731291975117 3.10106610523668 -0.333860686056255 -2.04190549653127 2.23911450301191 2.96314666859703 16.7315229354306
0.832756613406487 0.139479139857845 0.0729002771017928 3.1001328407924 -0.334525051247057 -2.03859680958473 2.20203464621247 2.97611456843152 16.6813475546689
0.833467492290835 0.138479762165864 0.0729835457717759 3.09908150160652 -0.335413616619358 -2.03628034275178 2.17785951059488 2.98174230825933 16.6363638083146
0.833785862749857 0.137623288906874 0.0731198638591259 3.0980943717128 -0.336421190070383 -2.03545126645341 2.1711944598042 2.97756434991416 16.6032447672594
0.833756085275743 0.137037052769439 0.0732698366518419 3.09740651000286 -0.337281261242986 -2.03596835525205 2.17933192984682 2.96646063709674 16.58546334381
0.833597756813667 0.136720891275136 0.0733850025093362 3.09710643421031 -0.337780626436827 -2.03700465395509 2.19228012870482 2.95522488768052 16.5789595204082
0.833496966326926 0.136564776905616 0.0734499501215583 3.09709014380889 -0.337932903861656 -2.03784842713911 2.20205733880042 2.94814703850843 16.5766939394127
0.83349963049543 0.136469163049507 0.0734778504817403 3.09721865432163 -0.337870036817698 -2.03832318530993 2.20696192089014 2.94523192987405 16.5746254980031
0.833578137825144 0.136388238097427 0.0734856078851383 3.09741279478418 -0.337700489689787 -2.03853746661952 2.2083859420182 2.9448903761297 16.5718620603621
0.833699436401647 0.136308979876062 0.0734836715450212 3.09764391454927 -0.33747961830102 -2.03862266405361 2.20784384857904 2.94581888185928 16.5686753354642
0.833844232644108 0.136229412923199 0.0734768564720417 3.0979055520738 -0.337229316422888 -2.03865769802494 2.20620258439581 2.94731763268607 16.5654208729841
0.834004346076165 0.136149613326165 0.073467027855084 3.09819801531463 -0.336956534711878 -2.03867855381208 2.20383680353361 2.94908386757657 16.5622951564164
0.834177295205379 0.136069499652196 0.0734548173473154 3.09852305074925 -0.336662549798964 -2.0386990921691 2.20087793151022 2.95100629717273 16.5593701733739
0.834362953740621 0.135988664406014 0.0734404058385414 3.09888255351487 -0.33634661579201 -2.0387240652082 2.19736143165351 2.95305226449513 16.5566556500445
0.834562051895407 0.135906525480715 0.073423822631723 3.09927839251055 -0.336007237812941 -2.03875498900172 2.19329068398758 2.95521876701224 16.5541355441996
0.834775609549532 0.135822427363594 0.0734050488799052 3.09971240901465 -0.335642608430943 -2.0387923301896 2.1886602235931 2.95751381833377 16.5517837147222
0.835004724996171 0.135735684387515 0.0733840544356795 3.10018636953584 -0.335250791220738 -2.03883621280248 2.18346397483197 2.95994965085455 16.5495695615385
0.83525046092465 0.135645602227024 0.0733608166906686 3.100701829589 -0.334829855299786 -2.03888661628675 2.17769955029311 2.96253984842012 16.5474597535959
0.835513724314926 0.135551499133404 0.0733353388498499 3.10125987679035 -0.334378044765892 -2.03894340704888 2.17137280671349 2.96529733892664 16.5454184237532
0.835795089890248 0.135452736511514 0.0733076757179348 3.10186069591395 -0.333894043342067 -2.03900630146085 2.16450453745222 2.96823183667698 16.5434063662514
0.836094525810164 0.135348763193622 0.073277973752064 3.10250286306884 -0.333377406335379 -2.03907477546325 2.15714075549287 2.97134559344801 16.541378828664
0.836410974111556 0.135239174181723 0.0732465336639444 3.10318223395687 -0.332829261432465 -2.03914790562001 2.14936820166725 2.97462594911911 16.5392806737332
0.836741730138934 0.13512377848667 0.0732139063689616 3.10389024613914 -0.332253421535846 -2.03922410914727 2.14133693047443 2.97803238078758 16.5370365719249
0.837081566198667 0.135002658136326 0.073181035196824 3.10461142432414 -0.331658098888108 -2.03930073560602 2.13329160842649 2.98147458672079 16.5345322328216
0.837421575142878 0.134876176819271 0.0731494562681524 3.10531990794205 -0.331058435342349 -2.03937345320571 2.12561170181202 2.98477678963106 16.5315804551125
0.837747810004344 0.134744856924658 0.0731215586064817 3.1059750202213 -0.33048000234715 -2.03943538338199 2.11885648209179 2.98762263022827 16.5278634859505
0.838040038557191 0.134608986805608 0.0731008733682619 3.10651648309108 -0.329963126018871 -2.03947600570945 2.11380109474588 2.98947681087327 16.522842812009
0.838271415291366 0.134467762747824 0.0730922871258632 3.10686119347415 -0.32956708104541 -2.03948005190324 2.11143153847491 2.98948864968886 16.515634197434
0.838410637172143 0.134317778680345 0.0731019383420773 3.10690580487376 -0.329371526589197 -2.03942702492077 2.11283899424844 2.98640661400669 16.5048695224944
0.838428884943247 0.134150907928364 0.0731363845591215 3.10654217816097 -0.329470069722196 -2.03929262042456 2.11893138630284 2.97857783272092 16.4886195081589
0.838313372790167 0.133952289210459 0.073200589606676 3.10569305190115 -0.329949230250261 -2.03905378903061 2.12990889100864 2.96415785498401 16.4645261741159
0.838085512656528 0.133700180341364 0.0732947582312231 3.1043664866118 -0.330850100382581 -2.03869826622713 2.14460611295824 2.9416442992658 16.430321027315
0.837814001278735 0.133369888737125 0.0734113167527979 3.10270555007458 -0.33212471679007 -2.03823575818266 2.16008933259978 2.91065978385945 16.3847367488485
0.837608009232623 0.132942004063072 0.073534602970466 3.10098907736613 -0.333617989460697 -2.03770309400953 2.17204795308357 2.8725595617897 16.3284043651648
0.837585009860381 0.132410838571016 0.0736449749623197 3.09955638419028 -0.33510307844409 -2.03715601081423 2.17610620833667 2.83029600971401 16.2640292548478
0.837829977250914 0.131786961837331 0.0737255181288337 3.0986905712697 -0.336358586187271 -2.03664992804387 2.16934461373215 2.78744219900611 16.195526460164
0.838372736826674 0.131091990989896 0.0737669798879118 3.09853650136889 -0.337237509813239 -2.03622203386161 2.15103175493293 2.74700069162929 16.1266622757204
0.839193563677446 0.130350013480562 0.0737683558224255 3.09909526998431 -0.337689044867245 -2.03588475972689 2.12227783371349 2.71073283098056 16.0600837837027
0.84024488343242 0.129581108060006 0.0737342603765272 3.10027266377324 -0.337737632960303 -2.03562998945792 2.08514377259696 2.67918085231702 15.9971058550386
0.841472274590955 0.128798899116397 0.0736716801804851 3.10193588079061 -0.337447563834241 -2.03543705406741 2.04184672461793 2.65206742982353 15.9380176272063
0.842826858287361 0.128010979708747 0.0735877141564162 3.10395157706011 -0.336894666884625 -2.0352789762177 1.9943281341734 2.62872009845406 15.8825205526722
0.844269542225832 0.127220397831745 0.0734885494015956 3.10620195757952 -0.336151214922523 -2.03512522684656 1.9441366307141 2.60835751314476 15.8300725086584
0.845770400804575 0.126427088128821 0.0733793018929023 3.10858595270599 -0.335281414420486 -2.03494154174182 1.89248793232409 2.59022675609843 15.7800867394487
0.847305874084043 0.125628876483439 0.0732643214822611 3.11101273614286 -0.334343194485883 -2.0346879442884 1.84039745145509 2.57363515237498 15.7320141504092
0.848855130530747 0.124822102019042 0.0731477223282864 3.11339207399634 -0.33339323377321 -2.03431612892304 1.7888343423224 2.557918184805 15.6853490007588
0.850395995737279 0.124002083665544 0.073034037103577 3.11562397248147 -0.332493499199661 -2.03376761029898 1.73887785909009 2.54236915440738 15.6395849423146
0.85190051979172 0.12316376240889 0.0729289389128701 3.11758991338833 -0.331717955727797 -2.03297494623862 1.69186178214827 2.52614662465554 15.5941350662406
0.853330604631683 0.122302942746174 0.0728399015682817 3.11914985321862 -0.331157166812213 -2.03186990765594 1.64947001752596 2.50818142329343 15.5482274866493
0.854635297137185 0.121418556760816 0.072776452104598 3.12015268387325 -0.330916204530647 -2.03040376059352 1.61369765172225 2.4871313598355 15.500805332327
0.855753245917524 0.120515993154049 0.0727493617167938 3.12047023009287 -0.331098846396978 -2.02858279269177 1.5865406492413 2.46147313574101 15.4505008271891
0.856624869353709 0.119610389235597 0.0727680488828536 3.12005856996807 -0.331772777851643 -2.02651172773818 1.56930872802492 2.4298347194083 15.3957953485081
0.857215226620295 0.118727122561535 0.0728363004248769 3.1190268595804 -0.332923030395241 -2.02441804433349 1.56170024627806 2.39156649411522 15.3354434260109
0.857538093606992 0.117896515087728 0.0729483773302146 3.11766228159427 -0.334422253468245 -2.02261911619269 1.56120040416369 2.34728692130268 15.2690427137095
0.857662459819942 0.117143433344726 0.0730889009442243 3.11636335660846 -0.336052480405212 -2.02142306947251 1.56349019873232 2.29894415939394 15.1973775015589
0.857690893167723 0.116477959168904 0.0732378166754144 3.11550197829666 -0.337578617273364 -2.02101627207841 1.56388103409238 2.24919349942634 15.1222050010769
0.857723032396063 0.115893554311371 0.0733773062592678 3.11530400978998 -0.338826220839096 -2.02141289381244 1.55884688254351 2.2004845958132 15.04560249547
0.857829060819575 0.11537263009211 0.0734960602181583 3.11581786564475 -0.339714947816255 -2.02248625403762 1.54669283439373 2.15447768639557 14.9693502871425
0.858044708509652 0.114894085028594 0.0735893386621131 3.11695892892485 -0.340242963263449 -2.02403653789057 1.5272623471942 2.11202707451062 14.8946810220457
0.858381361139626 0.114438271163603 0.0736564699282173 3.11857382402568 -0.340449919568885 -2.02584308290824 1.50123264953144 2.07353432109326 14.8223588378068
0.858839881030705 0.113988537389785 0.0736979684433972 3.12048449330095 -0.340383635944648 -2.02768224790003 1.46951361302727 2.03938523253683 14.7528701459373
0.859421198905026 0.113530735800681 0.0737134110392425 3.12250341529722 -0.340079484023049 -2.02931885477957 1.43296081345073 2.01030877792466 14.6865325648855
0.860131300543706 0.11305244998074 0.0737003794630908 3.12442934537114 -0.339551540106067 -2.03048948607178 1.39242203253698 1.98758748821969 14.6233968079494
0.86097958770231 0.112543445415096 0.0736546679350346 3.1260398036437 -0.338793438006219 -2.03090075842633 1.34908687325058 1.97302502802204 14.5628624911254
0.861969343871087 0.111998477627013 0.0735722069340517 3.12710129821054 -0.337789682159457 -2.0302715464121 1.30505792050739 1.96848987792476 14.5030239922437
0.863080858373178 0.111422474967626 0.0734529880362245 3.12741938518042 -0.336539002099297 -2.02844272693767 1.26386544946014 1.97487433664994 14.4400357322228
0.864255031287738 0.110835308775556 0.0733057521752104 3.12693077252993 -0.335084041321183 -2.02553171210988 1.230343593775 1.99070445509567 14.3682014854403
0.865394185047683 0.110270367612037 0.073149698340827 3.12578681491078 -0.333527015522209 -2.02202120058172 1.20933718638744 2.01138923560839 14.2814977252972
0.866391319758742 0.109763485268477 0.073009549444347 3.12433893391907 -0.332008374330297 -2.01864655472156 1.20365451367676 2.03026676825434 14.1761239703484
0.867172434586052 0.10933816807036 0.0729058852748413 3.12299887843037 -0.33065468761304 -2.01610220865298 1.21279713493119 2.04119197201835 14.0522269502135
0.867719422411365 0.108998407625227 0.0728480009229864 3.12207154100104 -0.329535143024223 -2.01478130958656 1.23352301537894 2.04074358558616 13.913379779447
0.868061009983947 0.108732780880358 0.0728337288858734 3.12167650285685 -0.328655244728872 -2.01471762370935 1.26153082984179 2.0286021725138 13.7645386973235
0.868248308149198 0.108523599592318 0.0728538107596245 3.12176976101193 -0.327978054494608 -2.01568754834549 1.29282665742219 2.00652009938917 13.6101914258934
0.868335061888098 0.108354232237601 0.0728962582358458 3.12220105165719 -0.327447507852422 -2.01733416134945 1.32412181569341 1.97709779799725 13.4534903690779
0.868369198661737 0.108212670824722 0.0729485660696498 3.12275374778296 -0.326998843893528 -2.01923170602514 1.35245335349063 1.94305130588396 13.2960563885388
0.868392244152257 0.108092696803968 0.072998172177821 3.12315679068931 -0.326553860543295 -2.02088867634063 1.3744280823961 1.90698670577587 13.1377995892287
0.868440331841915 0.107994285388755 0.0730327948489253 3.12309280604553 -0.326004930777466 -2.02173814194907 1.38548436944422 1.87139107959074 12.97626084608
0.868539990562228 0.107923546835748 0.0730430286753593 3.1222586085505 -0.325200057076638 -2.02121222336925 1.37988498602831 1.83842609835298 12.8054732078928
0.868693246095209 0.107890346895076 0.0730293365577029 3.12054891124681 -0.323960851587515 -2.01903052238532 1.35277805303853 1.8090845823113 12.6156030806366
0.868858619118253 0.107900835264861 0.0730104840323029 3.11832449272723 -0.322173514932093 -2.01566985262262 1.30492752521909 1.78184251354586 12.3962437523763
0.868957488687434 0.107947847338818 0.0730207229870335 3.11644300678989 -0.319914342273386 -2.01249619862056 1.24620582053242 1.75242619282343 12.1440307756135
0.868923122001093 0.108011099630639 0.0730886067177516 3.11576844414223 -0.317447221678832 -2.01101253935513 1.19113863158608 1.71625178283241 11.8671686764918
0.86874533522145 0.108070358524271 0.0732180587311057 3.11660244655038 -0.315044765335294 -2.01186601709935 1.14923977584385 1.67140293642135 11.5796990333106
0.86846257967753 0.108116287950605 0.0733922561239896 3.11866548667456 -0.312837670276432 -2.01471442711895 1.12098505675358 1.61885945523439 11.2923326505378
0.868127625603023 0.108149975432721 0.0735886904760905 3.12145060859185 -0.310817335960351 -2.01876677453051 1.10102032004507 1.56073471926557 11.009310555429
0.867787309505534 0.108177616642739 0.0737880227797361 3.12448386850498 -0.308906173634824 -2.02322682526835 1.08224781058149 1.49890671500323 10.7303782660912
0.867480714908992 0.10820683354605 0.0739750718929033 3.12738750045454 -0.307006947777393 -2.02741946370447 1.05762191474388 1.43465806097312 10.4533571167895
0.86724443388629 0.108245379105639 0.0741369287888092 3.12985156002339 -0.305019307307785 -2.03075351355546 1.02036362297607 1.3688554916523 10.1755992215296
0.867116691196314 0.108300782348816 0.074261660860038 3.13160416143587 -0.302841921047411 -2.0326733256396 0.963997212183353 1.3022799531723 9.894622513346
0.867135586762685 0.108379553504416 0.074339302361743 3.13242544418718 -0.300378419186292 -2.03268624089021 0.883258772304737 1.23595654188068 9.60855686684697
0.867327772807997 0.108485090918102 0.0743659700914616 3.13222527810222 -0.297560135119555 -2.03051535724893 0.776469207989357 1.17137191928311 9.31678753079581
0.867688247524538 0.108614604645204 0.0743499866745875 3.1311620876577 -0.294386556448062 -2.02635048943016 0.648773440947483 1.11037077316723 9.0207056092278
0.868164151713503 0.108757518882199 0.0743149321347465 3.12970004125383 -0.29095752107802 -2.02100665306706 0.513469147330119 1.05455270447248 8.72384603343263
0.868664384941319 0.108898653615678 0.0742932062138637 3.12847608918388 -0.287452065936663 -2.01571687777426 0.388108525870242 1.00442615257439 8.43063366720076
0.869098459354695 0.109025540364027 0.0743116905489607 3.12801025297969 -0.284046861349474 -2.01157618087702 0.286590407331913 0.95906463795992 8.14423962805943
0.86941409122173 0.109134027609222 0.0743811488085319 3.12849335295144 -0.280837543033662 -2.00907961982159 0.213694145093779 0.916652232602555 7.86530626409046
0.869604384344584 0.109228092473063 0.0744971193549599 3.12980633220921 -0.277823441502581 -2.00810017412798 0.165970588690043 0.875379484461023 7.59241266642626
0.869690081367684 0.109315962195804 0.074647827132257 3.13167980932212 -0.274944362349265 -2.00817216342498 0.13624096476968 0.833980683539408 7.32339232989042
0.869699011999464 0.109406514057961 0.0748212421656932 3.13383584070862 -0.272123544515407 -2.00877234577871 0.117406865575319 0.791789381785821 7.05636259703905
0.86965452638754 0.109507513679229 0.0750083089792854 3.13605307490771 -0.269292422253917 -2.00946310472 0.104096981560758 0.74857386609518 6.79014832162954
0.869572371132746 0.109625209739278 0.0752033560150494 3.13817632559536 -0.266398419099123 -2.00992468278676 0.0928035333631312 0.704374060476138 6.52431819279492
0.869461818304456 0.109764431158535 0.0754033590141627 3.14010453993507 -0.263404541129475 -2.00993955739971 0.081448091652402 0.659410616302937 6.25908536852769
0.869327994215498 0.109928675577915 0.0756070422934461 3.14177697712443 -0.26028708483327 -2.00936929707337 0.06890514909166 0.614053037517835 5.99519389645635
0.869174031857902 0.110120022166035 0.0758141648539508 3.1431643035642 -0.257034115457024 -2.00813920422028 0.0546579412710102 0.56881322311574 5.73381391328386
0.869002641479688 0.110338899070202 0.0760250286614588 3.14426465216133 -0.253645103790713 -2.00623220649603 0.0385930775394618 0.524335659711912 5.47642756062395
0.868817072736097 0.110583830090171 0.0762401511713568 3.14510226991695 -0.250131070626224 -2.00368781775363 0.0208880081497998 0.481366066727381 5.2246833557293
0.868621538297563 0.110851316386811 0.076460042096237 3.14572599319095 -0.246514281327576 -2.00060060937396 0.00194209203237005 0.440691829623833 4.98021208067202
0.868421183602123 0.11113598534573 0.0766850499070145 3.1462054378844 -0.242826693800683 -1.99711359560176 -0.0176842203698267 0.403059528312931 4.74442071011257
0.868221708316297 0.111431061396272 0.076915267396389 3.14662406310981 -0.239106855289257 -1.99340443766199 -0.0373393399722191 0.36908548464229 4.51830154234268
0.868028783863553 0.111729103280787 0.0771504966491389 3.1470697669404 -0.23539558538632 -1.98966558427096 -0.0563598648339033 0.339180811541135 4.30230074285162
0.867847440200977 0.112022853750807 0.0773902710806387 3.14762485037856 -0.231731305840273 -1.98608216871675 -0.0741479695285632 0.313509873441814 4.09627843988702
0.867681583174412 0.112306007873731 0.0776339217009903 3.14835755066341 -0.228146038185378 -1.9828125115904 -0.0902322501676226 0.291990946403346 3.89956579968488
0.867533746179746 0.112573742941293 0.0778806647180181 3.14931679254853 -0.224662822393709 -1.97997506530465 -0.104302028300319 0.274334930984909 3.71109587844588
0.867405101642502 0.11282294329062 0.0781296835434228 3.15053069753946 -0.221294766868967 -1.97764325772317 -0.116214116960068 0.260108276468116 3.52956736140035
0.867295695265451 0.113052151769803 0.078380180155245 3.15200829225955 -0.218045376646553 -1.97584715472475 -0.125979993052065 0.248803471788202 3.35359871652415
0.867204842236323 0.113261350167203 0.0786313742253576 3.15374316522035 -0.21490941285339 -1.9745790969464 -0.133747524009119 0.23990427523178 3.18184095486239
0.867131637971316 0.113451706526305 0.0788824288384865 3.15571756659302 -0.211873366561128 -1.97379968726959 -0.13979494056953 0.232940463756666 3.01303231587402
0.867075561501164 0.113625446998224 0.0791322788298203 3.15790534007527 -0.208914669999965 -1.97344034909918 -0.144557241166625 0.227535282786251 2.84599275147537
0.867037140962051 0.113786042003141 0.0793793412614474 3.16027169150386 -0.2059990994885 -1.97339871840874 -0.148706988217599 0.223456013652305 2.6795722699716
0.86701853160311 0.113938950639503 0.0796211254620069 3.16276681523234 -0.203076843003985 -1.97352362024945 -0.153306926606703 0.220682161381786 2.51259634009829
0.867023511291133 0.114093176229888 0.0798538935482346 3.16530917511134 -0.200080338445341 -1.9735893864046 -0.160020990580659 0.219500628829315 2.34391244931826
0.867055740894108 0.114263574565313 0.0800728437804986 3.16775540581206 -0.196932452552718 -1.97327040800711 -0.171267720409729 0.22060560872763 2.17274276887561
0.867113530010352 0.114472607596932 0.080273784068137 3.16986501419828 -0.19358062313164 -1.97215409155184 -0.189976041989502 0.225094001460557 1.99960932341399
0.867180640495112 0.114747678373851 0.0804572797897486 3.17129908118219 -0.190068786549275 -1.96986504824791 -0.218378836853925 0.234119662883287 1.8277942265014
0.867218957174635 0.115109094980912 0.0806340006242557 3.17172359283089 -0.186615974189375 -1.96634014713605 -0.255716588442948 0.248027693706057 1.66418639862782
0.867176532367181 0.115551904749606 0.080825270544266 3.17102608916085 -0.183597576781424 -1.96208424069992 -0.296538782417919 0.265426359266701 1.51731286912443
0.867014847352751 0.11604012930558 0.0810534759287676 3.1694626509157 -0.181361682154759 -1.95804485969086 -0.332456365287623 0.283372774990427 1.39248355358428
0.86673123563129 0.116525817038015 0.0813292476093017 3.16752814222064 -0.180026540495529 -1.95508545187966 -0.356791230406977 0.298939255652338 1.28854663366904
0.866353157855119 0.116974450244358 0.081648415413373 3.16567018629738 -0.179466505929601 -1.95357986546024 -0.367476948155314 0.310608071952939 1.19964932790944
0.865916175256796 0.117373285500516 0.0819988960966801 3.16413110244991 -0.179451826728664 -1.95344585689548 -0.366153483065462 0.318336026732284 1.11923964539325
0.865448488102462 0.11772432794239 0.0823681449886691 3.16297249808465 -0.179774081723822 -1.95439639911463 -0.355805879639536 0.322837660550788 1.04245282510275
0.864967176581407 0.118034898035445 0.082746479760225 3.16216263664843 -0.180291824716593 -1.95613473011747 -0.339174113766189 0.324956852929707 0.966401011050673
0.864479949234434 0.118312034222317 0.0831274807794695 3.16164202477797 -0.180926259963556 -1.95843253862862 -0.318209884976749 0.325374169422082 0.889594966233755
0.863986939582982 0.118560623385019 0.0835078051112934 3.1613531665728 -0.181643878235702 -1.96113701021131 -0.294071299223233 0.324529232913045 0.811379280884288
0.863480069810819 0.118783987565576 0.0838880828995905 3.16124484954484 -0.182441807243364 -1.96414838996736 -0.267262616263722 0.322613117143538 0.73168808988145
0.862938849887853 0.118986826409188 0.08427632333499 3.16125787706774 -0.183336879808722 -1.9673809213851 -0.237780085320914 0.319552876763436 0.651228008651182
0.862322602130022 0.119181815581831 0.084695190954049 3.16129113952872 -0.184351458415629 -1.970699500912 -0.205310342345006 0.314974008044139 0.572197903961015
0.861563970371188 0.119400733852614 0.0851919583727637 3.16115024133382 -0.18548365765502 -1.97382574277878 -0.169674623708101 0.308213978595524 0.499459077907332
0.860580933943972 0.119703743174649 0.0858398693854018 3.16051882105483 -0.186656215081465 -1.97626555158438 -0.131699994041002 0.298593087973279 0.441034986814507
0.859329474935598 0.120165307225498 0.0867071880706579 3.15905677502918 -0.187683285910473 -1.97742822822144 -0.0940485327146978 0.286100872049633 0.40525147607494
0.857868816224742 0.120823489093126 0.0877960026485144 3.15665540992633 -0.188344069057336 -1.97703130628356 -0.060488840378012 0.271968350253359 0.39405556633665
0.856343518293335 0.121641608518536 0.0890228806692611 3.15357550525412 -0.188542636700051 -1.97538988163312 -0.0333660417991843 0.258088279452332 0.399894920493332
0.854879890099843 0.122540165101573 0.0902823612250796 3.15023470875486 -0.188358343202011 -1.97314423197567 -0.0122320337039731 0.245719749714015 0.411724495081261
0.853525857961213 0.123454451300839 0.0915108463577395 3.14692787881404 -0.187940293381434 -1.97080090572063 0.00490276602439984 0.235055174828807 0.422219517243362
0.852273536735761 0.124353617869808 0.0926908669279415 3.14376912893513 -0.187406323219091 -1.96859097433007 0.0199090262853385 0.225714320498571 0.428984070800955
0.851100266009002 0.12522880617803 0.0938267170605947 3.14077262543369 -0.186819670299735 -1.96657048556487 0.0339593456217443 0.217261527818016 0.432325692568703
0.849991032412282 0.126078334437245 0.0949256669568683 3.13792997953935 -0.186204212318207 -1.96473830981403 0.0476543915303821 0.209417714625033 0.433326255672811
0.848945586754042 0.126899172205549 0.0959898813173228 3.13525007149114 -0.185561134143593 -1.96310091678332 0.0612739093767971 0.202093308997577 0.433007710269033
0.847980318224946 0.12768295172202 0.0970138927571262 3.13277666347142 -0.184877229807028 -1.96169981148601 0.0749485738589029 0.195381396960359 0.432151795490243
0.847129851374507 0.128413825520405 0.0979838140516895 3.13059891117822 -0.184126284203611 -1.96062356522268 0.0887446995917747 0.189569195777353 0.431363720153507
0.846448702347711 0.129067232424138 0.0988772936415187 3.12885934028328 -0.183266676392083 -1.96001272909691 0.102690281766121 0.185176429782847 0.43118810181547
0.846009505502679 0.129610678764543 0.0996655108387671 3.12775277549803 -0.182238837119971 -1.96005176304326 0.116760277855925 0.182995885639639 0.432201690858032
0.845889920221035 0.130009877769126 0.1003205597113 3.1274968982952 -0.180968544507469 -1.96092844462426 0.130829040231335 0.18406477772804 0.435032558161677
0.846137666975243 0.130244839682164 0.100832222655419 3.12824605728937 -0.179385464296321 -1.96273510369816 0.144607050805685 0.189436683386157 0.440240648600541
0.846712641183072 0.130336068423407 0.101232851703 3.12994111803085 -0.177463728433448 -1.96531505011607 0.157616378592175 0.199639824745743 0.448017050987639
0.847438356867501 0.130365853799855 0.101614062983381 3.1321726860081 -0.175270311846144 -1.96814823463563 0.169293457952658 0.213975624620388 0.457821601262896
0.848027157182833 0.130465526131172 0.102107833463905 3.13422585170309 -0.172974935997178 -1.97044619791696 0.179240054493653 0.230272063516035 0.468320965096426
0.84820034735987 0.130760061126652 0.102828889343278 3.13537737612373 -0.170785939869986 -1.97149184152384 0.18745297942812 0.245642366966685 0.477895885414446
0.847814583301671 0.131311175912109 0.10382268518383 3.13523158180434 -0.168853013295789 -1.97096736570942 0.194307366051154 0.257791123802119 0.485391016285512
0.84689013994536 0.132105783881222 0.105061496050146 3.13381772737351 -0.167218208872159 -1.96900141472688 0.200316115581623 0.265757308771845 0.490478259523117
0.845549470797835 0.133084768942167 0.106477469329323 3.13145066712636 -0.165835393470181 -1.96598368449025 0.205894027035138 0.269722334137177 0.493487700436852
0.843944261425603 0.134176134775922 0.10799573341544 3.12854889575706 -0.164614681590195 -1.96236571039504 0.211259586899827 0.270410594940807 0.495047544054269
0.842216688605842 0.135312147460595 0.109549793498349 3.12553279877639 -0.1634536010715 -1.9585622500086 0.216439383449129 0.268613730339436 0.495826195561078
0.840492981537361 0.13643181495055 0.111082697199311 3.12280303618824 -0.162247938731835 -1.95493813985618 0.22129840061801 0.264975190748061 0.496427601959048
0.838891740081739 0.13747700362796 0.112542873826722 3.12075269606802 -0.160891410088814 -1.95182786346878 0.225558252319164 0.259956960611338 0.497372014357245
0.837531929128875 0.138389348989456 0.113881469327127 3.11976814297151 -0.159275736445777 -1.94954477375381 0.228808271996348 0.253894947613452 0.499087623655357
0.836529091116675 0.139113488896369 0.115055830778533 3.12018209860137 -0.157301598062248 -1.94834986438368 0.230543581509239 0.247088778810275 0.501863604834653
0.835971534762055 0.13961036431898 0.116041572640459 3.1221599507456 -0.154907207916557 -1.94836635351224 0.230276442492875 0.239890608851662 0.505750850899066
0.835879101477605 0.139878373681524 0.116849899929651 3.1255516605398 -0.152108610974747 -1.94946728142442 0.227735924660901 0.232747856165706 0.510457144983739
0.836169131405049 0.139968942949216 0.117537536844693 3.12982031600679 -0.149024403214945 -1.95122407372865 0.223073346428586 0.22615182221984 0.515348516628841
0.836666918951961 0.13997792008304 0.118194365009464 3.13416847554814 -0.145851013983661 -1.95300970972013 0.216901698430869 0.220498571932806 0.519642800554741
0.837169417107873 0.140010547254323 0.118910260029677 3.13783388551124 -0.142790003999025 -1.95423160774689 0.210078603525677 0.215958640810119 0.5227160212186
0.837519932213365 0.140143540293977 0.119743700689909 3.14035141877742 -0.139976788703589 -1.95453432316831 0.203373090664781 0.212460213158454 0.524310399394342
0.837643643964694 0.140409374948506 0.120712250705881 3.14161624112601 -0.137456872744258 -1.95384515948199 0.19725066621582 0.209783891590312 0.524527589123321
0.837536417709864 0.140804573164815 0.121803219711623 3.14177684148863 -0.135207726946542 -1.95228787401057 0.191860175411359 0.207681442655149 0.523684873442401
0.837233257176266 0.141307243164468 0.122990185732871 3.1410871668404 -0.133175104148869 -1.95006645487101 0.187137933696075 0.20595055706899 0.52217214257926
0.836780710657789 0.141891507331627 0.124245103371744 3.13980386219406 -0.13130046968447 -1.9473855563904 0.182921065371039 0.204457563333758 0.520377927316935
0.836221302898812 0.142535275116342 0.125543902227229 3.13814235438314 -0.129534220312888 -1.94441748261206 0.179020973730962 0.203129791106216 0.518680714625948
0.835587864797203 0.14322288669556 0.126867538465768 3.13627248982146 -0.127838602345139 -1.94130022262497 0.175256755162019 0.201937068405205 0.517476732919173
0.834903471847423 0.143944961953199 0.128200822937061 3.13433335340752 -0.126185144271672 -1.93815053118216 0.171465897809721 0.200870111120365 0.517216058418713
0.834183999644882 0.144696882745092 0.129530540003766 3.13245482770107 -0.124549477913501 -1.9350822480271 0.167510811472444 0.199914343872693 0.518418597684986
0.833441944105275 0.145476289574433 0.130843768647514 3.1307784555949 -0.122904811165966 -1.93222355616724 0.163297747042712 0.199013420952607 0.521629372021834
0.832691020748409 0.146279356991648 0.13212725345783 3.1294690192157 -0.12121519728314 -1.92972513156283 0.158821448580591 0.198019462201614 0.527255174200248
0.831950727421847 0.147095874770322 0.133368915381623 3.12870245019815 -0.119431578350641 -1.92774569881211 0.154235825306045 0.196642704465113 0.535238566543457
0.831248450444062 0.147904886482731 0.134562257437215 3.12861466979389 -0.117496434258289 -1.92640143835252 0.149915296458796 0.19444411340372 0.544642969504024
0.830615369563522 0.148675181506258 0.135712177431698 3.12921889705816 -0.11536194136932 -1.92568858141095 0.146425460883869 0.190933024163601 0.553461754682587
0.830075324437131 0.14937431215574 0.136837184605884 3.13034815014816 -0.113015499715753 -1.92543436833452 0.14433949605628 0.185773270474732 0.559066610021154
0.82963366039405 0.149982365729456 0.137963405327036 3.13169535338969 -0.110492221226518 -1.92534231180163 0.143978907763616 0.178967091732776 0.559257409280211
0.829276168532332 0.150499562786329 0.139113202444874 3.13294317457502 -0.107859867829258 -1.92511857238117 0.145282292092685 0.17085156513846 0.553160330331074
0.828979018991536 0.150941835241436 0.140297076344554 3.13388257476566 -0.105188424214816 -1.9245816100648 0.147898732450848 0.161915502435877 0.541287915490767
0.828720688053707 0.151330132759149 0.141513198112083 3.1344447417894 -0.102528413331478 -1.92368761611173 0.151387413455163 0.152603989718695 0.524926476347031
0.828488582947625 0.151681962528208 0.142751452313926 3.13466420292284 -0.0999070183971335 -1.92249310455312 0.155364643269609 0.143229496740242 0.505473386195522
0.828280163208394 0.152008025741363 0.143997325825847 3.13462775927786 -0.0973351370139916 -1.92110756642238 0.159550318340127 0.133982198681358 0.484075578929871
0.828101503978017 0.15231232079725 0.1452337051688 3.13444050124485 -0.094816574945394 -1.91966455923172 0.16374813004341 0.124983355555568 0.461547915313894
0.827965245017965 0.152593610206484 0.146440997071874 3.13421192273139 -0.0923554335218156 -1.91831228807575 0.167801176187726 0.116344095690478 0.438428868410193
0.827887842243901 0.152847420775433 0.14759695680698 3.13405345549589 -0.0899613216935446 -1.91721308662575 0.171544332594813 0.108218096916427 0.415069072709611
0.82788433867293 0.153068994531699 0.148678192841588 3.1340765890045 -0.0876527595167282 -1.91653721338616 0.174761725248659 0.100845665087596 0.391706129587537
0.82795784347469 0.153258314206111 0.149666093060929 3.13437977193185 -0.0854579038889772 -1.91643227963247 0.177160673072605 0.094577020556281 0.368509926140616
0.828082122974449 0.153427853659951 0.150559860902175 3.13501243411 -0.0834094879429653 -1.91694911102586 0.178390543146613 0.0898383193518644 0.345591434355298
0.828182835475951 0.15361059083777 0.151395045237102 3.13591592017738 -0.0815299932259719 -1.91792806843179 0.178148978939132 0.0869867541817781 0.322973098728949
0.828136369477879 0.153860075371895 0.152254573321581 3.13687621959753 -0.0798089895025295 -1.91891761142074 0.176379989732292 0.0860530169156445 0.300541133453143
0.827808248100769 0.154233334327246 0.153250677645481 3.13755869964012 -0.0781889973425199 -1.91925811976299 0.173443113189764 0.0865313189069056 0.278036858796066
0.827119961150506 0.154761962760589 0.154474894883857 3.13765138136968 -0.0765812702722685 -1.91836781721831 0.170049810550486 0.0874761146667917 0.25513663173895
0.826089934518676 0.155435015482596 0.15595298576902 3.13701786940983 -0.0749067309754738 -1.9160272515529 0.166946966659718 0.0879181964873444 0.231578462440501
0.824813987114651 0.156208076596139 0.157642733262573 3.13573172883432 -0.0731278796757674 -1.91242303684103 0.164612496617524 0.0872511580548374 0.207230926128584
0.823414727149219 0.157025156065859 0.159465549237912 3.133996761465 -0.0712507066910223 -1.90797848164361 0.163184192616053 0.0853114199650765 0.182071498702123
0.822005790922137 0.157833591126847 0.161337216079563 3.13205268242355 -0.069308220311156 -1.90316968760971 0.162571252582169 0.0822287946017117 0.156135138500792
0.820683942374619 0.158586685382665 0.163180548345618 3.1301276646446 -0.0673447549171282 -1.8984391809492 0.162592129862209 0.0782533728655123 0.129497541189907
0.819537290347529 0.159239440341079 0.164923991606593 3.12843412052813 -0.0654083543665714 -1.8941927804127 0.163058237821813 0.0736618697715218 0.102318602479195
0.81865567327264 0.15974364228098 0.166495856268647 3.12718120779413 -0.0635489739864476 -1.89082562087091 0.163802621061561 0.0687443706898627 0.0749513046134596
0.818133669797954 0.160046874593244 0.167822084495685 3.12658027594027 -0.061817486952582 -1.88873138679214 0.164677174870713 0.0638407762237423 0.0481133814763088
0.818058458377688 0.160099640608734 0.168834061644905 3.12682378428262 -0.0602604395106677 -1.88825835224091 0.165538912028694 0.0593938812008973 0.023088664365442
0.818476382142999 0.159874167943529 0.169491570420486 3.12802305760009 -0.0589066107158551 -1.88958646535244 0.166240667185468 0.0559766494012474 0.00184390240385356
0.819342454966221 0.15939282398473 0.169818596389178 3.13011116309183 -0.0577461777957282 -1.89254195389245 0.166639652797546 0.0542351737324182 -0.0131584350911068
0.820481291552079 0.15875053271407 0.169932321210881 3.13276495251156 -0.0567138136195415 -1.89645807078757 0.166630140997488 0.0547076076593467 -0.0196434215927952
0.821606499135856 0.158104890416412 0.170031564693163 3.13543838991407 -0.0556955975314402 -1.90025799339381 0.166185534271495 0.0575798843241663 -0.0165291992661713
0.822415705985416 0.157623803230537 0.170330829775493 3.13754408127637 -0.0545681199501468 -1.90281949383185 0.165374215690863 0.062558071939168 -0.00457076890166623
0.822705582643996 0.157421059750061 0.170977858964008 3.13867833390473 -0.0532476539349217 -1.90340728364408 0.164327087671734 0.0689905434693773 0.0139603363848973
0.822425377124137 0.157525409076527 0.172012947954862 3.13873061898135 -0.0517150197645082 -1.90186810588028 0.1631787532041 0.0761498924978424 0.0363197055814137
0.821649807655215 0.15789456948535 0.173385538861472 3.13783612190604 -0.0500067613185358 -1.89852280509899 0.162023857635305 0.0834603478381392 0.0602402624241391
0.820517347269158 0.15844902451382 0.174996686057837 3.13625808764632 -0.0481909816391815 -1.89393248219204 0.160905847738962 0.0905621879944486 0.0842984564455085
0.819180976480612 0.159099374409347 0.176733870418625 3.13429167311148 -0.0463475271790478 -1.88871490861186 0.159827112406492 0.0972537086606441 0.107791465028308
0.817785744299369 0.159759103737335 0.178487394645379 3.13221858270639 -0.0445586811610108 -1.88346194640679 0.158763992429546 0.103392713266071 0.13042629318666
0.81646514026746 0.160347249557809 0.180153784330884 3.13029790887943 -0.0429066555931709 -1.87872466642542 0.15767833278599 0.108807912577056 0.152020010128744
0.815343261641046 0.160788464348661 0.181635655093728 3.12876821374189 -0.0414714015324139 -1.87501440626523 0.156525039654949 0.113239271976756 0.172278141218873
0.814532172110777 0.161016642864495 0.182845998269743 3.12784045059061 -0.0403230207479593 -1.87277800727896 0.155258541752175 0.116318826497994 0.19066519521219
0.814118118608531 0.160985517102377 0.183721494524132 3.12767000764405 -0.0395058162050804 -1.8723246748034 0.153841166626399 0.11760872618678 0.206388541191755
0.814137217198791 0.160684865947652 0.184243537922066 3.12831015188704 -0.039016826548233 -1.87371460498101 0.152254026038954 0.116708897272338 0.218529386354824
0.814551682051471 0.160154228750351 0.184456933910731 3.12966931615359 -0.038789942672392 -1.87666572617 0.150506695347383 0.113413339786345 0.22631711704241
0.8152453266349 0.159482024311691 0.184470628698507 3.13150804750746 -0.0387006404585137 -1.88056161136299 0.14863870831415 0.107841388341974 0.229442982796334
0.81605018609972 0.158784100303127 0.184431974632176 3.13349598471145 -0.0385970034999221 -1.88460062785143 0.146708422052994 0.100453381097018 0.228229518954941
0.816794334118211 0.15817056935151 0.184484882680512 3.13530655549063 -0.0383434602015765 -1.88802423391899 0.14477327825337 0.0919257993145471 0.223534803482932
0.817344587183622 0.157719019299844 0.184734781792452 3.13669763046021 -0.0378535790574198 -1.89029978240953 0.14287187964994 0.0829617340557673 0.216454537680473
0.817624313123206 0.157465766669536 0.185235992576471 3.13754186993335 -0.037098571255463 -1.89117845561856 0.141015733342712 0.0741459434917316 0.208007706867087
0.8176065952287 0.157413013949712 0.185999611122541 3.1378099752665 -0.0360962747516314 -1.89064418410409 0.139190744955223 0.0658984614360822 0.198948220104992
0.817295849627881 0.157542280020833 0.187009885483259 3.13753347839258 -0.0348938876838693 -1.88882044520671 0.137363812692231 0.0585097810650061 0.189723897351443
0.816710612494793 0.157825958229304 0.188238378364152 3.13677123642173 -0.0335544969863136 -1.88589118877339 0.135490623290782 0.0522113302194513 0.180528829465125
0.815874096292156 0.158233587626109 0.189650968374177 3.13559098771611 -0.0321504762427159 -1.88205958787955 0.133524022965643 0.0472409424544534 0.171390838565272
0.814814151514769 0.158732917716266 0.191207246487109 3.13406740049447 -0.0307616144791121 -1.87754443890466 0.131424976003123 0.043875010659904 0.162262972667413
0.813571371631967 0.159287622084661 0.192854584702613 3.13229266132384 -0.0294729552707834 -1.87260154307554 0.129178356156541 0.0424037253393245 0.153110279655485
0.812210876965185 0.159854752006065 0.194521833816486 3.13039088282404 -0.0283663571500351 -1.86754745604032 0.126812140627843 0.0430335114880088 0.143985958419556
0.810828650179169 0.160385969499758 0.196120352686955 3.12852198867737 -0.0275024681286229 -1.86275391867775 0.124410776699195 0.0457350507621558 0.135076171130521
0.809541330807783 0.160835433498015 0.197558927140158 3.12686072255238 -0.0268983756046235 -1.85858806574797 0.122107400226887 0.0501202481222964 0.126680211168982
0.808457010295234 0.161172121757381 0.198769558248772 3.12555186273028 -0.0265161015926254 -1.85531264707305 0.120047471852313 0.0554667582975952 0.119115209961666
0.807642069324037 0.16138866729852 0.199728606343281 3.12466707703381 -0.0262750662395479 -1.85300832996922 0.118340119092036 0.0609271210511366 0.112593694532729
0.807106406429341 0.16149995390541 0.200458061891547 3.12419370440318 -0.0260834425184867 -1.85157569024631 0.117028835683188 0.0658030412223578 0.107154660545103
0.806814438724956 0.161533034027242 0.201007823001135 3.12405976441884 -0.0258681001127255 -1.85080976886744 0.116098001365135 0.0697139697719535 0.102683610454083
0.806709309497108 0.161515806241669 0.201433243682198 3.12417266941059 -0.0255880282174649 -1.85048970895899 0.115503516221553 0.0726005913690008 0.0989852633711079
0.806733950504813 0.161469965353807 0.20178007770561 3.12444854838076 -0.0252319099412896 -1.8504373193437 0.115205942256032 0.074629124781914 0.0958515614616141
0.80684197715201 0.161408752033248 0.202079271307503 3.12482494597058 -0.0248089233516009 -1.85053731949477 0.115194398550232 0.0760860484021749 0.0930950945212796
0.806999986157302 0.161337353282986 0.202348135183821 3.1252613793688 -0.0243402098030149 -1.85073464889401 0.115501195587311 0.0773081814030683 0.090547734096972
0.807185381054601 0.161253872448646 0.202594026063758 3.12573442023998 -0.0238537669721047 -1.85102499452236 0.116211119273825 0.0786489960207799 0.0880349144894784
0.807382823229558 0.16114986464312 0.202818491478343 3.12623151261182 -0.0233823185081703 -1.85144684210591 0.117466496144755 0.08046138157919 0.0853349635621286
0.807580837895866 0.16101049267105 0.203021437671212 3.12674510078359 -0.0229622648675935 -1.85207566676207 0.119462907095299 0.0830714579050575 0.0821327161395558
0.807769200261191 0.160815273905299 0.203205541211152 3.12726731592078 -0.022631165927715 -1.85301506815568 0.12242330578788 0.0867195030509323 0.0779847907928125
0.807937508801068 0.16054109626936 0.2033807337987 3.12778549509278 -0.0224211931514977 -1.85437614050281 0.126536035627115 0.0914573514842285 0.0723298114988822
0.808075377061128 0.160168945875346 0.20356725319263 3.12827976568844 -0.0223477949221652 -1.85623882101628 0.131856603679586 0.0970290076657781 0.0645844536763287
0.808174286506651 0.159693393667485 0.203794484665568 3.12872467418404 -0.022397577893402 -1.85860276092731 0.138211603261022 0.10281599521046 0.0543320674839056
0.808229989548324 0.159129853043256 0.204093940951152 3.12909545961754 -0.0225244420039008 -1.86135546144698 0.145180044967032 0.107942401321308 0.0415228328622264
0.808243336193326 0.158513411430066 0.204489246125375 3.12937577591813 -0.0226608439383365 -1.86428755164593 0.152201199540138 0.111537512401839 0.026539289056238
0.808218183488411 0.157888647872553 0.204989751935633 3.12956131990702 -0.0227393997619243 -1.86715203919129 0.158758317354225 0.113005126497311 0.0100539532884544
0.808157352004361 0.157297485432072 0.205591977822871 3.12965676651233 -0.022710772389187 -1.8697264666515 0.164518658775902 0.112128172357045 -0.00722456351753129
0.808058829771353 0.156772800800025 0.206286707754621 3.12966868425481 -0.0225483199387365 -1.87183934515391 0.169357824879855 0.10898275528306 -0.0247476347895607
0.807913492310212 0.156339509023272 0.207066547668869 3.12959884640105 -0.0222415148859484 -1.87335672532785 0.173292621156533 0.103769574921159 -0.0421810648620601
0.807704202358442 0.156019837716689 0.207930630785092 3.12944025560063 -0.0217857839144336 -1.8741494309839 0.176386259183862 0.0966746770431292 -0.0593446195256479
0.807405854980637 0.155838818374233 0.208885936308355 3.12917599458743 -0.021174615226363 -1.87406269297165 0.178667853657713 0.0878063258031581 -0.0760972811128874
0.806986714071303 0.155827236820673 0.209945617326158 3.12878070386886 -0.0203963852778845 -1.872903012557 0.180076982133334 0.0772088538860929 -0.0922075001669689
0.806412553063864 0.156019868587161 0.211124153418916 3.12822550849322 -0.0194368486548785 -1.87045500852968 0.180433010350373 0.0649450075317188 -0.10722721354285
0.805655841181537 0.156446700143995 0.212428576015693 3.12748811532094 -0.0182880519705216 -1.86654234433554 0.179437037775857 0.0512381202827026 -0.120397401956581
0.804711028793129 0.157116034091186 0.213846142358928 3.12656869303703 -0.01696314154708 -1.86113832603595 0.176728007964197 0.0366422210450508 -0.130649397790449
0.803611985154945 0.157993700317864 0.21533284967351 3.12550713334777 -0.0155118859560049 -1.85449642609574 0.172010902964274 0.0221500263977057 -0.136791558114104
0.802439968778399 0.158991469322394 0.216812182149503 3.1243898359063 -0.0140252484655225 -1.84721491666621 0.165229130656498 0.00910179812015427 -0.137906472466879
0.801308940275109 0.159980605986005 0.218192157746796 3.12333331084059 -0.0126177256632338 -1.84013642800121 0.156680852882642 -0.00116853017363132 -0.133794559815439
0.800329271669082 0.160831380820155 0.219395676948164 3.12244688391372 -0.0113912903841782 -1.83408580738898 0.146969906420602 -0.00779245669796273 -0.125149304326364
0.799571450961746 0.161455338186476 0.220385149495341 3.12179702411094 -0.0104032056885466 -1.82960201656584 0.136799075971101 -0.0106245976251935 -0.113295371262266
0.799052716654011 0.161823378170163 0.221166073968192 3.12139580034734 -0.00965801927590343 -1.82683432987954 0.126746253817104 -0.0101446674202056 -0.0996789332154535
0.798748741681021 0.161955127147447 0.221772455351545 3.12121431750161 -0.00912266771841246 -1.82562286346055 0.117153918050238 -0.00714098133338796 -0.085453887819293
0.798615338314512 0.161895435824949 0.222247931742769 3.12120529756302 -0.00874876029240118 -1.82565570804449 0.108144956970767 -0.00241172504924882 -0.0713308720588419
0.798606151044362 0.161694141106265 0.222632708957386 3.1213208440711 -0.00848912204869323 -1.82659923443044 0.0996995544827537 0.00339555816108121 -0.0576286815654306
0.798681773085341 0.161395035956013 0.222958112186411 3.12152128490997 -0.00830539738785119 -1.82816645438417 0.0917324349336358 0.00981831605425192 -0.0443964883139249
0.798812105499758 0.161032552532017 0.223246186748351 3.12177728900847 -0.00816922848409343 -1.83013554947347 0.0841460217216083 0.0165456895044691 -0.0315186258933855
0.798975145067485 0.160632776545257 0.223511482275051 3.12206862448752 -0.00806028615250283 -1.83234137067506 0.0768607018238903 0.0233630236233001 -0.0187706923207584
0.799154422780412 0.160216310183003 0.223763321315185 3.12238183393158 -0.00796318197956648 -1.83465596556412 0.069832335038769 0.0300942272701031 -0.00582606970554383
0.799336123542009 0.159801788196227 0.224007924174125 3.12270783935021 -0.00786400202973091 -1.83696547344439 0.063067472351543 0.0365446301725653 0.00777864196418936
0.799506208510643 0.159409623983148 0.224250395897024 3.12303967067922 -0.00774644179152623 -1.83914549838595 0.0566445769575607 0.04244000491013 0.0227054899796973
0.799647745535078 0.159065577677238 0.224496872591106 3.12337010701401 -0.00758738611453056 -1.84103658599406 0.0507455159775259 0.0473610902439769 0.0398720001132739
0.79973925977426 0.158802703693575 0.224757087761722 3.12368899359072 -0.00735260707449421 -1.84242752807265 0.0456906684313078 0.0506937497236787 0.0604201313879242
0.799756425242594 0.15865786443917 0.225046941071527 3.12398061950942 -0.00699580425753786 -1.84306944311096 0.0419435692333109 0.0516635529907695 0.0854288450334252
0.799680958741237 0.158656801283376 0.225388850056439 3.12422325255757 -0.00646823880830423 -1.84276054114084 0.0400081492553799 0.0495827409204522 0.11517291984512
0.799517847026841 0.158786670165402 0.225805713372526 3.12439479477598 -0.00574575068551329 -1.84151815344782 0.0401445167154073 0.0443818139177727 0.148051081692773
0.799309732640535 0.158974787586849 0.22630726846869 3.12448572260802 -0.00486256004126331 -1.83973390199203 0.0420092802150238 0.0371351139721707 0.180137731983669
0.799126787432353 0.159107570942849 0.226878822551275 3.12450980653217 -0.00391504173624274 -1.83809318760638 0.0446045281110975 0.0298969625632974 0.206571603874574
0.799030799134629 0.159088976053699 0.227486796711793 3.12449881666306 -0.00301515577598355 -1.83722742734423 0.0467564960653503 0.0246758111114222 0.224132981599565
0.799046718576148 0.15888398777661 0.228097498355584 3.1244845676606 -0.00223470428447956 -1.83741906874864 0.0477014908038717 0.0224844797154766 0.232535223873853
0.799164658382654 0.158512636409989 0.228690495830591 3.1244860139714 -0.00159008417945806 -1.83860254665146 0.0472551773821848 0.0232707994581216 0.233554347046652
0.799358548256279 0.15801884096924 0.22925907967813 3.12450853293809 -0.00106232068387763 -1.84054063515837 0.0456110771799532 0.0264279732019113 0.229482168100534
0.799600887460087 0.157446840158308 0.229804415699591 3.12454902529047 -0.000621253801730117 -1.84297241147418 0.0430924268175258 0.0312657370765136 0.222192415231644
0.799867943556843 0.156833191320866 0.230330158725031 3.12460021544412 -0.00023892735544102 -1.84567012224341 0.0400179659555434 0.0372283669123222 0.212901143939787
0.800138575217828 0.156208602951825 0.230839318893696 3.12465216572923 0.000106483171353144 -1.84843262118479 0.0366728522817199 0.0439354235058882 0.202243668183432
0.800390003777754 0.155604079511941 0.231332620890779 3.12469132475513 0.000431261794822347 -1.85104777026489 0.033338570040996 0.0511516451384208 0.190398451715054
0.800591906286801 0.155059177420912 0.231807310802284 3.12469765710561 0.000748045365139513 -1.85323777904224 0.0303548526739811 0.058740074173188 0.177160301846958
0.800699449443684 0.15463162805014 0.23225581181422 3.12464039347834 0.00106752018817581 -1.85459307299036 0.0282030460675623 0.0666098317457823 0.161964910147039
0.800647588626787 0.15440564932679 0.23266439626518 3.12447413780925 0.0013989963018397 -1.85451438910755 0.0275910887647371 0.0746472244842196 0.143937824246337
0.800354573040989 0.154489123109614 0.233013537608552 3.12414088775657 0.00174867087940138 -1.85223350781044 0.0294657309743434 0.082614019491371 0.122136715640249
0.799750932779962 0.154978604128537 0.233283904500631 3.12358944012287 0.00211438873259349 -1.8470626323507 0.0347770377651101 0.0900293635950897 0.0962325829129654
0.798845449678747 0.155875496606643 0.233471737217053 3.12282095162614 0.00247859221924368 -1.83899114790278 0.0438182690649992 0.0961509546623738 0.0676264819987743
0.797790466729527 0.156998104600613 0.233606565321091 3.12193589347559 0.00280814515418312 -1.82931154855035 0.0554245413760864 0.100245342186233 0.0400652817561137
0.796848991704994 0.158014952434597 0.233748058059194 3.12111455879979 0.00307001009521764 -1.82038201111265 0.0670500260770172 0.102086040410661 0.0182622490651813
0.796245605701675 0.158631270179413 0.233953233345375 3.12051529607627 0.00325219465307022 -1.81429879927965 0.0761730050768435 0.10215947778651 0.00510858957501834
0.796052390767052 0.158740730539552 0.234246716532455 3.12019320843727 0.00336708645542275 -1.81181620228451 0.0816406930938077 0.101297551914394 0.000432386999963702
0.796211643775504 0.158404846961384 0.23462175858072 3.12011267037217 0.00343732512206732 -1.8124932327323 0.0836880873657329 0.100192559099413 0.00220416655560743
0.796620071350535 0.157748610897289 0.235058296154484 3.12020438728355 0.00348260127161674 -1.81543646184169 0.0831726770517537 0.0992245236745607 0.00823000734713421
0.797184708954382 0.156887886534403 0.235536580623792 3.12040450365832 0.003515391235111 -1.81981686924137 0.0809666995055447 0.0985370902440271 0.0169738415311599
0.797837960153952 0.155908106925931 0.236041591091079 3.12066572202058 0.00354207740666183 -1.82502195897302 0.0777367266639917 0.0981604782981058 0.0276508005036329
0.798531948563227 0.154870043224782 0.236562014625844 3.12095382646589 0.0035651510047475 -1.83061626415782 0.0739479407736063 0.0980942565578789 0.0400790083153676
0.799226828093265 0.153824048267356 0.237086916516359 3.12123974192498 0.00358483292242445 -1.8362438565624 0.06994139787804 0.0983469967821923 0.0545378014793894
0.799878044177775 0.152826211774108 0.237601010279444 3.1214907620164 0.00360000256208315 -1.84152154751576 0.0660203620987355 0.0989468263174894 0.0716642165468434
0.800424225071919 0.15195428323024 0.238078713643752 3.12166236647026 0.00360882185440997 -1.8459399063828 0.0625251332878288 0.099927221682023 0.0922970092671124
0.800780860681134 0.151316957107645 0.238478989596512 3.12169455963641 0.00360958175493091 -1.84881524499262 0.0598707473644016 0.101281277618893 0.117094442821126
0.800853285563642 0.15103912774288 0.238747882993524 3.1215223408427 0.00360219341726919 -1.84940047690174 0.0584885821068261 0.102885115815841 0.145791386143048
0.800582497316344 0.151204400606812 0.238838647880642 3.12110902144023 0.0035899036539055 -1.84725664347817 0.0586192628273847 0.104440454893901 0.176394631130497
0.800003297877347 0.151778513836428 0.238745372410273 3.12048608616377 0.00357931985021751 -1.84270834813738 0.0600634933277009 0.105541440754137 0.205328355675222
0.799248423041619 0.1525985649424 0.238517594787386 3.11975245236005 0.00357730772248434 -1.83685096813731 0.062191685119311 0.105883551659037 0.229148157816835
0.798473473245425 0.153465429679793 0.238231857967476 3.1190186630497 0.00358721045611304 -1.83093139357442 0.0643020833695825 0.105423767081925 0.246415055788958
0.797778525889558 0.154245891965395 0.237949199302921 3.11835237120178 0.00360816714733241 -1.82572750653142 0.0659671537290735 0.104332378641765 0.257859817713881
0.797193119734317 0.154896052095845 0.237698332153557 3.11777046396099 0.00363720455496556 -1.82144684824735 0.0670816972743148 0.102836727399847 0.265196497335517
0.796705109084411 0.155426945218128 0.237484136267902 3.11726128373065 0.00367133340430437 -1.8179693312975 0.0677204591894331 0.101116684419052 0.27005512553805
0.796290824977666 0.155866374507911 0.237301668055946 3.11680639180569 0.0037084415101749 -1.81509036778156 0.0680002459683419 0.0992815469699399 0.273585692229832
0.795931165344493 0.156237884340969 0.237145357558549 3.11639179247839 0.00374736751045904 -1.81264665260572 0.0680105709098709 0.0973852237672245 0.276485991203263
0.795617109833659 0.156553280023775 0.237013158298246 3.1160117180036 0.00378774306472154 -1.81055644285656 0.0677935134915747 0.0954456233975156 0.279146213516246
0.795350796879078 0.156811114565978 0.236908085959627 3.11566955938906 0.00382990114267966 -1.80882453084423 0.067344778821392 0.0934567127029689 0.281770802570157
0.795145638411903 0.156996692203884 0.236838864388276 3.11537845244877 0.00387493523224049 -1.8075395948376 0.0666215769391315 0.0913927872065488 0.284445826483375
0.795026414960273 0.157082285961423 0.236820232896152 3.11516213836564 0.00392489711844203 -1.80687136919236 0.0655545686491835 0.0892075730138134 0.287156166987245
0.79502853132899 0.157028434110582 0.236872509401443 3.1150553099851 0.00398304928958393 -1.80706176278069 0.0640677362203656 0.0868317192898594 0.289763716557681
0.795194263600073 0.15678874678838 0.23701923813375 3.11510137935307 0.00405397896749531 -1.8083946492522 0.062112259910501 0.0841736835800379 0.291962809573963
0.795563239518692 0.156321228383712 0.237281468169904 3.11534476760833 0.00414324383313514 -1.81112577939249 0.0597162257699529 0.0811307692666556 0.293243792839688
0.796156131005471 0.155606965457657 0.237668319873674 3.11581596305944 0.00425619830810857 -1.81536777214837 0.0570376448131549 0.0776160165246764 0.292915826810648
0.796956133262062 0.154670579783101 0.238166773873246 3.1165125910902 0.00439600974454072 -1.82096491718974 0.0543875747127947 0.0735979841507455 0.290238265890509
0.797899704935049 0.153589308148687 0.238737384118222 3.11738696518736 0.00456167176812445 -1.82743862168779 0.0521850588040094 0.0691350115582874 0.284649285735899
0.79888747519854 0.152478935295143 0.239321797821324 3.11835188642404 0.00474738874857392 -1.83407533988466 0.0508424321729097 0.0643782260484137 0.275978138696595
0.799812851388417 0.15146045628001 0.23985994223083 3.11930510939306 0.00494404664449458 -1.84013223171915 0.0506404881924728 0.0595355784721407 0.264492750801655
0.800591059318293 0.150627632770451 0.240306555807151 3.12015770701896 0.00514187964706729 -1.84503610694566 0.0516700045047669 0.0548213868671162 0.250743392715832
0.801172177840596 0.150033596199835 0.240637927231549 3.12084965977263 0.00533260802697082 -1.84846444942876 0.0538619558693511 0.0504275047703038 0.235311602382004
0.801536012227342 0.149697945147246 0.240848223357001 3.12134823384843 0.00551005849036097 -1.85030034340656 0.0570652129882087 0.0465337039893257 0.218604598069952
0.801677731413114 0.149623538971328 0.240940851013441 3.12163613577861 0.00566948747914379 -1.85052798866187 0.0611172556917357 0.043351836733547 0.200755638012169
0.801593933445113 0.149811832123728 0.240920215937194 3.12169867037814 0.005806388969296 -1.84913712254808 0.0658780212728579 0.0411897175808579 0.181616641626545
0.801274954920845 0.150270125398895 0.240786626030057 3.12151638431075 0.00591554634125478 -1.84607656977982 0.0712199223737304 0.0405182860599827 0.160821670788601
0.800707175726232 0.151006471904296 0.240535626044396 3.12106802884413 0.00599105570380576 -1.84128292459025 0.0769746738376792 0.0420100784828761 0.137940049306725
0.79988924404637 0.152008236580657 0.24016324197849 3.1203488109378 0.00602820450279819 -1.83480993916654 0.0828442621234946 0.046477813474016 0.11277625952857
0.798862905493383 0.153205495645373 0.239678132349461 3.11940486595416 0.00602782547409771 -1.82705457024846 0.0883144764755898 0.0546075606050183 0.0858292109160042
0.797743975742654 0.154439564675031 0.239116466058876 3.11836741512335 0.00600171053368031 -1.81895972833261 0.0926685605375825 0.0664628667321198 0.0586984720086993
0.796717485392661 0.155479803420192 0.238545767333687 3.11744584795344 0.00597398658900804 -1.81192852545171 0.0952039809692334 0.0810413456263485 0.0339337041774062
0.795972320053603 0.156110648515725 0.238044499978759 3.1168524921712 0.00597344116750338 -1.8073029325337 0.0955790473828421 0.0964172190348968 0.014034598321834
0.795615417883882 0.156231095526653 0.237667813994417 3.11670546741023 0.00602059390541086 -1.80574663216333 0.0939917886238256 0.11058176233374 0.000244468766921701
0.795640884777648 0.155878323204993 0.237429227899929 3.11699488953967 0.00612065961170326 -1.80707834148148 0.0910141851780056 0.122289431419848 -0.00780075404837509
0.795968101759527 0.155170900270563 0.237309784446044 3.11762715402656 0.00626683008664756 -1.81060325420218 0.0872723831521131 0.131251093027811 -0.0114540986100184
0.796497722567061 0.154239508154206 0.237278560328443 3.11848865199503 0.00644789699729876 -1.81553546315582 0.0832432659348018 0.137786555442124 -0.0122455759696378
0.797144727467096 0.153191125558328 0.237307514734201 3.11948287580304 0.0066537918866667 -1.82122398242438 0.0792268225378517 0.14239576668267 -0.0114372704803504
0.797845340102428 0.15210565597137 0.237377115078256 3.12053773676003 0.00687760294428682 -1.82718081329721 0.0754121924291822 0.145488429446194 -0.00995569594761875
0.798550073301755 0.151048181723304 0.237476437412502 3.12159714861503 0.00711531872136327 -1.83301095680321 0.0719634974901892 0.147265413989974 -0.00851004423859802
0.799212496744682 0.150085182822118 0.237601312601443 3.12260764703267 0.00736445056531228 -1.83831569049595 0.0690983926965393 0.147677210084102 -0.00775717327020612
0.79977843664968 0.149298958602764 0.237751948580748 3.12350521173819 0.00762185118056561 -1.84260442781745 0.0671527127696164 0.146417407811848 -0.0084470418973429
0.800179672990433 0.148793989465232 0.237929849027709 3.12420690328097 0.00788063373229984 -1.84525225145456 0.0666111657619309 0.142969185041752 -0.0114916037599317
0.800339676456607 0.148683193729192 0.2381333119345 3.12461647491051 0.00812671122720437 -1.84557467022905 0.0680468428869393 0.136780143166243 -0.0178564437052034
0.800200722826632 0.149040770649184 0.238352008894348 3.1246561517596 0.00833749459733143 -1.8431014906183 0.0718949707189792 0.127633847552712 -0.0281658177516129
0.799768384590002 0.149832287974252 0.238564432483782 3.12432169664644 0.00848704578137129 -1.83799397284966 0.0780926305511296 0.116098058562307 -0.0421158270420953
0.799138177034471 0.150881466524643 0.238743562359585 3.12371927256492 0.00855829871483597 -1.8312580095058 0.0858650956316764 0.103626995460057 -0.0582016974236715
0.798463351505499 0.151933722213196 0.238869405105205 3.12303165443441 0.00855334324821277 -1.82438773417545 0.0939837365674727 0.092000165214514 -0.0742638973176369
0.7978811015553 0.152777564298315 0.238937658037814 3.12242980276632 0.00849122923256864 -1.81865118275004 0.101354392788304 0.0824948260172349 -0.0885166187445248
0.797462754368955 0.153316734193307 0.238957416881949 3.12200877326537 0.00839608109316389 -1.81464962101165 0.107412172221936 0.0755162148520676 -0.100150970749292
0.797216448616661 0.153556277863944 0.238942936987483 3.12178666936382 0.00828703070236055 -1.81238379783583 0.112097221413931 0.0708134908783883 -0.109206629327334
0.797116302847313 0.153551047168521 0.238907243175157 3.12173804606275 0.00817521841101755 -1.8115512210749 0.115620278800118 0.0678799915725563 -0.116124692441862
0.797128139335411 0.153364409901708 0.238859864175362 3.12182521333152 0.00806537230559681 -1.81179088568723 0.118256306558318 0.0662308915188068 -0.121381699416455
0.797222813765212 0.153048816207612 0.238807149492476 3.12201531647943 0.00795839569689784 -1.81280186736407 0.120235963958273 0.0655194567946632 -0.125293999367238
0.797380494787288 0.152641173822553 0.23875342405515 3.1222864802009 0.0078533908948909 -1.81437476524688 0.121705890965717 0.0655635221854631 -0.127918780480582
0.797590579604323 0.152165081835079 0.238702135972407 3.12262846784446 0.00774907010679523 -1.81638249067821 0.122716766956168 0.0663446076012646 -0.128965447283355
0.797849510417369 0.151636256787642 0.238656723020183 3.12304049847744 0.00764511572778452 -1.81875221574566 0.123215869930932 0.0680044605098737 -0.127671324354848
0.798156122879444 0.151071157843229 0.238620974377577 3.1235254091206 0.00754420432066281 -1.82141746567735 0.123043865661497 0.0708237665360826 -0.122674031302323
0.798502417127272 0.150499948469545 0.238598336442394 3.12407671333845 0.00745500505879477 -1.82423916070295 0.121966737109253 0.0751188593251574 -0.112083312178839
0.798859605661973 0.149980015762908 0.238589417027156 3.12465748560836 0.00739451218906659 -1.82690902794421 0.119805616653425 0.0809649770194941 -0.0941918316160032
0.799169922163579 0.149593025355643 0.2385883908489 3.12518557688813 0.00738455378641483 -1.82893304331157 0.116681275906035 0.0877968888946013 -0.069069556649398
0.799365271361685 0.14940650506952 0.238582644861377 3.12555765323927 0.00743883436108273 -1.82983516056359 0.113170851189601 0.0943233139715422 -0.0398796991765996
0.799409976780913 0.149424472789835 0.238559434738807 3.12571270417818 0.00755070222612014 -1.82948171015935 0.110064802434687 0.0991764890486695 -0.0116926459241659
0.799321376228391 0.149587550864588 0.238513773304039 3.12566791781226 0.00769783416858823 -1.82814949833405 0.107883077044337 0.101742657267517 0.0116590932288926
0.79914628347368 0.149821371202477 0.238448947237412 3.12548843846615 0.00785830075731349 -1.82626886593398 0.106687170533093 0.102258602941206 0.0291939295646795
0.798928858316072 0.150074203116368 0.238371643324252 3.12523980590142 0.00801997921232445 -1.82417796862896 0.10626159992406 0.10132349426865 0.0419096019922301
0.798698195009928 0.150321658478016 0.238288135764706 3.12496743338724 0.00817998006965244 -1.82206423560207 0.106340241508082 0.0994855963352165 0.051354303839357
0.798471118535232 0.150556322983489 0.23820330835106 3.12469921691206 0.00834099261737492 -1.82001217750463 0.106710300616334 0.0971066761689687 0.0588690620669185
0.798258794487666 0.150777929253903 0.238121222805544 3.1244549024185 0.00850891844548734 -1.81806208278151 0.107223685671056 0.0943789510507083 0.0654328038335107
0.798072386575871 0.150987698037885 0.238046119621712 3.12425471759988 0.00869237780020004 -1.81625049545017 0.107774463817792 0.0913753309679517 0.0717556908103259
0.797927493004636 0.151185518935492 0.237983478045862 3.12412649061176 0.00890347413344048 -1.8146366770008 0.108270599458711 0.0880892323419723 0.0784211069759228
0.797848048892548 0.15136825517484 0.237941051108971 3.1241120244793 0.00915908573767904 -1.81332386595954 0.10860665115143 0.0844613724043937 0.0860086839932499
0.797869505347142 0.151528187140337 0.237929618359744 3.12427207422789 0.00948158460573588 -1.81247827420057 0.10863807449602 0.0804066073845257 0.0951716987147958
0.798038767083807 0.151651562454993 0.237962562022175 3.12468535894865 0.00989668082471038 -1.81233647541056 0.108163002565775 0.0758621661239628 0.10662246534243
0.798404640166 0.151718679917074 0.238052378598507 3.12543089277703 0.0104243787634313 -1.81317167654615 0.106932998957532 0.070880124436085 0.120933082993515
0.798991016625265 0.151708740091792 0.238202158492476 3.1265410831875 0.0110599153717926 -1.81517493423937 0.104731215192112 0.0657575353573785 0.138071518612035
0.79975704245466 0.151611909215044 0.238394253532673 3.12793481788707 0.0117518541404597 -1.81825365471811 0.101531868624779 0.0611077194624008 0.156840899195417
0.800578912817514 0.151442784597415 0.238587251573289 3.12939133260453 0.0124024160450619 -1.82189874792884 0.0976401207217047 0.0577009091353097 0.174845853468943
0.801294786594231 0.151239907921924 0.23873230177078 3.13063296680558 0.0129091665853801 -1.82534476981718 0.0936206804106098 0.056071282891051 0.189496798862419
0.801788595473719 0.151046245463663 0.238798539025411 3.1314691679869 0.0132186007975868 -1.82796411191559 0.0900079032151222 0.0562330163899526 0.199361120104381
0.802032995806779 0.150888959919489 0.23878335290484 3.13186455791085 0.0133402930949666 -1.82952142930704 0.0870705362079098 0.0577835983403178 0.204566913512308
0.802066356850707 0.150775284790657 0.238702860461603 3.13189405901495 0.0133198242214142 -1.83011399675885 0.084810421057437 0.0602152762193483 0.206159964119926
0.801948418886819 0.150700398482975 0.238577832571441 3.13166530095008 0.0132072152123817 -1.82997562609272 0.0830941484460249 0.0631314639759062 0.205308016780707
0.801732081230849 0.150656216655359 0.238425808812983 3.13127135435557 0.0130417449108161 -1.82933237732876 0.0817683280682037 0.0662994336373785 0.202886776966045
0.801454813184353 0.150636521819082 0.238259456367383 3.13077768388651 0.0128504560781323 -1.82834575534913 0.0807146822501852 0.0696213179401972 0.1993920902647
0.80114012723387 0.150639165771554 0.238087888614569 3.13022606757177 0.0126522463461669 -1.82710599797002 0.0798659806120649 0.0730955335427476 0.194973025277599
0.800801989879203 0.150667051135331 0.237918805726147 3.12964330513046 0.0124629593815373 -1.82564163978881 0.0792095540288856 0.076794521063321 0.18946172210823
0.800449650121579 0.150728766686837 0.237760734571819 3.12905064610703 0.0123000947488132 -1.82393206832917 0.078793567541292 0.0808573435143705 0.182364406532612
0.800093097870759 0.150838514175564 0.237625167794708 3.12847433666624 0.0121866979318883 -1.82192611836352 0.0787405079485823 0.0854809428215187 0.172840952975597
0.799750333153767 0.151013288851157 0.237527976833992 3.12795865738819 0.0121529183892401 -1.81958274803148 0.0792599020938217 0.0908767073892849 0.159777983038247
0.799456379359346 0.151263348109759 0.237488032379763 3.12757931412755 0.0122308822252468 -1.81695700517412 0.0806296963062821 0.0971393743350323 0.14217318668259
0.799268451487756 0.151573028276433 0.237519382089604 3.1274443667198 0.0124364513678445 -1.81433011939712 0.0830890829767435 0.103997181785461 0.120066535937101
0.799253392828562 0.15188065315345 0.23761615006224 3.12765883099876 0.0127396444363071 -1.81228618611174 0.0866170317176796 0.110572642030845 0.0957590581407211
0.799449541136876 0.152085849864847 0.237741689217889 3.12825098552333 0.0130507998487929 -1.81154255704153 0.0907466335254648 0.115525029531614 0.0739610509990193
0.799831249167384 0.152100734871331 0.237841275195018 3.12912566395855 0.0132571860593781 -1.81253032800249 0.0947058554323944 0.117747095894305 0.0596322819361563
0.800320712347311 0.151901930193784 0.237873397066713 3.13011383054121 0.0132878936624573 -1.81512641432607 0.0978583889863502 0.117008011287894 0.0551369748337084
0.800835976655294 0.151529211026558 0.237827570143347 3.13106923272783 0.0131401380266258 -1.81881970035259 0.0999941248598075 0.11386501681912 0.0596789592296807
0.801323009775978 0.151046646723232 0.237716829461056 3.13191435346806 0.0128545371540746 -1.82304497378189 0.101258301813652 0.109112745790159 0.0709127703857332
0.801755172108703 0.150512641418536 0.237562351120034 3.13262476491453 0.0124815038497818 -1.82735564641355 0.101943479630825 0.103381488479992 0.0865600751207187
0.802118308226226 0.149972978937282 0.237384457904378 3.13319579521441 0.0120650442636719 -1.83141212681432 0.102357232473978 0.0970381153350846 0.105059092760151
0.802396729092101 0.149467103683985 0.237200856895518 3.13361771779663 0.0116419208392783 -1.83489380315473 0.102791133103219 0.0902456496459054 0.125547523287948
0.802563708517117 0.149037981776753 0.237028445231482 3.1338621179665 0.0112474925880939 -1.83740423740029 0.10354174029665 0.0830650708518536 0.14760770170808
0.802576694780746 0.148740560149004 0.236885823519852 3.13387730207847 0.0109226461714445 -1.83840306961703 0.104936756209763 0.0755767077463833 0.170931171289226
0.802381070030901 0.148643251909451 0.23679417699754 3.13359714316584 0.010717343099802 -1.8372198095504 0.107320142739187 0.0680444713559351 0.194878250510634
0.801932407119459 0.148811404960413 0.236773183534026 3.13297635023453 0.0106832647031248 -1.83326449525684 0.11093513678305 0.0611183055217822 0.217932010598071
0.801244261463776 0.149261888028319 0.236828837130187 3.1320586903553 0.0108467705641424 -1.82653034555756 0.115674229906188 0.0559323707496088 0.237366287226139
0.800436051679541 0.14990724127949 0.236938157757634 3.13103682114951 0.0111700185978458 -1.81814766734147 0.120848622221558 0.0537972324760293 0.249876774919546
0.799712714226843 0.150557687636896 0.237049581217005 3.13020856643271 0.0115427470556185 -1.81025187229793 0.125343387899683 0.0554334920415106 0.253413151507083
0.799255609404767 0.151018981738358 0.237109754601098 3.12981561392507 0.0118373791416898 -1.80485991655115 0.128229341199876 0.0604334035511934 0.248631585110306
0.799128951557366 0.151196489923372 0.237092350287316 3.12992202985727 0.0119792442324433 -1.80280953094719 0.12924175935936 0.0676151282825701 0.238225539505366
0.799289450947824 0.151105007988063 0.23700109598339 3.13044396372016 0.0119627323221741 -1.80376905280483 0.128687036681852 0.0758161752083215 0.225051515459885
0.799652503519032 0.150812166243605 0.236854399481251 3.13124987637051 0.0118209911331199 -1.80690490459446 0.127069991547301 0.0843352315421597 0.21099112013626
0.800140697161512 0.150388609155459 0.23667168288638 3.1322270983671 0.0115941845942543 -1.81141064051545 0.124841556242602 0.0929293625290094 0.196898108793084
0.800698464200083 0.149888672323339 0.236468089464407 3.13329854000539 0.011314983415008 -1.81668654758877 0.122336765522358 0.101662996786466 0.182963374431671
0.801287994263751 0.149350741615775 0.236254707998505 3.134414204428 0.0110067879962627 -1.82231207940756 0.119812818930896 0.11079676474145 0.169027913735788
0.801879043024324 0.148805103233223 0.236041060001604 3.13553543716458 0.0106873735472324 -1.82794546624343 0.11751739662241 0.120742858321901 0.154742739591899
0.802436823503095 0.148284240321163 0.235838569542741 3.1366168217189 0.0103745184556632 -1.8332007566452 0.115760511085073 0.132035912859792 0.139631433253919
0.802908647342825 0.147834166515312 0.235664649728762 3.13758537861006 0.0100926742971647 -1.83751602666288 0.114969953937514 0.145215824239599 0.123157265233194
0.803213598917028 0.147522813567425 0.23554583928266 3.13832189392541 0.00987880420442839 -1.84006366572726 0.11567186668534 0.160461734403142 0.104934221543889
0.803251399613742 0.147432026845415 0.235514613049945 3.13866779914634 0.00978032489213694 -1.83986956814563 0.118278532825355 0.176886491251647 0.0852012895123819
0.80295347129758 0.147614912013441 0.235592478645392 3.13849627916444 0.00983396219509053 -1.83635377570446 0.122638886969959 0.191926932641849 0.0653604689380487
0.802358576200892 0.148034753410718 0.23576552636208 3.13783218541655 0.0100307920641127 -1.83006310462586 0.127719625368031 0.202004736213262 0.0477857833527447
0.801621672445371 0.148561008476503 0.23598234876823 3.13688599572129 0.0103075578590868 -1.82266338237875 0.132035341293628 0.20472118871064 0.0344627492651601
0.800916144713311 0.149051885021827 0.236186509114481 3.13592083168544 0.0105869950486968 -1.8158889406875 0.134573412454778 0.200332497091001 0.0257627071341448
0.800339752137387 0.149430483575897 0.236346941642018 3.13510311537229 0.0108216762930883 -1.81063249111968 0.135178622154066 0.190887011566462 0.0207078677122423
0.799908855492941 0.149687248467563 0.236459239730417 3.13447833297904 0.0110003828518438 -1.80695979971024 0.134218389286802 0.178560883568196 0.0180121655373355
0.799600034384963 0.149844761649716 0.236531786653762 3.13402600879536 0.0111315624384445 -1.80456422169541 0.132144628538975 0.164845779090869 0.0167321094993489
0.799384090777675 0.149930081015783 0.236574670648505 3.13371093766345 0.0112284504150947 -1.80310826277096 0.129281127340878 0.150553854447592 0.0163878336614133
0.799240994607697 0.14996327421219 0.236594905691367 3.1335082182843 0.0113022131658812 -1.80236145923418 0.12578166066205 0.136079674134148 0.0168803251566169
0.799164059149405 0.149954985720343 0.236595124191882 3.13341187273562 0.0113600424551721 -1.80223051377695 0.121645143021714 0.121639444051928 0.0184155770123235
0.799160747691407 0.14990688438068 0.236573253009977 3.13343770656811 0.0114048619294826 -1.80275847259514 0.116734842830212 0.107451892630295 0.0214889544544737
0.799252690527609 0.149812624368883 0.236522231268198 3.13362435635124 0.0114349346622433 -1.80411901885643 0.110800891691489 0.0939030493854733 0.0269032106157645
0.799473063507744 0.149659796840936 0.236430224454825 3.1340294201009 0.0114429236080406 -1.80659031691963 0.10354460000214 0.0817264078049401 0.0357261511738377
0.799854922861778 0.1494356393253 0.236283380476986 3.1347098641446 0.0114153206431002 -1.81045285268573 0.094797108233047 0.0721449987622895 0.0489936829742666
0.800402924825498 0.149139754939963 0.236074175738102 3.13567388009052 0.01133517759923 -1.81574560232174 0.0848569736678506 0.066743987458087 0.066937141362721
0.801056371614613 0.148800175930439 0.235814461995698 3.13681784150976 0.0111914726521647 -1.8219479616661 0.0748058349900833 0.066753411031279 0.0879447135496513
0.801685394333144 0.148474455407141 0.235540845101541 3.1379198590697 0.010991293345743 -1.82794577558677 0.0663018102588885 0.0719609903878457 0.108425334785738
0.802154414872437 0.148221475064369 0.235298307792169 3.13874828871133 0.0107606833552431 -1.83257490089438 0.060677699794398 0.0804387252797722 0.124563556086429
0.802399792632767 0.148067889915408 0.235114202281196 3.13919444514189 0.0105291318996049 -1.83528753421991 0.0581912497886499 0.0897124756441523 0.134515157393315
0.802440656188583 0.148004249835411 0.234989935267602 3.13929111295859 0.0103144480765303 -1.83624587821916 0.0581986980359491 0.0981100440025079 0.13875405768216
0.802334785058497 0.148004780178719 0.234911923692902 3.13913717665282 0.0101210071486273 -1.83594379412105 0.0598098217966361 0.105069652118284 0.138857345674489
0.802138558148932 0.148044938077017 0.23486439831236 3.13882926274945 0.00994603769372168 -1.8348623410058 0.0623182016494779 0.110710952449255 0.136373736069143
0.801892309397775 0.148107822451899 0.234835418585562 3.13843690497818 0.0097855396148033 -1.83334222079252 0.0652928724556392 0.115375506334852 0.132387848150359
0.801621465859094 0.148183967844854 0.234817840604139 3.13800486201641 0.00963761824763604 -1.83158999251711 0.0685194184503967 0.119384795186991 0.127515427525169
0.801342386446699 0.148269566535945 0.234808627518609 3.13756377746281 0.00950449635613438 -1.82972170216545 0.0719283175539067 0.122960669537505 0.122010396616757
0.801068369903864 0.148365298659045 0.234808277951363 3.13714159441328 0.00939474213201181 -1.82780324919692 0.0755539062322595 0.126214110033623 0.115842909667487
0.800815229779781 0.148476189016828 0.234820860784622 3.1367747707316 0.00932657293750425 -1.82588086363516 0.0795222343555168 0.129147795997217 0.108724118823407
0.800606770809785 0.148612079292278 0.234854414822828 3.13651952431499 0.00933193627036971 -1.82400635877842 0.0840477426660562 0.131653626353101 0.100112510299663
0.800479274220821 0.148787436378508 0.234920683939337 3.13646005546136 0.00945854725319916 -1.82226193099101 0.089399506074514 0.133513473136592 0.0892944314511497
0.800480511918857 0.149017818767997 0.235031971315601 3.13670233342514 0.00976226650802912 -1.82078096611078 0.0957722047428479 0.134442292115085 0.0757038820476822
0.800654193730752 0.149309619451173 0.2351923910438 3.13733271746261 0.0102783154409328 -1.81974260483946 0.103008187904997 0.134238134394527 0.0596290552643031
0.801004603080414 0.149644438946225 0.235384934545602 3.13833374304067 0.0109713326662228 -1.81930317447689 0.110275226381265 0.13305110375617 0.0430613231411177
0.801462653706795 0.149972376548007 0.235566558621332 3.13951399674186 0.0117041064073145 -1.81946995697508 0.116095399544703 0.131575432013051 0.0296859017779863
0.801900294998335 0.150231922716495 0.235685688007976 3.1405598046162 0.0122850557990149 -1.82003059354365 0.119027345814948 0.130838514359888 0.0231924370325338
0.80219853924826 0.150385211115209 0.235711782234302 3.14120365882992 0.0125745997878195 -1.8206472292204 0.118493314117977 0.131653413752636 0.0251326007176619
0.802302676886534 0.150433668994317 0.235647627446951 3.14134402668605 0.012545419132768 -1.82102732538263 0.11491789930951 0.134273783307692 0.034474280137236
0.802220932748526 0.150405758903769 0.235518379424908 3.14102688803346 0.012257135581334 -1.82100591558591 0.109237737529676 0.138488904635879 0.0487916908972572
0.801993869734312 0.150338389766548 0.235356017203807 3.14036671689639 0.0118032389547293 -1.82052293228648 0.102432897116993 0.143874451066247 0.0654656224261359
0.801671620504181 0.150266806460963 0.235191427029369 3.1394938634905 0.0112797043881066 -1.8195789750214 0.0953749234177739 0.149924960868061 0.0821237741032853
0.801307731874438 0.150221470677102 0.23505250346806 3.13854333424746 0.0107772256212064 -1.81822571478628 0.0888789213520147 0.156037887422363 0.0966035355368277
0.800961010790897 0.150225137011842 0.234962143353097 3.13766087944619 0.0103787523518677 -1.81659636021051 0.0837557638180445 0.161455016655085 0.106962318045723
0.800692600098081 0.150286155596335 0.234932098750342 3.13699485335582 0.010145997028718 -1.81494001207436 0.080701951817272 0.165318380326564 0.111895343159942
0.80054964274484 0.150391548241933 0.234955143017826 3.13665447663719 0.0100942685161152 -1.8135901243192 0.0800037126302157 0.166953263193945 0.111457643427779
0.800543551264609 0.150510147621602 0.235005249518802 3.13665734910494 0.0101796515690505 -1.81283231565429 0.0813055233133535 0.166236909014784 0.107331574099099
0.800646206716254 0.150609051505525 0.235051020249123 3.13692438287749 0.0103232141492541 -1.81276535231123 0.083774195077275 0.163670336858049 0.102002450506869
0.800811445916347 0.150669808723889 0.235071597478501 3.13733659691707 0.0104556019204552 -1.81329148114976 0.0865675917462832 0.160034381560014 0.0974590924887965
0.801000237099712 0.150691127731982 0.235061555203861 3.13779736536842 0.0105421795780125 -1.81422361729234 0.0891702993480549 0.155983715989474 0.0945716339539267
0.801190598305608 0.150681426405655 0.235025580890372 3.13825462185111 0.0105786790055485 -1.81538971113001 0.0914108019169672 0.151888458837297 0.0933251962567657
0.801374427157337 0.150651040176028 0.234971502091883 3.13869095151466 0.0105755341503626 -1.81667362877549 0.0933168373790489 0.147888174035807 0.0933207403947727
0.801550939250291 0.150608324538147 0.234906270231068 3.13910643934225 0.0105459473393062 -1.81801052683085 0.0949823614352046 0.144000354932746 0.0941217715067838
0.801721916235663 0.150558847317667 0.234834763134165 3.13950678737937 0.0105006141321946 -1.81936880611288 0.0964980631579967 0.140198862366614 0.0953928558403052
0.801889395599307 0.15050590374998 0.234759971100229 3.1398977718277 0.0104466711359999 -1.8207347192147 0.0979293750065025 0.13645222362078 0.0969168612631436
0.80205490631324 0.15045128456322 0.234683562968439 3.14028355867819 0.0103883412460433 -1.82210292120373 0.0993167983932215 0.132736521153731 0.09856798896455
0.802219401738498 0.150395898007685 0.234606403409261 3.14066669238419 0.0103279109778178 -1.82347159789069 0.10068290980403 0.129036773325765 0.100279231864629
0.802383410114654 0.150340177652122 0.234528912574722 3.14104856408623 0.0102665309721915 -1.82484025202597 0.102039296139074 0.125344667644975 0.102017332318332
0.802547199135391 0.150284319176868 0.23445128299068 3.1414298718095 0.0102047440283172 -1.8262088068919 0.103391496316173 0.12165599359136 0.103766796500647
0.802710894786501 0.150228406294419 0.234373598126206 3.14181094135815 0.0101427914461946 -1.82757728751055 0.104741992887089 0.117968773380893 0.105520820426726
0.80287455266228 0.150172473003103 0.234295892292456 3.14219191539323 0.0100807746776938 -1.82894572638628 0.106091833261983 0.11428213728004 0.107276580396502
0.803038195926869 0.150116532423237 0.234218178881638 3.14257285287942 0.0100187341770208 -1.83031414469382 0.10744143441428 0.110595724831619 0.109032967316166
0.803201833750373 0.150060589367826 0.23414046286222 3.14295377694367 0.00995668528175938 -1.83168255359793 0.108790953148556 0.106909394462437 0.110789568649654